Symbol,Name
BUYZ,Franklin Disruptive Commerce ETF
BUZZ,VanEck Social Sentiment ETF
BVAL,Exchange Traded Concepts Trust Bluemonte Large Cap Value ETF
BWET,Amplify Commodity Trust Breakwave Tanker Shipping ETF
BWOW,Bitwise Dogecoin ETF Bitwise Dogecoin ETF
BWQG,EA Series Trust BWM Quality Growth ETF
BWTG,ETF Opportunities Trust Brendan Wood TopGun Index ETF
BWX,State Street SPDR Bloomberg International Treasury Bond ETF
BWZ,State Street SPDR Bloomberg Short Term International Treasury
BYLD,iShares Yield Optimized Bond ETF
BYRE,Principal Exchange-Traded Funds Principal Real Estate Active O
BZQ,ProShares UltraShort MSCI Brazil Capped
CAAA,First Trust AAA CMBS ETF
CAFG,Pacer US Small Cap Cash Cows Growth Leaders ETF
CAFX,Professionally Managed Portfolios Congress Intermediate Bond E
CAGE,Calamos ETF Trust Calamos Autocallable Growth ETF
CAIE,Calamos ETF Trust Calamos Autocallable Income ETF
CAIQ,Calamos Nasdaq Autocallable Income ETF
CALF,Pacer US Small Cap Cash Cows ETF
CALI,iShares Short-Term California Muni Active ETF
CAM,AB Active ETFs Inc. AB California Intermediate Municipal ETF
CAML,Professionally Managed Portfolios Congress Large Cap Growth ET
CAMX,The Advisors Inner Circle Fund Cambiar Aggressive Value ETF
CANC,Tema Oncology ETF
CANE,Teucrium Sugar Fund ETV
CANQ,Calamos Nasdaq Equity & Income ETF
CAOS,EA Series Trust Alpha Architect Tail Risk ETF
CAPE,DoubleLine ETF Trust DoubleLine Shiller CAPE U.S. Equities ETF
CARD,Bank Of Montreal MAX Auto Industry -3x Inverse Leveraged ETN
CARK,The Advisors Inner Circle Fund II CastleArk Large Growth ETF
CARU,Bank Of Montreal MAX Auto Industry 3x Leveraged ETN
CARY,Angel Oak Income ETF
CARZ,First Trust S-Network Future Vehicles & Technology ETF
CAS,Simplify Exchange Traded Funds Simplify China A Shares PLUS In
CATF,American Century ETF Trust American Century California Municip
CATG,Themes ETF Trust Leverage Shares 2X Long CAT Daily ETF
CATH,Global X S&P 500 Catholic Values ETF
CAUG,Corgi ETF Trust I Corgi U.S. Equities 15% Structured Buffer ET
CBIL,Corgi 3-12 Month T-Bill ETF
CBLS,Elevation Series Trust Clough Hedged Equity ETF
CBOA,Calamos ETF Trust Calamos Bitcoin Structured Alt Protection ET
CBOJ,Calamos ETF Trust Calamos Bitcoin Structured Alt Protection ET
CBOL,Calamos ETF Trust Calamos Laddered Bitcoin Structured Alt Prot
CBON,VanEck China Bond ETF
CBOO,Calamos ETF Trust Calamos Bitcoin Structured Alt Protection ET
CBOX,Calamos ETF Trust Calamos Tax-Aware Collateral ETF
CBOY,Calamos ETF Trust Calamos Bitcoin Structured Alt Protection ET
CBRG,Themes ETF Trust Leverage Shares 2X Long CBRS Daily ETF
CBRX,Investment Managers Series Trust II Tradr 2X Long CBRS Daily E
CBRZ,Investment Managers Series Trust II Tradr 2X Short CBRS Daily
CBSE,Elevation Series Trust Clough Select Equity ETF
CBTA,Calamos ETF Trust Calamos Bitcoin 80 Series Structured Alt Pro
CBTJ,Calamos ETF Trust Calamos Bitcoin 80 Series Structured Alt Pro
CBTY,Calamos ETF Trust Calamos Bitcoin 80 Series Structured Alt Pro
CBXA,Calamos ETF Trust Calamos Bitcoin 90 Series Structured Alt Pro
CBXJ,Calamos ETF Trust Calamos Bitcoin 90 Series Structured Alt Pro
CBXY,Calamos ETF Trust Calamos Bitcoin 90 Series Structured Alt Pro
CCEF,Calamos ETF Trust Calamos CEF Income & Arbitrage ETF
CCFE,Concourse Capital Focused Equity ETF
CCNR,ALPS/CoreCommodity Natural Resources ETF
CCOM,Simplify Exchange Traded Funds Simplify Chinese Commodities St
CCOR,Core Alternative ETF
CCPX,Corgi ETF Trust I Corgi China 2x Daily ETF
CCRP,Columbia Corporate Bond ETF
CCSB,Carbon Collective Short Duration Green Bond ETF
CCSO,Carbon Collective Climate Solutions U.S. Equity ETF
CCUP,ETF Opportunities Trust T-REX 2X Long CRCL Daily Target ETF
CDC,VictoryShares US EQ Income Enhanced Volatility Wtd ETF
CDEI,Morgan Stanley ETF Trust Calvert US Large-Cap Diversity Equit
CDIG,City Different Investments Global Equity ETF
CDL,VictoryShares US Large Cap High Div Volatility Wtd ETF
CDNG,Themes ETF Trust Leverage Shares 2X Long CDNS Daily ETF
CDPI,Columbia ETF Trust I Columbia High Dividend Premium Income ETF
CDX,Simplify High Yield ETF
CEF,Sprott Physical Gold and Silver Trust Units
CEFA,Global X S&P Catholic Values Developed ex-U.S. ETF
CEFD,ETRACS Monthly Pay 1.5X Leveraged Closed-End Fund Index ETN
CEFS,Saba Opportunistically Hedged Closed-End Funds ETF
CEFZ,Elevation Series Trust RiverNorth Active Income ETF
CEGX,Tradr 2X Long CEG Daily ETF
CEMB,iShares J.P. Morgan EM Corporate Bond ETF
CEPI,REX Crypto Equity Premium Income ETF
CERY,State Street SPDR Bloomberg Enhanced Roll Yield Commodity Stra
CEW,WisdomTree Emerging Currency Strategy Fund
CFA,VictoryShares US 500 Volatility Wtd ETF
CFIT,Cambria ETF Trust Cambria Fixed Income Trend ETF
CFO,VictoryShares US 500 Enhanced Volatility Wtd ETF
CGBL,Capital Group Core Balanced ETF
CGCB,Capital Group Core Bond ETF
CGCP,Capital Group Core Plus Income ETF
CGCV,Capital Group Conservative Equity ETF
CGDG,Capital Group Dividend Growers ETF
CGDV,Capital Group Dividend Value ETF
CGGE,Capital Group Global Equity ETF
CGGG,Capital Group Equity ETF Trust I Capital Group U.S. Large Grow
CGGO,Capital Group Global Growth Equity ETF
CGGR,Capital Group Growth ETF
CGHM,Capital Group Municipal High-Income ETF
CGHY,Capital Group Fixed Income ETF Trust Capital Group High Yield
CGIB,Capital Group International Bond ETF (USD-Hedged)
CGIC,Capital Group International Core Equity ETF
CGIE,Capital Group International Equity ETF
CGMM,Capital Group Equity ETF Trust I Capital Group U.S. Small and
CGMS,Capital Group U.S. Multi-Sector Income ETF
CGMU,Capital Group Municipal Income ETF
CGNG,Capital Group New Geography Equity ETF
CGOV,Corgi 0-3 Month T-Bill ETF
CGRO,Tidal Trust II CoreValues Alpha Greater China Growth ETF
CGSD,Capital Group Short Duration Income ETF
CGSM,Capital Group Short Duration Municipal Income ETF
CGUI,Capital Group Ultra Short Income ETF
CGUS,Capital Group Core Equity ETF
CGV,Two Roads Shared Trust Conductor Global Equity Value ETF
CGVV,Capital Group Equity ETF Trust I Capital Group U.S. Large Valu
CGW,Invesco S&P Global Water Index ETF
CGXU,Capital Group International Focus Equity ETF
CHAT,Roundhill Generative AI & Technology ETF
CHAU,Direxion Daily CSI 300 China A Share Bull 2X ETF
CHGX,Stance Sustainable Beta ETF
CHIQ,Global X MSCI China Consumer Discretionary ETF
CHNL,Volatility Shares Trust Chainlink ETF
CHNU,Volatility Shares Trust 2x Chainlink ETF
CHPS,Xtrackers Semiconductor Select Equity ETF
CHPX,Global X AI Semiconductor & Quantum ETF
CHPY,Tidal Trust II YieldMax Semiconductor Portfolio Option Income
CHRI,Global X S&P 500 Christian Values ETF
CHYG,Corgi 0-5 Year High Yield Corporate Bond ETF
CIBR,First Trust Nasdaq Cybersecurity ETF
CIEG,Themes ETF Trust Leverage Shares 2X Long CIEN Daily ETF
CIEI,Corgi 3-7 Year Treasury Bond ETF
CIEX,Tradr 2X Long CIEN Daily ETF Tradr 2X Long CIEN Daily ETF
CIFC,Corgi ETF Trust I Corgi CIFR 2x Daily ETF
CIFG,Leverage Shares 2X Long CIFR Daily ETF
CIFU,ETF Opportunities Trust T-REX 2X Long CIFR Daily Target ETF
CIR,Corgi ETF Trust I Corgi CRCL 2x Daily ETF
CIVG,Corgi 1-5 Year Investment Grade Corporate Bond ETF
CJUL,Corgi ETF Trust I Corgi U.S. Equities 15% Structured Buffer ET
CLCG,Crossmark ETF Trust Crossmark Large Cap Growth ETF
CLCV,Crossmark ETF Trust Crossmark Large Cap Value ETF
CLIM,Exchange Listed Funds Trust Climate Global - Climate Resilient
CLIP,Global X Funds Global X 1-3 Month T-Bill ETF
CLIX,ProShares Long Online/Short Stores ETF
CLNK,Bitwise Chainlink ETF Common Shares of Beneficial Interest of
CLOA,iShares AAA CLO Active ETF
CLOB,VanEck ETF Trust VanEck AA-BB CLO ETF
CLOC,ETF Series Solutions AAM Crescent CLO ETF
CLOD,Themes Cloud Computing ETF
CLOI,VanEck ETF Trust VanEck CLO ETF
CLOO,NYLIM Investment Grade CLO ETF
CLOU,Global X Cloud Computing ETF
CLOX,Eldridge AAA CLO ETF
CLOZ,Eldridge BBB-B CLO ETF
CLSE,Trust for Professional Managers Convergence Long/Short Equity
CLSM,ETC Cabana Target Leading Sector Moderate ETF
CLSX,Investment Managers Series Trust II Tradr 2X Long CLSK Daily E
CLUB,Exchange Listed Funds Trust Billionaires Club ETF
CMBO,Wayfinder Dynamic U.S. Interest Rate ETF
CMBS,iShares CMBS Bond ETF
CMCI,VanEck ETF Trust VanEck CMCI Commodity Strategy ETF
CMDT,PIMCO U.S. Treasury Index Fund PIMCO Commodity Strategy Active
CMDY,iShares Bloomberg Roll Select Commodity Strategy ETF
CMF,iShares California Muni Bond ETF
CNAV,Collaborative Investment Series Trust Mohr Company Nav ETF
CNBS,Amplify Seymour Cannabis ETF
CNEQ,The Alger ETF Trust Alger Concentrated Equity ETF
CNQQ,Rayliant-ChinaAMC Transformative China Tech ETF
CNRG,State Street SPDR S&P Kensho Clean Power ETF
CNXT,VanEck ChiNext Innovators ETF
CNYA,iShares MSCI China A ETF
COAL,Exchange Traded Concepts Trust Range Global Coal Index ETF
COHC,Corgi ETF Trust I Corgi COHR 2x Daily ETF
COHH,Themes ETF Trust Leverage Shares 2X Long COHR Daily ETF
COHX,Investment Managers Series Trust II Tradr 2X Long COHR Daily E
COIG,Leverage Shares 2X Long COIN Daily ETF
COIW,Roundhill ETF Trust Roundhill COIN WeeklyPay ETF
COLO,Global X MSCI Colombia ETF
COM,Direxion Auspice Broad Commodity Strategy ETF
COMB,GraniteShares Bloomberg Commodity Broad Strategy No K-1 ETF
COMD,Global X Funds Global X Commodity Strategy ETF
COMT,iShares GSCI Commodity Dynamic Roll Strategy ETF
CONI,GraniteShares 2x Short COIN Daily ETF
CONL,GraniteShares 2x Long COIN Daily ETF
CONX,Direxion Daily COIN Bull 2X ETF
CONY,Tidal ETF Trust II YieldMax COIN Option Income Strategy ETF
COPA,Themes ETF Trust Themes Copper Miners ETF
COPJ,Sprott Junior Copper Miners ETF
COPP,Sprott Copper Miners ETF
COPX,Global X Copper Miners ETF
COPY,The RBB Fund Trust Tweedy Browne Insider + Value ETF
COPZ,Defiance Daily Target 2X Long Copper Miners ETF
CORB,AB Active ETFs Inc. AB Core Bond ETF
CORD,ETF Opportunities Trust T-REX 2X Inverse CRWV Daily Target ETF
CORN,Teucrium Corn Fund ETV
CORO,iShares International Country Rotation Active ETF
CORP,Pimco Investment Grade Corporate Bond Index Exchange-Traded Fu
COSW,Roundhill ETF Trust Roundhill COST WeeklyPay ETF
COTG,Leverage Shares 2X Long COST Daily ETF
COWG,Pacer US Large Cap Cash Cows Growth Leaders ETF
COWS,Amplify Cash Flow Dividend Leaders ETF
COWZ,Pacer US Cash Cows 100 ETF
COYY,GraniteShares YieldBOOST COIN ETF
COZX,Investment Managers Series Trust II Tradr 2X Long CORZ Daily E
CPAG,F/m Compoundr U.S. Aggregate Bond ETF
CPAI,Northern Lights Fund Trust III Counterpoint Quantitative Equit
CPER,United States Copper Index Fund ETV
CPHY,F/m Compoundr High Yield Bond ETF
CPII,American Beacon Select Funds American Beacon Ionic Inflation P
CPLB,NYLIM MacKay Core Plus Bond ETF
CPLS,AB Core Plus Bond ETF
CPNJ,Calamos ETF Trust Calamos Nasdaq - 100 Structured Alt Protecti
CPNM,Calamos ETF Trust Calamos Nasdaq-100 Structured Alt Protection
CPNQ,Calamos ETF Trust Calamos Nasdaq-100 Structured Alt Protection
CPNS,Calamos ETF Trust Calamos Nasdaq-100 Structured Alt Protection
CPNX,Investment Managers Series Trust II Tradr 2X Long CPNG Daily E
CPRA,Calamos ETF Trust Calamos Russell 2000 Structured Alt Protecti
CPRJ,Calamos ETF Trust Calamos Russell 2000 Structured Alt Protecti
CPRO,Calamos ETF Trust Calamos Russell 2000 Structured Alt Protecti
CPRY,Calamos ETF Trust Calamos Russell 2000 Structured Alt Protecti
CPSA,Calamos ETF Trust Calamos S&P 500 Structured Alt Protection ET
CPSD,Calamos ETF Trust Calamos S&P 500 Structured Alt Protection ET
CPSF,Calamos ETF Trust Calamos S&P 500 Structured Alt Protection ET
CPSJ,Calamos ETF Trust Calamos S&P 500 Structured Alt Protection ET
CPSM,Calamos ETF Trust Calamos S&P 500 Structured Alt Protection ET
CPSN,Calamos ETF Trust Calamos S&P 500 Structured Alt Protection ET
CPSO,Calamos ETF Trust Calamos S&P 500 Structured Alt Protection ET
CPSP,Calamos ETF Trust Calamos S&P 500 Structured Alt Protection ET
CPSR,Calamos ETF Trust Calamos S&P 500 Structured Alt Protection ET
CPST,Calamos ETF Trust Calamos S&P 500 Structured Alt Protection ET
CPSU,Calamos ETF Trust Calamos S&P 500 Structured Alt Protection ET
CPSY,Calamos ETF Trust Calamos S&P 500 Structured Alt Protection ET
CPTL,Global X Morningstar Capital Allocation Leaders ETF
CPXR,Tidal Trust III USCF Daily Target 2X Copper Index ETF
CQQQ,Invesco China Technology ETF
CRAK,VanEck Oil Refiners ETF
CRBN,iShares Low Carbon Optimized MSCI ACWI ETF
CRCD,ETF Opportunities Trust T-REX 2X Inverse CRCL Daily Target ETF
CRCG,Leverage Shares 2X Long CRCL Daily ETF
CRCO,Tidal Trust II YieldMax CRCL Option Income Strategy ETF
CRD,Corgi CRDO 2x Daily ETF
CRDD,Volatility Shares Trust Cardano ETF
CRDT,Simplify Exchange Traded Funds Simplify Opportunistic Income E
CRDU,Investment Managers Series Trust II Tradr 2X Long CRDO Daily E
CRDX,Volatility Shares Trust 2x Cardano ETF
CRIB,Russell Investments Exchange Traded Funds Russell Investments
CRMG,Leverage Shares 2X Long CRM Daily ETF
CRMU,Leverage Shares 2x Long CRML Daily ETF
CRMX,Investment Managers Series Trust II Tradr 2X Long CRML Daily E
CRPT,First Trust SkyBridge Crypto Industry and Digital Economy ETF
CRSH,Tidal Trust II YieldMax Short TSLA Option Income Strategy ETF
CRTC,DBX ETF Trust Xtrackers US National Critical Technologies ETF
CRUX,Columbia ETF Trust I Columbia Core Bond ETF
CRWC,Corgi ETF Trust I Corgi CRWD 2x Daily ETF
CRWG,Leverage Shares 2X Long CRWV Daily ETF
CRWL,GraniteShares 2x Long CRWD Daily ETF
CRWU,ETF Opportunities Trust T-REX 2X Long CRWV Daily Target ETF
CRWX,Corgi ETF Trust I Corgi CRWV 2x Daily ETF
CRXP,Columbia Core Plus Bond ETF
CRY,GraniteShares YieldBOOST CRCL ETF
CSB,VictoryShares US Small Cap High Div Volatility Wtd ETF
CSCL,Direxion Daily CSCO Bull 2X ETF
CSCS,Direxion Daily CSCO Bear 1X ETF
CSD,Invesco S&P Spin-Off ETF
CSEX,Investment Managers Series Trust II Tradr 2X Long CLS Daily ET
CSHI,NEOS Enhanced Income 1-3 Month T-Bill ETF
CSHP,iShares Dynamic Short-Term Active ETF
CSIO,Cohen & Steers ETF Trust Cohen & Steers Infrastructure Opportu
CSM,ProShares Large Cap Core Plus
CSMD,Professionally Managed Portfolios Congress SMid Growth ETF
CSNR,Cohen & Steers ETF Trust Cohen & Steers Natural Resources Acti
CSPF,Cohen & Steers ETF Trust Cohen & Steers Preferred and Income O
CSRE,Cohen & Steers ETF Trust Cohen & Steers Real Estate Active ETF
CSSD,Cohen & Steers ETF Trust Cohen & Steers Short Duration Preferr
CSTK,Invesco Comstock Contrarian Equity ETF
CTA,Simplify Exchange Traded Funds Simplify Managed Futures Strate
CTAU,Corgi ETF Trust I Corgi U.S. Equities 30% Structured Buffer ET
CTEC,Global X ClimateTech ETF
CTEF,EA Series Trust Castellan Targeted Equity ETF
CTEX,ProShares S&P Kensho Cleantech ETF
CTIF,EA Series Trust Castellan Targeted Income ETF
CTJL,Corgi ETF Trust I Corgi U.S. Equities 30% Structured Buffer ET
CURE,Direxion Daily Healthcare Bull 3X ETF
CUST,Corgi 1-3 Year Treasury Bond ETF
CUT,Invesco MSCI Global Timber ETF
CVAR,ETF Opportunities Trust Cultivar ETF
CVGD,Elevation Series Trust CresAlta Global Dividend ETF
CVIE,Morgan Stanley ETF Trust Calvert International Responsible Ind
CVLC,Morgan Stanley ETF Trust Calvert US Large-Cap Core Responsible
CVMC,Morgan Stanley ETF Trust Calvert US Mid-Cap Core Responsible I
CVNY,Tidal Trust II YieldMax CVNA Option Income Strategy ETF
CVRD,Madison ETFs Trust Madison Covered Call ETF
CVRT,Calamos ETF Trust Calamos Convertible Equity Alternative ETF
CVSB,Morgan Stanley ETF Trust Calvert Ultra-Short Investment Grade
CVSM,Elevation Series Trust CresAlta Small and Mid-Cap ETF
CVY,Invesco Zacks Multi-Asset Income ETF
CWB,State Street SPDR Bloomberg Convertible Securities ETF
CWEB,Direxion Daily CSI China Internet Index Bull 2X ETF
CWI,State Street SPDR MSCI ACWI ex-US ETF
CWS,AdvisorShares Focused Equity ETF
CWVX,Tradr 2X Long CRWV Daily ETF
CWY,GraniteShares YieldBOOST CRWV ETF
CXRN,Listed Funds Trust Teucrium 2x Daily Corn ETF
CXSE,WisdomTree China ex-State-Owned Enterprises Fund
CZA,Invesco Zacks Mid-Cap ETF
DABS,DoubleLine ETF Trust DoubleLine Asset-Backed Securities ETF
DADS,Digital Asset Debt Strategy ETF
DAK,Dakota Active Equity ETF
DALI,First Trust Dorsey Wright DALI Equity ETF
DAMD,Tidal Trust II Defiance Daily Target 2X Short AMD ETF
DANA,Tidal Trust I Dana Limited Volatility ETF
DAPP,VanEck Digital Transformation ETF
DAPR,FT Vest U.S. Equity Deep Buffer ETF - April
DARP,Grizzle Growth ETF
DAT,ProShares Big Data Refiners ETF
DAUG,FT Vest U.S. Equity Deep Buffer ETF - August
DAX,Global X DAX Germany ETF
DBA,Invesco DB Agriculture Fund
DBAW,Xtrackers MSCI All World ex US Hedged Equity ETF
DBB,Invesco DB Base Metals Fund
GDXY,Tidal Trust II YieldMax Gold Miners Option Income Strategy ETF
GEM,Goldman Sachs ActiveBeta Emerging Markets Equity ETF
GEMD,Goldman Sachs ETF Trust Goldman Sachs Access Emerging Markets
GEME,Pacific North of South EM Equity Active ETF
GEMG,Leverage Shares 2X Long GEMI Daily ETF
GEND,Spinnaker ETF Series Genter Capital Dividend Income ETF
GENM,Spinnaker ETF Series Genter Capital Municipal Quality Intermed
GENT,Spinnaker ETF Series Genter Capital Taxable Quality Intermedia
GENW,Spinnaker ETF Series Genter Capital International Dividend ETF
GENZ,VanEck Digital Native Economy ETF
GEQ,Cambria Global EW 2 ETF
GEVC,Corgi ETF Trust I Corgi GEV 2x Daily ETF
GEVG,Leverage Shares 2X Long GEV Daily ETF
GEVX,Tradr 2X Long GEV Daily ETF
GEW,Cambria Global EW ETF
GFEB,FT Vest U.S. Equity Moderate Buffer ETF - February
GFGF,Guru Favorite Stocks ETF
GFLW,VictoryShares Free Cash Flow Growth ETF
GFSG,Themes ETF Trust Leverage Shares 2X Long GFS Daily ETF
GGLL,Direxion Daily GOOGL Bull 2X ETF
GGLS,Direxion Daily GOOGL Bear 1X ETF
GGM,Northern Lights Fund Trust II GGM Macro Alignment ETF
GGME,Invesco Next Gen Media and Gaming ETF
GGOV,BlackRock ETF Trust II iShares Global Government Bond USD Hedg
GGRW,Gabelli Growth Innovators ETF
GGTL,Gabelli Global Technology Leaders ETF
GGUS,Goldman Sachs ETF Trust Goldman Sachs MarketBeta Russell 1000
GHTA,Goose Hollow Tactical Allocation ETF
GHYB,Goldman Sachs Access High Yield Corporate Bond ETF
GHYG,iShares US & Intl High Yield Corp Bond ETF
GIAX,Tidal Trust II Nicholas Global Equity and Income ETF
GIEQ,Goldman Sachs Data Enhanced International Equity ETF
GIGB,Goldman Sachs Access Investment Grade Corporate Bond ETF
GIGL,Goldman Sachs ETF Trust Goldman Sachs Corporate Bond ETF
GII,State Street SPDR S&P Global Infrastructure ETF
GINC,Goldman Sachs ETF Trust Goldman Sachs Income ETF
GIND,Goldman Sachs India Equity ETF
GINN,Goldman Sachs Innovate Equity ETF
GINX,SGI Enhanced Global Income ETF
GJAN,FT Vest U.S. Equity Moderate Buffer ETF - January
GJUL,FT Vest U.S. Equity Moderate Buffer ETF - July
GJUN,FT Vest U.S. Equity Moderate Buffer ETF - June
GK,AdvisorShares Gerber Kawasaki ETF
GKAT,Scharf Global Opportunity ETF
GLBL,Pacer Funds Trust Pacer MSCI World Industry Advantage ETF
GLCR,GlacierShares Nasdaq Iceland ETF
GLD,SPDR Gold Shares
GLDI,X-Links Gold Shares Covered Call ETN
GLDM,SPDR Gold MiniShares Trust
GLDN,Tidal Trust II Nicholas Gold Income ETF
GLDW,Roundhill Gold WeeklyPay ETF
GLGG,Leverage Shares 2X Long GLXY Daily ETF
GLIN,VanEck India Growth Leaders ETF
GLIX,Lazard Active ETF Trust Lazard Listed Infrastructure ETF
GLL,ProShares UltraShort Gold
GLNK,Grayscale Chainlink Trust ETF Grayscale Chainlink Trust ETF
GLOF,iShares Global Equity Factor ETF
GLOW,VictoryShares WestEnd Global Equity ETF
GLRY,Inspire Growth ETF
GLTR,abrdn Physical Precious Metals Basket Shares ETF
GLWG,Leverage Shares 2X Long GLW Daily ETF
GLX,Corgi ETF Trust I Corgi GLXY 2x Daily ETF
GLXU,ETF Opportunities Trust T-REX 2X Long GLXY Daily Target ETF
GMAR,FT Vest U.S. Equity Moderate Buffer ETF - March
GMAY,FT Vest U.S. Equity Moderate Buffer ETF - May
GMEC,Corgi ETF Trust I Corgi GME 2x Daily ETF
GMEU,ETF Opp Tr T-REX 2X Long GME Daily Target ETF
GMEY,Tidal Trust II YieldMax GME Option Income Strategy ETF
GMF,State Street SPDR S&P Emerging Asia Pacific ETF
GMMA,Tidal Trust III GammaRoad Market Navigation ETF
GMMF,BlackRock ETF Trust iShares Government Money Market ETF
GMNY,Goldman Sachs ETF Trust Goldman Sachs Dynamic New York Municip
GMOC,The 2023 ETF Series Trust II GMO Ultra-Short Income ETF
GMOD,The 2023 ETF Series Trust II GMO Dynamic Allocation ETF
GMOI,The 2023 ETF Series Trust II GMO International Value ETF
GMOM,Cambria Global Momentum ETF
GMOV,The 2023 ETF Series Trust II GMO US Value ETF
GMUB,Goldman Sachs ETF Trust Goldman Sachs Municipal Income ETF
GNMA,iShares GNMA Bond ETF
GNOM,Global X Genomics & Biotechnology ETF
GNOV,FT Vest U.S. Equity Moderate Buffer ETF - November
GNR,State Street SPDR S&P Global Natural Resources ETF
GOAU,US Global GO Gold and Precious Metal Miners ETF
GOCT,FT Vest U.S. Equity Moderate Buffer ETF - October
GOEX,Global X Gold Explorers ETF
GOLI,Defiance Gold Enhanced Options Income ETF
GOLS,Gabelli ETFs Trust Gabelli Opportunities in Live and Sports ET
GOLY,Strategy Shares Gold Enhanced Yield ETF
GOOP,Kurv Yield Premium Strategy Google (GOOGL) ETF
GOOW,Roundhill ETF Trust Roundhill GOOGL WeeklyPay ETF
GOOX,ETF Opportunities Trust T-Rex 2X Long Alphabet Daily Target ET
GOOY,Tidal ETF Trust II YieldMax GOOGL Option Income Strategy ETF
GOP,Subversive Congressional Republicans Trading ETF
GOU,GraniteShares 2x Long GOOGL Daily ETF
GOVI,Invesco Equal Weight 0-30 Year Treasury ETF
GOVT,iShares U.S. Treasury Bond ETF
GOVZ,iShares 25  Year Treasury STRIPS Bond ETF
GPIQ,Goldman Sachs Nasdaq-100 Premium Income ETF
GPIX,Goldman Sachs S&P 500 Premium Income ETF
GPRF,Goldman Sachs Access U.S. Preferred Stock and Hybrid Securitie
GPT,Intelligent Alpha Atlas ETF
GPTY,Tidal Trust II YieldMax AI & Tech Portfolio Option Income ETF
GPZ,VanEck ETF Trust VanEck Alternative Asset Manager ETF
GQGU,The Advisors' Inner Circle Fund III GQG US Equity ETF
GQI,Natixis ETF Trust Natixis Gateway Quality Income ETF
GQQQ,Astoria US Quality Growth Kings ETF
GQRE,Northern Trust Global Quality Real Estate ETF
GRAG,Leverage Shares 2X Long GRAB Daily ETF
GREK,Global X MSCI Greece ETF
GRID,First Trust NASDAQ Clean Edge Smart Grid Infrastructure Index
GRIN,VictoryShares International Free Cash Flow Growth ETF
GRN,iPath Carbon ETN
GRNB,VanEck Green Bond ETF
GRNI,Tidal Trust III Fundstrat Granny Shots US Large Cap & Income E
GRNJ,Tidal Trust III Fundstrat Granny Shots US Small- & Mid-Cap ETF
GRNY,Fundstrat Granny Shots US Large Cap ETF
GROZ,Zacks Trust Zacks Focus Growth ETF
GRPM,Invesco S&P MidCap 400 GARP ETF
GRPZ,Invesco Exchange-Traded Fund Trust II Invesco S&P SmallCap 600
GRW,TCW Durable Growth ETF
GSC,Goldman Sachs Small Cap Equity ETF
GSEE,Goldman Sachs MarketBeta Emerging Markets Equity ETF
GSEP,FT Vest U.S. Equity Moderate Buffer ETF - September
GSEU,Goldman Sachs ActiveBeta Europe Equity ETF
GSEW,Goldman Sachs Equal Weight U.S. Large Cap Equity ETF
GSG,iShares GSCI Commodity-Indexed Trust Fund
GSGO,Goldman Sachs Growth Opportunities ETF
GSIB,Themes Global Systemically Important Banks ETF
GSID,Goldman Sachs MarketBeta International Equity ETF
GSIE,Goldman Sachs ActiveBeta International Equity ETF
GSJY,Goldman Sachs ActiveBeta Japan Equity ETF
GSKH,Precidian ETFs Trust GSK plc ADRhedged
GSLC,Goldman Sachs ActiveBeta U.S. Large Cap Equity ETF
GSOL,Grayscale Solana Staking ETF Shares
GSPY,Gotham Enhanced 500 ETF
GSSC,GS ActiveBeta U.S. Small Cap Equity ETF
GSST,Goldman Sachs Ultra Short Bond ETF
GSUI,Grayscale Sui Staking ETF Common Units of Fractional Undivided
GSUS,Goldman Sachs MarketBeta U.S. Equity ETF
GSWO,Goldman Sachs ActiveBeta World Equity ETF
GSY,Invesco Ultra Short Duration ETF
GTEK,Goldman Sachs Future Tech Leaders Equity ETF
GTIP,Goldman Sachs Access Inflation Protected USD Bond ETF
GTND,EA Series Trust Goaltender ETF
GTO,Invesco Total Return Bond ETF
GTOC,Invesco Core Fixed Income ETF
GTOH,Invesco Short Duration High Yield ETF
GTOP,Goldman Sachs Technology Opportunities ETF
GTOQ,Invesco High Yield Systematic Bond ETF
GTOS,Invesco Short Duration Total Return Bond ETF
GTPE,Goldman Sachs MSCI World Private Equity Return Tracker ETF
GTR,WisdomTree Target Range Fund
GUMI,Goldman Sachs ETF Trust Goldman Sachs Ultra Short Municipal In
GUNR,Northern Trust Morningstar Global Upstream Natural Resources E
GURU,Global X Guru Index ETF
GUSA,Goldman Sachs ETF Trust II Goldman Sachs MarketBeta U.S. 1000
GUSE,Goldman Sachs Enhanced U.S. Equity ETF
GUSH,Direxion Daily S&P Oil & Gas Exp. & Prod. Bull 2X ETF
GVAL,Cambria Global Value ETF
GVI,iShares Intermediate Government/Credit Bond ETF
GVIP,Goldman Sachs Hedge Industry VIP ETF
GVLE,Goldman Sachs Value Opportunities ETF
GVLU,Gotham 1000 Value ETF
GVUS,Goldman Sachs ETF Trust Goldman Sachs MarketBeta Russell 1000
GWX,State Street SPDR S&P International Small Cap ETF
GXC,State Street SPDR S&P China ETF
GXDW,Global X Dorsey Wright Thematic ETF
GXIG,Global X Funds Global X Investment Grade Corporate Bond ETF
GXLC,Global X Funds Global X U.S. 500 ETF
GXPC,Global X Funds Global X PureCap MSCI Communication Services ET
GXPD,Global X Funds Global X PureCap MSCI Consumer Discretionary ET
GXPE,Global X Funds Global X PureCap MSCI Energy ETF
GXPS,Global X Funds Global X PureCap MSCI Consumer Staples ETF
GXPT,Global X Funds Global X PureCap MSCI Information Technology ET
GXRP,Grayscale XRP Trust ETF
GXUS,Goldman Sachs ETF Trust II Goldman Sachs MarketBeta Total Inte
GYLD,Arrow Dow Jones Global Yield ETF ETF
HACK,Amplify ETF Trust Amplify Cybersecurity ETF
HAIL,State Street SPDR S&P Kensho Smart Mobility ETF
HAKY,Amplify ETF Trust Amplify HACK Cybersecurity Covered Call ETF
HALX,ETF Opportunities Trust Tuttle Capital Heavy Assets Low Obsole
HAP,VanEck Natural Resources ETF
HAPI,Harbor Human Capital Factor US Large Cap ETF
HAPS,Harbor Human Capital Factor US Small Cap ETF
HARD,Simplify Exchange Traded Funds Simplify Commodities Strategy N
HAUG,Corgi ETF Trust I Corgi U.S. Equities 100% Structured Buffer E
HAUS,Residential REIT ETF
HAUZ,Xtrackers International Real Estate ETF
HAWX,iShares Currency Hedged MSCI ACWI ex U.S. ETF
HBDC,Hilton BDC Corporate Bond ETF
HBIL,Harbor ETF Trust Harbor Short Term Treasury ETF
HBMX,ETF Opportunities Trust Tuttle Capital Concentrated Memory Sta
HBR,Canary HBAR ETF
HBRD,Invesco Exchange-Traded Fund Trust II Invesco U.S. Hybrid Bond
HBTA,Horizon Funds Horizon Expedition Plus ETF
HCMT,Direxion Shares ETF Trust Direxion HCM Tactical Enhanced US ET
HCOW,Amplify COWS Covered Call ETF
HCRB,Hartford Core Bond ETF
HDEF,Xtrackers MSCI EAFE High Dividend Yield Equity ETF
HDG,ProShares Hedge Replication ETF
HDGE,Ranger Equity Bear Bear ETF
HDLB,ETRACS Monthly Pay 2xLeveraged US High Dividend Low Volatility
HDMV,First Trust Exchange-Traded Fund III First Trust Horizon Manag
HDUS,Lattice Strategies Trust Hartford Disciplined US Equity ETF
HDV,iShares Core High Dividend ETF
HEAL,Global X HealthTech ETF
HECA,ETF Opportunities Trust Hedgeye Capital Allocation ETF
HECO,State Street Galaxy Hedged Digital Asset Ecosystem ETF
HEDG,Series Portfolios Trust Equable Shares Hedged Equity ETF
HEDJ,WisdomTree Europe Hedged Equity Fund
HEEM,iShares Currency Hedged MSCI Emerging Markets ETF
HEFA,iShares Currency Hedged MSCI EAFE ETF
HEFT,ETF Opportunities Trust Hedgeye Fourth Turning ETF
HEGD,Swan Hedged Equity US Large Cap ETF
HELO,J.P. Morgan Exchange-Traded Fund Trust JPMorgan Hedged Equity
HELS,ETF Opportunities Trust Hedgeye 130/30 Equity ETF
HELX,Franklin Genomic Advancements ETF
HEMI,Hartford Funds Exchange-Traded Trust Hartford Equity Premium I
HEQQ,JPMorgan Nasdaq Hedged Equity Laddered Overlay ETF
HEQT,Simplify Hedged Equity ETF
HERD,Pacer Cash Cows Fund of Funds ETF
HERO,Global X Video Games & Esports ETF
HEWJ,iShares Currency Hedged MSCI Japan ETF
HEZU,iShares Currency Hedged MSCI Eurozone ETF
HF,DGA Core Plus Absolute Return ETF
HFEQ,Tidal Trust I Unlimited HFEQ Equity Long/Short ETF
HFGM,Unlimited HFGM Global Macro ETF
HFGO,Hartford Large Cap Growth ETF
HFMF,Tidal Trust I Unlimited HFMF Managed Futures ETF
HFND,Unlimited HFND Multi-Strategy Return Tracker ETF
HFSI,Hartford Strategic Income ETF
HFSP,TradersAI Large Cap Equity & Cash ETF
HFXI,NYLIM FTSE International Equity Currency Neutral ETF
HGER,Harbor Commodity All-Weather Strategy ETF
HGRO,ETF Opp Tr Hedgeye Quality Growth ETF
HIBL,Direxion Daily S&P 500 High Beta Bull 3X ETF
HIBS,Direxion Daily S&P 500 High Beta Bear 3X ETF
HIDE,Alpha Architect High Inflation and Deflation ETF
HIDV,AB Active ETFs Inc. AB US High Dividend ETF
HIGH,Simplify Exchange Traded Funds Simplify Enhanced Income ETF
HIMC,Corgi ETF Trust I Corgi HIMS 2x Daily ETF
HIMU,BlackRock ETF Trust II iShares High Yield Muni Active ETF
HIMZ,Defiance Daily Target 2X Long HIMS ETF
HIPS,GraniteShares HIPS US High Income ETF
HIS,Humilis US Focused Opportunities ETF
HISF,First Trust High Income Strategic Focus ETF
HIYY,Tidal Trust II YieldMax HIMS Option Income Strategy ETF
HJLY,Corgi ETF Trust I Corgi U.S. Equities 100% Structured Buffer E
HLAL,Wahed FTSE USA Shariah ETF
HMOP,Hartford Municipal Opportunities ETF
HMYY,GraniteShares YieldBoost HIMS ETF
HNDL,Strategy Shares Nasdaq 7HANDL Index ETF
HODL,VanEck Bitcoin Trust Common Shares of Beneficial Interest
HODU,Direxion Daily HOOD Bull 2X ETF
HOLA,J.P. Morgan Exchange-Traded Fund Trust JPMorgan International
HOLD,Harbor ETF Trust Harbor Alpha Layering ETF
HOMZ,Hoya Capital Housing ETF
HONG,Themes ETF Trust Leverage Shares 2X Long HON Daily ETF
HOOC,Corgi ETF Trust I Corgi HOOD 2x Daily ETF
HOOG,Leverage Shares 2X Long HOOD Daily ETF
HOOW,Roundhill ETF Trust Roundhill HOOD WeeklyPay ETF
HOOX,Defiance Daily Target 2X Long HOOD ETF
HOOY,Tidal Trust II YieldMax HOOD Option Income Strategy ETF
HOYY,GraniteShares YieldBOOST HOOD ETF
HPEL,Themes ETF Trust Leverage Shares 2X Long HPE Daily ETF
HQGO,Hartford US Quality Growth ETF
HRSK,Northern Lights Fund Trust Toews Agility Shares Hedged Risk ET
HRTS,Tema Heart & Health ETF
HSBH,Precidian ETFs Trust HSBC Holdings plc ADRhedged
HSCZ,iShares Currency Hedged MSCI EAFE Small-Cap ETF
HSMV,First Trust Horizon Managed Volatility Small/Mid ETF
HTAB,Hartford Schroders Tax-Aware Bond ETF
HTAX,Nomura National High-Yield Municipal Bond ETF
HTEC,ROBO Global Healthcare Technology and Innovation ETF
HTRB,Hartford Total Return Bond ETF
HTUS,Capitol Series Trust Hull Tactical US ETF
HUMN,Roundhill ETF Trust Roundhill Humanoid Robotics ETF
HUSV,First Trust Exchange-Traded Fund III First Trust Horizon Manag
HUTG,Leverage Shares 2X Long HUT Daily ETF
HVAC,AdvisorShares Trust AdvisorShares HVAC and Industrials ETF
HWGV,Hotchkis & Wiley Global Value Fund
HWSM,Hotchkis & Wiley SMID Cap Diversified Value Fund
HYBB,iShares BB Rated Corporate Bond ETF
HYBI,NEOS Enhanced Income Credit Select ETF
HYBL,State Street Blackstone High Income ETF
HYBX,TCW High Yield Bond ETF
HYD,VanEck ETF Trust VanEck High Yield Muni ETF
HYDB,iShares High Yield Systematic Bond ETF
HYDR,Global X Hydrogen ETF
HYDW,Xtrackers Low Beta High Yield Bond ETF
HYEM,VanEck Emerging Markets High Yield Bond ETF
HYFI,AB Active ETFs Inc. AB High Yield ETF
HYG,iShares iBoxx $ High Yield Corporate Bond ETF
HYGH,iShares Interest Rate Hedged High Yield Bond ETF
HYGM,Amplify ETF Trust Amplify HYG High Yield 10% Target Income ETF
HYGV,Northern Trust High Yield Value-Scored Bond ETF
HYGW,iShares Trust iShares High Yield Corporate Bond BuyWrite Strat
HYHG,ProShares High Yield Interest Rate Hedged
HYLB,Xtrackers USD High Yield Corporate Bond ETF
HYLS,First Trust Tactical High Yield ETF
HYMB,State Street SPDR Nuveen ICE High Yield Municipal Bond ETF
HYNX,ETF Opportunities Trust T-REX 2X Long SKHY Daily Target ETF
HYP,Golden Eagle Dynamic Hypergrowth ETF
HYPG,Grayscale Hyperliquid Staking ETF
HYS,PIMCO 0-5 Year High Yield Corporat Bond Index Exchange-Traded
HYSA,BondBloxx High Yield Income ETF
HYSD,Columbia Short Duration High Yield ETF
HYTI,First Trust Exchange-Traded Fund IV FT Vest High Yield & Targe
HYTR,Counterpoint High Yield Trend ETF
HYUP,Xtrackers High Beta High Yield Bond ETF
HYXF,iShares ESG Advanced High Yield Corporate Bond ETF
MYCK,State Street My2031 Corporate Bond ETF
MYCL,State Street My2032 Corporate Bond ETF
MYCM,State Street My2033 Corporate Bond ETF
MYCN,State Street My2034 Corporate Bond ETF
MYCO,State Street My2035 Corporate Bond ETF
MYHA,State Street My2027 High Yield Corporate Bond ETF
MYHB,State Street My2028 High Yield Corporate Bond ETF
MYHC,State Street My2029 High Yield Corporate Bond ETF
MYHD,State Street My2030 High Yield Corporate Bond ETF
MYHE,State Street My2031 High Yield Corporate Bond ETF
MYLD,Cambria ETF Trust Cambria Micro and SmallCap Shareholder Yield
MYMF,State Street My2026 Municipal Bond ETF
MYMG,State Street My2027 Municipal Bond ETF
MYMH,State Street My2028 Municipal Bond ETF
MYMI,State Street My2029 Municipal Bond ETF
MYMJ,State Street My2030 Municipal Bond ETF
MYMK,State Street My2031 Municipal Bond ETF
MYY,ProShares Short MidCap400
MZZ,ProShares UltraShort MidCap400
NACP,Impact Shares Trust I Impact Shares NAACP Minority Empowerment
NAIL,Direxion Daily Homebuilders & Supplies Bull 3X ETF
NANC,Subversive Congressional Democrats Trading ETF
NANR,State Street SPDR S&P North American Natural Resources ETF
NAPR,Innovator Growth-100 Power Buffer ETF - April
NASA,Tema ETF Trust Tema Space Innovators ETF
NATO,Themes Transatlantic Defense ETF
NAUG,Innovator ETFs Trust Innovator Growth-100 Power Buffer ETF - A
NBCE,Neuberger China Equity ETF
NBCM,Neuberger Commodity Strategy ETF
NBCR,Neuberger Core Equity ETF
NBDS,Neuberger Disrupters ETF
NBET,Neuberger Energy Transition & Infrastructure ETF
NBFC,Neuberger Flexible Credit Income ETF
NBFR,Innovator ETFs Trust Innovator Nasdaq-100 Managed 10 Buffer ET
NBGX,Neuberger Growth ETF
NBIC,Corgi ETF Trust I Corgi NBIS 2x Daily ETF
NBIE,Neuberger Berman ETF Trust Neuberger International Core Equity
NBIG,Leverage Shares 2x Long NBIS Daily ETF
NBIL,GraniteShares 2x Long NBIS Daily ETF
NBIZ,Investment Managers Series Trust II Tradr 2X Short NBIS Daily
NBJP,Neuberger Japan Equity ETF
NBOS,Neuberger Option Strategy ETF
NBSD,Neuberger Short Duration Income ETF
NBSM,Neuberger Small-Mid Cap ETF
NBTR,Neuberger Total Return Bond ETF
NCIQ,Hashdex Nasdaq CME Crypto Index ETF
NCLO,NuShares ETF Trust Nuveen AA-BBB CLO ETF
NCPB,Nuveen Core Plus Bond ETF
NDAA,Ned Davis Research 360 Dynamic Allocation ETF
NDEC,Innovator ETFs Trust Innovator Growth-100 Power Buffer ETF - D
NDIA,Global X Funds Global X India Active ETF
NDIV,Amplify Energy & Natural Resources Covered Call ETF
NDOW,Collaborative Investment Series Trust Anydrus Advantage ETF
NEAR,iShares Short Duration Bond Active ETF
NEBX,Tradr 2X Long NBIS Daily ETF
NEHI,NEOS ETF Trust NEOS Ethereum High Income ETF
NEMG,Leverage Shares 2x Long NEM Daily ETF
NERD,Roundhill Video Games ETF
NETG,Leverage Shares 2X Long NET Daily ETF
NETL,Colterpoint Net Lease Real Estate ETF
NEWZ,StockSnips AI-Powered Sentiment US All Cap ETF
NFEB,Innovator ETFs Trust Innovator Growth-100 Power Buffer ETF - F
NFLP,Kurv Yield Premium Strategy Netflix (NFLX) ETF
NFLT,Virtus Newfleet Multi-Sector Bond ETF
NFLU,ETF Opportunities Trust T-Rex 2X Long NFLX Daily Target ETF
NFLW,Roundhill ETF Trust Roundhill NFLX WeeklyPay ETF
NFLY,Tidal ETF Trust II YieldMax NFLX Option Income Strategy ETF
NFRA,Northern Trust STOXX Global Broad Infrastructure ETF
NFRX,Harrison Street Infrastructure Active ETF
NFTY,First Trust India NIFTY 50 Equal Weight ETF
NFX,Corgi ETF Trust I Corgi NFLX 2x Daily ETF
NFXL,Direxion Daily NFLX Bull 2X ETF
NFXS,Direxion Daily NFLX Bear 1X ETF
NGHT,Nicholas Bitcoin and Treasuries AfterDark ETF
NHYB,NuShares ETF Trust Nuveen High Yield Corporate Bond ETF
NHYM,NuShares ETF Trust Nuveen High Yield Municipal Income ETF
NIHI,NEOS ETF Trust NEOS MSCI EAFE High Income ETF
NIKL,Sprott Nickel Miners ETF
NIOG,Leverage Shares 2X Long NIO Daily ETF
NISM,NYLIM International Small-Mid Cap Equity ETF
NITE,Capitol Series Trust The Nightview Fund NITE
NIXT,Research Affiliates Deletions ETF
NJAN,Innovator Growth-100 Power Buffer ETF - January
NJNK,Columbia U.S. High Yield ETF
NJUL,Innovator Growth-100 Power Buffer ETF - July
NJUN,Innovator Growth-100 Power Buffer ETF - June
NLR,VanEck Uranium and Nuclear ETF
NLSI,NEOS ETF Trust NEOS Long/Short Equity Income ETF
NMAR,Innovator ETFs Trust Innovator Growth-100 Power Buffer ETF - M
NMAY,Innovator ETFs Trust Innovator Growth-100 Power Buffer ETF - M
NMB,Simplify Exchange Traded Funds Simplify National Muni Bond ETF
NMBL,Tidal Trust III NovaTide Flexible Allocation ETF
NNOV,Innovator ETFs Trust Innovator Growth-100 Power Buffer ETF - N
NOBL,ProShares S&P 500 Dividend Aristocrats ETF
NOCT,Innovator Growth-100 Power Buffer ETF- October
NODE,VanEck Onchain Economy ETF
NOEQ,Northern Funds Northern Trust US Equity ETF
NORW,Global X MSCI Norway ETF
NOVM,First Trust Exchange-Traded Fund VIII FT Vest U.S. Equity Max
NOVP,PGIM S&P 500 Buffer 12 ETF - November
NOVZ,TrueShares Structured Outcome (November) ETF
NOWL,GraniteShares 2x Long NOW Daily ETF
NPFE,Elevation Series Trust NPF Core Equity ETF
NPFI,Nuveen Preferred and Income ETF
NQLT,Neuberger Berman ETF Trust Neuberger Quality Select ETF
NRES,Xtrackers RREEF Global Natural Resources ETF
NRGD,Bank Of Montreal MicroSectors  U.S. Big Oil -3  Inverse Levera
NRGU,Bank Of Montreal MicroSectors U.S. Big Oil 3 Leveraged ETNs du
NRSH,Aztlan North America Nearshoring Stock Selection ETF
NSCI,NuShares ETF Trust Nuveen Securitized Income ETF
NSEP,Innovator Growth-100 Power Buffer ETF - September
NSI,National Security Emerging Markets Index ETF
NSIG,Exchange Place Advisors Trust North Square Growth Opportunitie
NSIV,Exchange Place Advisors Trust North Square Disciplined Value E
NTAL,GraniteShares 2x Long NTAP Daily ETF
NTRL,First Trust Equity Market Neutral ETF
NTSE,WisdomTree Trust WisdomTree Emerging Markets Efficient Core Fu
NTSI,WisdomTree Trust WisdomTree International Efficient Core Fund
NTSX,WisdomTree U.S. Efficient Core Fund
NUAG,Nuveen Enhanced Yield U.S. Aggregate Bond ETF
NUBD,Nuveen ESG U.S. Aggregate Bond ETF
NUDM,Nuveen ESG International Developed Markets Equity ETF
NUDV,Nuveen ESG Dividend ETF
NUEM,Nuveen ESG Emerging Markets Equity ETF
NUG,Leverage Shares 2X Long NU Daily ETF
NUGO,Nuveen Growth Opportunities ETF
NUGT,Direxion Daily Gold Miners Index Bull 2X ETF
NUGY,GraniteShares YieldBOOST Gold Miners ETF
NUHY,Nuveen ESG High Yield Corporate Bond ETF
NUKX,Tidal Trust II Nicholas Nuclear Income ETF
NUKZ,Exchange Traded Concepts Trust Range Nuclear Renaissance Index
NULC,Nuveen ESG Large-Cap ETF
NULG,Nuveen ESG Large-Cap Growth ETF
NULV,Nuveen ESG Large-Cap Value ETF
NUMG,Nuveen ESG Mid-Cap Growth ETF
NUMI,NuShares ETF Trust Nuveen Municipal Income ETF
NUMV,Nuveen ESG Mid-Cap Value ETF
NURE,Nuveen Short-Term REIT ETF
NUSA,Nuveen ESG 1-5 Year U.S. Aggregate Bond ETF
NUSB,Nuveen Ultra Short Income ETF
NUSC,Nuveen ESG Small-Cap ETF
NVBT,AIM ETF Products Trust AllianzIM U.S. Large Cap Buffer10 Nov E
NVBU,AIM ETF Products Trust AllianzIM U.S. Equity Buffer15 Uncapped
NVBW,AIM ETF Products Trust AllianzIM U.S. Large Cap Buffer20 Nov E
NVD,GraniteShares 2x Short NVDA Daily ETF
NVDD,Direxion Daily NVDA Bear 1X ETF
NVDG,Leverage Shares 2X Long NVDA Daily ETF
NVDL,GraniteShares 2x Long NVDA Daily ETF
NVDQ,ETF Opportunities Trust T-Rex 2X Inverse NVIDIA Daily Target E
NVDS,Tradr 1.5X Short NVDA Daily ETF
NVDU,Direxion Daily NVDA Bull 2X ETF
NVDX,ETF Opportunities Trust T-Rex 2X Long NVIDIA Daily Target ETF
NVDY,Tidal ETF Trust II YieldMax NVDA Option Income Strategy ETF
NVII,REX NVDA Growth & Income ETF
NVIR,Listed Funds Trust Horizon Kinetics Energy and Remediation ETF
NVIT,Tidal Trust II YieldMax NVDA Performance & Distribution Target
NVOC,Corgi ETF Trust I Corgi NVO 2x Daily ETF
NVOH,Precidian ETFs Trust Novo Nordisk A/S B Shares ADRhedged
NVOX,Tidal Trust II Defiance Daily Target 2X Long NVO ETF
NVTC,Corgi ETF Trust I Corgi NVTS 2x Daily ETF
NVTX,Tradr 2X Long NVTS Daily ETF
NVYY,GraniteShares YieldBOOST NVDA ETF
NXPG,Themes ETF Trust Leverage Shares 2X Long NXPI Daily ETF
NXPX,Investment Managers Series Trust II Tradr 2X Long NXPI Daily E
NXTE,Investment Managers Series Trust II AXS Green Alpha ETF
NXTG,First Trust Indxx NextG ETF
NXTI,Simplify Exchange Traded Funds Simplify Next Intangible Core I
NXUS,NuShares ETF Trust Nuveen International Aggregate Bond ETF
NYF,iShares New York Muni Bond ETF
NYM,AB Active ETFs Inc. AB New York Intermediate Municipal ETF
NYSX,Global X Funds Global X NYSE 100 ETF
NYYY,Exchange Listed Funds Trust xETFs NVDA Daily Income ETF
NZAC,State Street SPDR MSCI ACWI Climate Paris Aligned ETF
OACP,Unified Series Trust OneAscent Core Plus Bond ETF
OAEM,Unified Series Trust OneAscent Emerging Markets ETF
OAIM,Unified Series Trust OneAscent International Equity ETF
OAIW,Harbor ETF Trust OpenAI Lab Ecosystem ETF
OAKG,Harris Oakmark ETF Trust Oakmark Global Large Cap ETF
OAKI,Harris Oakmark ETF Trust Oakmark International Large Cap ETF
OAKM,Harris Oakmark ETF Trust Oakmark U.S. Large Cap ETF
OALC,Unified Series Trust OneAscent Large Cap Core ETF
OARK,YieldMax Innovation Option Income Strategy ETF
OASC,OneAscent Enhanced Small and Mid Cap ETF
OBIL,US Treasury 12 Month Bill ETF
OBND,State Street Loomis Sayles Opportunistic Bond ETF
OBOR,KraneShares MSCI One Belt One Road Index ETF
OBTC,Osprey Bitcoin Trust ETF
OCIO,ClearShares OCIO ETF
OCTB,ETF Series Solutions Aptus October Buffer ETF
OCTH,Innovator ETFs Trust Innovator Premium Income 20 Barrier ETF -
OCTJ,Innovator ETFs Trust Innovator Premium Income 30 Barrier ETF -
OCTM,First Trust Exchange-Traded Fund VIII FT Vest U.S. Equity Max
OCTP,PGIM S&P 500 Buffer 12 ETF - October
OCTT,AllianzIM U.S. Large Cap Buffer10 Oct ETF
OCTU,AIM ETF Products Trust AllianzIM U.S. Equity Buffer15 Uncapped
OCTW,AllianzIM U.S. Large Cap Buffer20 Oct ETF
OCTZ,TrueShares Structured Outcome (October) ETF
ODDS,Pacer BlueStar Digital Entertainment ETF
ODHY,Spinnaker ETF Series Obra Defensive High Yield ETF
ODTE,VegaShares SPX NDX RTY Premium Income ETF
OEF,iShares S&P 100 ETF
OEFA,ALPS - O'Shares International Developed Quality Dividend ETF
OEI,Listed Funds Trust Optimized Equity Income ETF
OGIG,ALPS O'Shares Global Internet Giants ETF
OGSP,Spinnaker ETF Series Obra High Grade Structured Products ETF
OIH,VanEck Oil Services ETF
OILD,MicroSectors Oil & Gas Exp. & Prod. -3x Inverse Leveraged ETN
OILK,ProShares K-1 Free Crude Oil ETF
OILU,MicroSectors Oil & Gas Exp. & Prod. 3x Leveraged ETN
OKLC,Corgi ETF Trust I Corgi OKLO 2x Daily ETF
OKLL,Defiance Daily Target 2X Long OKLO ETF
OKTG,Leverage Shares 2x Long OKTA Daily ETF
OMAH,Tidal Trust III VistaShares Target 15 Berkshire Select Income
OMFL,Invesco Exchange-Traded Self-Indexed Fund Trust Invesco Russel
OMFS,Invesco Exchange-Traded Self-Indexed Fund Trust Invesco Russel
OND,ProShares On-Demand ETF
ONDC,Corgi ETF Trust I Corgi ONDS 2x Daily ETF
ONDG,Leverage Shares 2X Long ONDS Daily ETF
ONDL,Tidal Trust II Defiance Daily Target 2X Long ONDS ETF
ONDU,Investment Managers Series Trust II Tradr 2X Long ONDS Daily E
ONEH,Elevation Series Trust TrueShares Equity Hedge ETF
ONEO,State Street SPDR Russell 1000 Momentum Focus ETF
ONEQ,Fidelity Nasdaq Composite Index ETF
ONEV,State Street SPDR Russell 1000 Low Volatility Focus ETF
ONEY,State Street SPDR Russell 1000 Yield Focus ETF
ONEZ,Elevation Series Trust TrueShares Seasonality Laddered Buffere
ONG,Themes ETF Trust Leverage Shares 2X Long ON Daily ETF
ONLN,ProShares Online Retail ETF
ONOF,Global X Adaptive U.S. Risk Management ETF
ONX,Investment Managers Series Trust II Tradr 2X Long ON Daily ETF
OOSP,Spinnaker ETF Series Obra Opportunistic Structured Products ET
OPEG,Leverage Shares 2X Long OPEN Daily ETF
OPER,ETF Series Solutions ETF ClearShares Ultra-Short Maturity ETF
OPEX,Investment Managers Series Trust II Tradr 2X Long OPEN Daily E
OPPE,WisdomTree European Opportunities Fund
OPPJ,WisdomTree Japan Opportunities Fund
OPTZ,Optimize Strategy Index ETF
ORAC,Corgi ETF Trust I Corgi ORCL 2x Daily ETF
ORBX,Global X Space Tech ETF
ORCS,Direxion Daily ORCL Bear 1X ETF
ORCU,Direxion Daily ORCL Bull 2X ETF
ORCX,Defiance Daily Target 2X Long ORCL ETF
ORO,Arrow Investments Trust Arrow Valtoro ETF
ORR,Militia Long/Short Equity ETF
OSCV,Opus Small Cap Value ETF
OSCX,Defiance Daily Target 2x Long OSCR ETF
OSEA,Harbor ETF Trust Harbor International Compounders ETF
OTGL,OTG Latin America ETF
OUNZ,Vaneck Merk Gold ETF
OUSA,ALPS O'Shares U.S. Quality Dividend ETF
OUSL,Tidal Trust II Defiance Daily Target 2X Long OUST ETF
OUSM,ALPS O'Shares U.S. Small-Cap Quality Dividend ETF
OVB,Overlay Shares Core Bond ETF
OVF,Overlay Shares Foreign Equity ETF
OVL,Overlay Shares Large Cap Equity ETF
OVLH,Overlay Shares Hedged Large Cap Equity ETF
OVM,Overlay Shares Municipal Bond ETF
OVS,Overlay Shares Small Cap Equity ETF
OVT,Overlay Shares Short Term Bond ETF
OWN,Inside Ownership 100 ETF
OWNB,Bitwise Funds Trust Bitwise Bitcoin Standard Corporations ETF
OWNS,Quaker Investment Trust CCM Affordable Housing MBS ETF
OZEM,Roundhill GLP-1 & Weight Loss ETF
PAAA,PGIM ETF Trust PGIM AAA CLO ETF
PAB,PGIM Active Aggregate Bond ETF
PABD,iShares Paris-Aligned Climate Optimized MSCI World ex USA ETF
PABU,iShares Paris-Aligned Climate Optimized MSCI USA ETF
PALC,Pacer Lunt Large Cap Multi-Factor Alternator ETF
PALD,Direxion Daily PANW Bear 1X ETF
PALL,abrdn Physical Palladium Shares ETF
PALU,Direxion Daily PANW Bull 2X ETF
PAMC,Pacer Lunt MidCap Multi-Factor Alternator ETF
PANG,Leverage Shares 2X Long PANW Daily ETF
PAPI,Morgan Stanley ETF Trust Parametric Equity Premium Income ETF
PAPR,Innovator U.S. Equity Power Buffer ETF - April
PATN,Pacer Nasdaq International Patent Leaders ETF
PATX,Investment Managers Series Trust II Tradr 2X Long PATH Daily E
PAUG,Innovator U.S. Equity Power Buffer ETF - August
PAVE,Global X Funds Global X U.S. Infrastructure Development ETF
PAWZ,ProShares Pet Care ETF
PAYR,Federated Hermes ETF Trust Federated Hermes Enhanced Income ET
PBAP,PGIM S&P 500 Buffer 20 ETF - April
PBAU,PGIM S&P 500 Buffer 20 ETF - August
PBD,Invesco Global Clean Energy ETF
PBDC,Putnam ETF Trust Putnam BDC Income ETF
PBDE,PGIM S&P 500 Buffer 20 ETF - December
PBE,Invesco Biotechnology & Genome ETF
PBEU,Portfolio Building Block European Banks Index ETF
PBFB,PGIM S&P 500 Buffer 20 ETF - February
PBFR,PGIM Laddered S&P 500 Buffer 20 ETF
PBJ,Invesco Food & Beverage ETF
PBJA,PGIM S&P 500 Buffer 20 ETF - January
PBJL,PGIM S&P 500 Buffer 20 ETF - July
PBJN,PGIM S&P 500 Buffer 20 ETF - June
PBL,PGIM ETF Trust PGIM Portfolio Ballast ETF
PBMR,PGIM S&P 500 Buffer 20 ETF - March
PBMY,PGIM S&P 500 Buffer 20 ETF - May
PBNV,PGIM S&P 500 Buffer 20 ETF - November
PBOC,PGIM S&P 500 Buffer 20 ETF - October
PBOG,Portfolio Building Block Integrated Oil and Gas and Exploratio
PBOT,The 2023 ETF Series Trust Pictet AI & Automation ETF
PBP,Invesco S&P 500 BuyWrite ETF
PBPH,Portfolio Building Block World Pharma and Biotech Index ETF
PBQQ,PGIM Laddered Nasdaq-100 Buffer 12 ETF
PBRG,Leverage Shares 2X Long PBR Daily ETF
PBSE,PGIM S&P 500 Buffer 20 ETF - September
PBTP,Invesco 0-5 Yr US TIPS ETF
PBUS,Invesco MSCI USA ETF
PBW,Invesco WilderHill Clean Energy ETF
PCEF,Invesco CEF Income Composite ETF
PCFI,FundVantage Trust Polen Floating Rate Income ETF
PCHI,FundVantage Trust Polen High Income ETF
PCI,PGIM ETF Trust PGIM Corporate Bond 5-10 Year ETF
PCL,PGIM ETF Trust PGIM Corporate Bond 10+ Year ETF
PCLG,FundVantage Trust Polen Focus Growth ETF
PCLN,The 2023 ETF Series Trust Pictet Cleaner Planet ETF
STXK,EA Series Trust Strive Small-Cap ETF
STXL,Tidal Trust II Defiance Daily Target 2x Long STX ETF
STXT,EA Series Trust Strive Total Return Bond ETF
STXU,Themes ETF Trust Leverage Shares 2X Long STX Daily ETF
STXV,EA Series Trust Strive 1000 Value ETF
STXX,Investment Managers Series Trust II Tradr 2X Long STX Daily ET
SUB,iShares Short-Term National Muni Bond ETF
SUIL,Volatility Shares Trust 2x Sui ETF
SUIS,Canary Staked SUI ETF
SUPL,ProShares Trust ProShares Supply Chain Logistics ETF
SUPP,TCW Transform Supply Chain ETF
SURE,AdvisorShares Insider Advantage ETF
SURI,Simplify Exchange Traded Funds Simplify Propel Opportunities E
SUSA,iShares ESG Optimized MSCI USA ETF
SUSB,iShares ESG Aware 1-5 Year USD Corporate Bond ETF
SUSC,iShares ESG Aware USD Corporate Bond ETF
SUSL,iShares ESG MSCI USA Leaders ETF
SVAL,iShares US Small Cap Value Factor ETF
SVIX,VS TR -1x Short VIX Futures ETF
SVOL,Simplify Volatility Premium ETF
SVXY,ProShares Short VIX Short Term Futures ETF
SWAN,Amplify ETF Trust Amplify BlackSwan Growth & Treasury Core ETF
SWP,SWP Growth & Income ETF
SXQG,ETC 6 Meridian Quality Growth ETF
SYFI,AB Active ETFs Inc. AB Short Duration High Yield ETF
SYLD,Cambria Shareholder Yield ETF
SYSB,iShares Systematic Bond ETF
SYZ,Lazard US Systematic Small Cap Equity ETF
SZK,ProShares UltraShort Consumer Staples
TABD,The 2023 ETF Series Trust Transamerica Bond Active ETF
TACK,Capitol Series Trust Fairlead Tactical Sector ETF
TACN,T. Rowe Price Exchange-Traded Funds Inc. T. Rowe Price Active
TACU,T. Rowe Price Exchange-Traded Funds Inc. T. Rowe Price Active
TAFI,AB Active ETFs Inc. AB Tax-Aware Short Duration Municipal ETF
TAFL,AB Active ETFs Inc. AB Tax-Aware Long Municipal ETF
TAFM,AB Active ETFs Inc. AB Tax-Aware Intermediate Municipal ETF
TAGG,T. Rowe Price QM U.S. Bond ETF
TAGS,Teucrium Agricultural Fund ETV
TAIL,Cambria Tail Risk ETF
TALV,The 2023 ETF Series Trust Transamerica Large Value Active ETF
TAN,Invesco Solar ETF
TAOZ,Thornburg American Opportunities Fund
TAPR,Innovator ETFs Trust Innovator Equity Defined Protection ETF -
TARK,Tradr 2X Long Innovation ETF
TAWN,Bank Of Montreal MicroSectors 3x Long Taiwan ETNs
TAX,Cambria Tax Aware ETF
TAXE,Intermediate Municipal Income ETF
TAXF,American Century Diversified Municipal Bond ETF
TAXI,Northern Trust Intermediate Tax-Exempt Bond ETF
TAXM,BondBloxx ETF Trust BondBloxx IR+M Tax-Aware ETF for Massachus
TAXS,Northern Trust Short-Term Tax-Exempt Bond ETF
TAXT,Northern Trust Tax-Exempt Bond ETF
TAXX,BondBloxx ETF Trust BondBloxx IR+M Tax-Aware Short Duration ET
TBF,ProShares Short 20+ Year Treasury
TBFC,ETF Series Solutions The Brinsmere Fund  Conservative ETF
TBFG,ETF Series Solutions The Brinsmere Fund Growth ETF
TBG,EA Series Trust TBG Dividend Focus ETF
TBIL,F/m US Treasury 3 Month Bill Fund
TBJL,Innovator 20  Year Treasury Bond 9 Buffer ETF - July
TBLL,Invesco Short Term Treasury ETF
TBLU,Tortoise Global Water ETF
TBT,ProShares UltraShort Lehman 20  Year Treasury
TBUX,T. Rowe Price Ultra Short-Term Bond ETF
TBX,ProShares Short 7 10 Year Treasury
TBXU,Direxion Shares ETF Trust Direxion Daily Biotech Top 5 Bull 2X
TCAF,T. Rowe Price Exchange-Traded Funds Inc. T. Rowe Price Capita
TCAI,Tortoise Capital Series Trust Tortoise AI Infrastructure ETF
TCAL,T. Rowe Price Exchange-Traded Funds Inc. T. Rowe Price Capita
TCAN,21Shares Canton Network ETF
TCHI,iShares MSCI China Multisector Tech ETF
TCHP,T. Rowe Price Blue Chip Growth ETF
TCPB,Thrivent ETF Trust Thrivent Core Plus Bond ETF
TCV,EA Series Trust Towle Value ETF
TDAQ,ETF Opportunities Trust TappAlpha Innovation 100 Growth & Dail
TDAX,ETF Opportunities Trust TDAQ Lift ETF
TDEC,First Trust Exchange-Traded Fund VIII FT Vest Emerging Markets
TDI,Touchstone Dynamic International ETF
TDIV,First Trust NASDAQ Technology Dividend Index Fund
TDOG,21Shares Dogecoin ETF
TDOT,21shares Polkadot ETF
TDSB,ETC Cabana Target Beta ETF
TDSC,ETC Cabana Target Drawdown 10 ETF
TDTF,Northern Trust iBoxx 5-Year Target Duration TIPS ETF
TDTT,Northern Trust iBoxx 3-Year Target Duration TIPS ETF
TDV,ProShares S&P Technology Dividend Aristocrats ETF
TDVG,T. Rowe Price Dividend Growth ETF
TDVI,FT Vest Technology Dividend Target Income ETF
TEC,Harbor ETF Trust Harbor Transformative Technologies ETF
TECB,iShares U.S. Tech Breakthrough Multisector ETF
TECL,Direxion Daily Technology Bull 3X ETF
TECS,Direxion Daily Technology Bear 3X ETF
TECY,GraniteShares YieldBOOST Technology ETF
TEK,BlackRock ETF Trust iShares Technology Opportunities Active ET
TEKX,State Street Galaxy Transformative Tech Accelerators ETF
TEKY,Lazard Next Gen Technologies ETF
TELG,Themes ETF Trust Leverage Shares 2X Long TEL Daily ETF
TEMC,Corgi ETF Trust I Corgi TEM 2x Daily ETF
TEMD,Franklin Templeton ETF Trust Templeton Emerging Markets Debt E
TEMT,Tradr 2X Long TEM Daily ETF
TEMX,Touchstone ETF Trust Touchstone Sands Capital Emerging Markets
TEND,iShares Trust iShares Large Cap 10% Target Buffer Dec ETF
TENJ,iShares Trust iShares Large Cap 10% Target Buffer Jun ETF
TENM,iShares Trust iShares Large Cap 10% Target Buffer Mar ETF
TEQI,T. Rowe Price Equity Income ETF
TERC,Corgi ETF Trust I Corgi TER 2x Daily ETF
TERG,Leverage Shares 2x Long TER Daily ETF
TESL,Simplify Volt TSLA Revolution ETF
TETH,21Shares Ethereum Staking ETF
TEXN,iShares Texas Equity ETF
TEXU,Direxion Shares ETF Trust Direxion Daily Energy Top 5 Bull 2X
TEXX,Horizon Kinetics Texas ETF
TFFI,Tidal Trust II Chesapeake Trend-Following Fixed Income ETF
TFGZ,Thornburg Focus Growth Fund
TFI,State Street SPDR Nuveen ICE Municipal Bond ETF
TFJL,Innovator 20  Year Treasury Bond 5 Floor ETF - July
TFLO,iShares Treasury Floating Rate Bond ETF
TFLR,T. Rowe Price Exchange-Traded Funds Inc. T. Rowe Price Floati
TFNS,T. Rowe Price Financials ETF
TFPN,Blueprint Chesapeake Multi-Asset Trend ETF
TGLB,T. Rowe Price Exchange-Traded Funds Inc. T. Rowe Price Global
TGLR,Wedbush Series Trust Wedbush LAFFER TENGLER New Era Value ETF
TGRT,T. Rowe Price Exchange-Traded Funds Inc. T. Rowe Price Growth
TGRW,T. Rowe Price Growth Stock ETF
THD,iShares Inc iShares MSCI Thailand ETF
THEQ,T. Rowe Price Exchange-Traded Funds Inc. T. Rowe Price Hedged
THIR,THOR Financial Technologies Trust THOR Index Rotation ETF
THLV,THOR Equal Weight Low Volatility ETF
THMR,THOR Financial Technologies Trust THOR AdaptiveRisk Dynamic ET
THMZ,Lazard Equity Megatrends ETF
THNQ,ROBO Global Artificial Intelligence ETF
THNR,Amplify ETF Trust Amplify Weight Loss Drug & Treatment ETF
THOR,Thornburg ETF Trust Thornburg Premium Income Builder ETF
THRO,iShares U.S. Thematic Rotation Active ETF
THRV,Prospera Income ETF
THTA,SoFi Enhanced Yield ETF
THY,Toews Agility Shares Dynamic Tactical Income ETF
THYF,T. Rowe Price Exchange-Traded Funds Inc. T. Rowe Price U.S. H
THYM,T. Rowe Price High Income Municipal ETF
THYP,21shares Hyperliquid ETF
TIER,T. Rowe Price Exchange-Traded Funds Inc. T. Rowe Price Intern
TIIV,ETF Series Solutions AAM Todd International Intrinsic Value ET
TILL,Listed Funds Trust Teucrium Agricultural Strategy No K-1 ETF
TILT,Northern Trust Morningstar US Market Factor Tilt ETF
TIME,Clockwise U.S. Core Equity ETF
TINS,Franklin Templeton ETF Trust Templeton International Insights
TINT,ProShares Smart Materials ETF
TINY,ProShares Nanotechnology ETF
TIP,iShares TIPS Bond ETF
TIPA,Northern Funds Northern Trust 2030 Inflation-Linked Distributi
TIPB,Northern Funds Northern Trust 2035 Inflation-Linked Distributi
TIPC,Northern Funds Northern Trust 2045 Inflation-Linked Distributi
TIPD,Northern Funds Northern Trust 2055 Inflation-Linked Distributi
TIPE,Northern Funds Northern Trust 2031 Inflation-Linked Distributi
TIPF,Northern Funds Northern Trust 2036 Inflation-Linked Distributi
TIPG,Northern Funds Northern Trust 2046 Inflation-Linked Distributi
TIPH,Northern Funds Northern Trust 2056 Inflation-Linked Distributi
TIPX,State Street SPDR Bloomberg 1a??10 Year TIPS ETF
TIPZ,PIMCO Broad U.S. TIPS Index Exchange-Traded Fund
TJAN,Innovator ETFs Trust Innovator Equity Defined Protection ETF -
TJUL,Innovator Equity Defined Protection ETF - 2 Yr to July 2027
TJUN,First Trust Exchange-Traded Fund VIII FT Vest Emerging Markets
TKNQ,Amplify Tokenization Technology Leaders ETF
TKNS,21Shares Active Crypto ETF
TKNZ,T. Rowe Price Active Crypto ETF T. Rowe Price Active Crypto ET
TLA,GraniteShares Autocallable TSLA ETF
TLCI,Touchstone ETF Trust Touchstone International Equity ETF
TLG,Touchstone Large Company Growth ETF
TLH,iShares 10-20 Year Treasury Bond ETF
TLT,iShares 20+ Year Treasury Bond ETF
TLTD,Northern Trust Morningstar Developed Markets ex-US Factor Tilt
TLTE,Northern Trust Morningstar Emerging Markets Factor Tilt ETF
TLTI,NEOS ETF Trust NEOS Enhanced Income 20+ Year Treasury Bond ETF
TLTP,Amplify TLT U.S. Treasury 12% Option Income ETF
TLTW,iShares Trust iShares 20+ Year Treasury Bond BuyWrite Strategy
TLTX,Global X Funds Global X Treasury Bond Enhanced Income ETF
TMAR,First Trust Exchange-Traded Fund VIII FT Vest Emerging Markets
TMAT,Main Thematic Innovation ETF
TMB,Thornburg Multi Sector Bond ETF
TMDV,ProShares Russell US Dividend Growers ETF
TMED,T. Rowe Price Health Care ETF
TMF,Direxion Daily 20+ Year Treasury Bull 3X ETF
TMFC,Motley Fool 100 Index ETF
TMFE,The RBB Fund Inc. Motley Fool Capital Efficiency 100 Index ET
TMFG,Motley Fool Global Opportunities ETF
TMFM,Motley Fool Mid-Cap Growth ETF
TMFS,Motley Fool Small-Cap Growth ETF
TMFX,The RBB Fund Inc. Motley Fool Next Index ETF
TMH,Precidian ETFs Trust Toyota Motor Corporation ADRhedged
TMLP,Tortoise Capital Series Trust Tortoise MLP ETF
TMNL,T. Rowe Price Long Municipal Income ETF
TMNS,T. Rowe Price Short Municipal Income ETF
TMSF,T. Rowe Price Multi-Sector Income ETF
TMSL,T. Rowe Price Exchange-Traded Funds Inc. T. Rowe Price Small-
TMV,Direxion Daily 20+ Year Treasury Bear 3X ETF
TMVE,Thrivent ETF Trust Thrivent Mid Cap Value ETF
TMYY,GraniteShares YieldBOOST TSM ETF
TNA,Direxion Daily Small Cap Bull 3X ETF
TNUK,Tortoise Capital Series Trust Tortoise Nuclear Renaissance ETF
TNXT,T. Rowe Price Innovation Leaders ETF
TOAK,Manager Directed Portfolios Twin Oak Short Horizon Absolute Re
TOAO,The RBB Fund Trust Twin Oak Active Opportunities III ETF
TOCT,Innovator ETFs Trust Innovator Equity Defined Protection ETF -
TOGA,Managed Portfolio Series Tremblant Global ETF
TOK,iShares MSCI Kokusai ETF
TOLL,Tema ETF Trust Tema Monopolies and Oligopolies ETF
TOLZ,ProShares DJ Brookfield Global Infrastructure ETF
TOPC,iShares Trust iShares S&P 500 3% Capped ETF
TOPT,iShares Trust iShares Top 20 U.S. Stocks ETF
TOPW,Roundhill Top WeeklyPay ETF
TOS,The RBB Fund Trust Twin Oak Strategic Solutions ETF
TOT,Advisor Managed Portfolios LionShares U.S. Equity Total Return
TOTL,State Street DoubleLine Total Return Tactical ETF
TOTR,T. Rowe Price Total Return ETF
TOUS,T. Rowe Price Exchange-Traded Funds Inc. T. Rowe Price Intern
TOV,EA Series Trust JLens 500 Jewish Advocacy U.S. ETF
TPEI,Bank Of Montreal MicroSectors -3x Short Taiwan ETNs
TPFC,The Timothy Plan Timothy Plan Free Cash Flow ETF
TPFG,The Timothy Plan Timothy Plan Free Cash Flow Growth ETF
TPFI,The Timothy Plan Timothy Plan Fixed Income ETF
TPHD,Timothy Plan High Dividend Stock ETF
TPIF,Timothy Plan International ETF
TPLC,Timothy Plan US Large/Mid Cap Core ETF
TPLS,Thornburg Core Plus Bond ETF
TPOR,Direxion Daily Transportation Bull 3X ETF
TPRY,Tidal Trust III VistaShares Target 15 TEPRTantrum Contrarian D
TPSC,Timothy Plan US Small Cap Core ETF
TPUT,T. Rowe Price Exchange-Traded Funds Inc. T. Rowe Price Capita
TPYP,Tortoise North American Pipeline ETF
TPZ,Tortoise Electrification Infrastructure ETF
TQQQ,ProShares UltraPro QQQ
TQQY,GraniteShares YieldBOOST QQQ ETF
TRBF,Angel Oak Total Return ETF
TRFK,Pacer Funds Pacer Data and Digital Revolution ETF
TRFM,ETF Series Solutions AAM Transformers ETF
TRIO,EA Series Trust MC Trio Equity Buffered ETF
TRND,Pacer Trendpilot Fund of Funds ETF
TROT,Invesco Exchange-Traded Fund Trust II Invesco MSCI Treasury Du
TRPA,Hartford AAA CLO ETF
TRSY,DBX ETF Trust Xtrackers US 0-1 Year Treasury ETF
TRTY,Cambria Trinity ETF
TRUC,VanEck Communication Services TruSector ETF
TRUD,VanEck Consumer Discretionary TruSector ETF
TRUF,VanEck Financials TruSector ETF
TRUH,VanEck Healthcare TruSector ETF
TRUI,VanEck Industrials TruSector ETF
TRUO,VanEck Consumer Staples TruSector ETF
TRUT,VanEck Technology TruSector ETF
TSCM,TimesSquare Quality Mid Cap Growth ETF
TSCV,Thrivent ETF Trust Thrivent Small Cap Value ETF
TSCZ,T. Rowe Price Exchange-Traded Funds Inc. T. Rowe Price Securi
TSDD,GraniteShares 2x Short TSLA Daily ETF
TSEC,Touchstone ETF Trust Touchstone Securitized Income ETF
TSEG,Themes ETF Trust Leverage Shares 2X Long TSEM Daily ETF
TSEL,Touchstone Sands Capital US Select Growth ETF
TSEP,First Trust Exchange-Traded Fund VIII FT Vest Emerging Market
TSES,Yorkville America Investment Trust Truth Social American Energ
TSEU,Tradr 2X Long CIEN Daily ETF Tradr 2X Long TSEM Daily ETF
TSIC,Yorkville America Investment Trust Truth Social American Icons
TSII,REX TSLA Growth & Income ETF
TSL,GraniteShares 1.25x Long TSLA Daily ETF
TSLG,Leverage Shares 2X Long TSLA Daily ETF
TSLL,Direxion Daily TSLA Bull 2X ETF
TSLP,Kurv Yield Premium Strategy Tesla (TSLA) ETF
TSLQ,Tradr 2X Short TSLA Daily ETF
TSLR,GraniteShares 2x Long TSLA Daily ETF
TSLS,Direxion Daily TSLA Bear 1X ETF
TSLT,ETF Opportunities Trust T-REX 2X Long Tesla Daily Target ETF
TSLW,Roundhill ETF Trust Roundhill TSLA WeeklyPay ETF
TSLY,Tidal ETF Trust II YieldMax TSLA Option Income Strategy ETF
TSLZ,ETF Opportunities Trust T-Rex 2X Inverse Tesla Daily Target ET
TSME,Thrivent Small-Mid Cap Equity ETF
TSMG,Leverage Shares 2X Long TSM Daily ETF
TSMU,GraniteShares 2x Long TSM Daily ETF
TSMX,Direxion Daily TSM Bull 2X ETF
TSMY,Tidal Trust II YieldMax TSM Option Income Strategy ETF
TSMZ,Direxion Daily TSM Bear 1X ETF
TSNF,Yorkville America Investment Trust Truth Social American Next
TSOL,21shares Solana ETF
TSPA,T. Rowe Price U.S. Equity Research ETF
TSPX,Manager Directed Portfolios Twin Oak Active Opportunities ETF
TSPY,TappAlpha S&P 500 Growth & Daily Income ETF
TSRS,Yorkville America Investment Trust Truth Social American Red S
TSSD,Yorkville America Investment Trust Truth Social American Secur
TSUI,21Shares Sui ETF
TSXD,Direxion Shares ETF Trust Direxion Daily Semiconductors Top 5
TSXU,Direxion Shares ETF Trust Direxion Daily Semiconductors Top 5
TSYW,Roundhill ETF Trust Roundhill Treasury Bond WeeklyPay ETF
TSYX,TSPY Lift ETF
TSYY,GraniteShares YieldBOOST TSLA ETF
TTDU,ETF Opportunities Trust T-REX 2X Long TTD Daily Target ETF
TTEQ,T. Rowe Price Technology ETF
TTMX,Tradr 2X Long CIEN Daily ETF Tradr 2X Long TTMI Daily ETF
TTOP,Listed Funds Trust 21Shares FTSE Crypto 10 Index ETF
TTT,ProShares UltraPro Short 20 Year Treasury
TTXD,Direxion Shares ETF Trust Direxion Daily Technology Top 5 Bear
TTXU,Direxion Shares ETF Trust Direxion Daily Technology Top 5 Bull
TUA,Simplify Exchange Traded Funds Simplify Short Term Treasury Fu
TUG,STF Tactical Growth ETF
TUR,iShares MSCI Turkey ETF
TURF,T. Rowe Price Natural Resources ETF
TUSB,Thrivent ETF Trust Thrivent Ultra Short Bond ETF
TUSI,Touchstone ETF Trust Touchstone Ultra Short Income ETF
TVAL,T. Rowe Price Exchange-Traded Funds Inc. T. Rowe Price Value
TWM,ProShares UltraShort Russell2000
TWOX,iShares Large Cap Accelerated Outcome ETF
TXBC,Listed Funds Trust 21Shares FTSE Crypto 10 ex-BTC Index ETF
TXNU,Direxion Shares ETF Trust Direxion Daily TXN Bull 2X ETF
TXUE,Thornburg International Equity ETF
TXUG,Thornburg International Growth Fund ETF
TXXD,21Shares 2x Long Dogecoin ETF
TXXH,21Shares 2x Long HYPE ETF
TXXI,BondBloxx ETF Trust BondBloxx IR+M Tax-Aware Intermediate Dura
TXXS,21Shares 2x Long Sui ETF
TYA,Simplify Intermediate Term Treasury Futures Strategy ETF
TYD,Direxion Daily 7-10 Year Treasury Bull 3X ETF
TYLD,Cambria ETF Trust Cambria Tactical Yield ETF
TYLG,Global X Funds Global X Information Technology Covered Call &
TYO,Direxion Daily 7-10 Year Treasury Bear 3X ETF
TYYY,Exchange Listed Funds Trust xETFs TSLA Daily Income ETF
TZA,Direxion Daily Small Cap Bear 3X ETF
UAE,iShares MSCI UAE ETF
AAA,Alternative Access First Priority CLO Bond ETF
AAAA,EA Series Trust Amplius Aggressive Asset Allocation ETF
AAAC,Columbia AAA CLO ETF
AAAU,Goldman Sachs Physical Gold ETF Shares
AADR,AdvisorShares Dorsey Wright ADR ETF
AAEQ,Alpha Architect US Equity 2 ETF
AALG,Leverage Shares 2X Long AAL Daily ETF
AAOG,Themes ETF Trust Leverage Shares 2X Long AAOI Daily ETF
AAOX,Investment Managers Series Trust II Tradr 2X Long AAOI Daily E
AAPB,GraniteShares 2x Long AAPL Daily ETF
AAPD,Direxion Daily AAPL Bear 1X ETF
AAPR,Innovator Equity Defined Protection ETF - 2 Yr to April 2028
AAPU,Direxion Daily AAPL Bull 2X ETF
AAPW,Roundhill ETF Trust Roundhill AAPL WeeklyPay ETF
AAPX,ETF Opportunities Trust T-Rex 2X Long Apple Daily Target ETF
AAPY,Kurv Yield Premium Strategy Apple (AAPL) ETF
AAUA,EA Series Trust Alpha Architect US Equity 3 ETF
AAUB,Alpha Architect US Equity 4 ETF
AAUS,Alpha Architect US Equity ETF
AAVM,Alpha Architect Global Factor Equity ETF
AAXJ,iShares MSCI All Country Asia ex Japan ETF
ABCS,Alpha Blue Capital US Small-Mid Cap Dynamic ETF
ABEQ,Absolute Select Value ETF
ABFL,Abacus FCF Leaders ETF
ABI,VictoryShares Pioneer Asset-Based Income ETF
ABIG,Argent Large Cap ETF
ABLD,Abacus FCF Real Assets Leaders ETF
ABLG,Abacus FCF International Leaders ETF
ABLS,Abacus FCF ETF Trust Abacus FCF Small Cap Leaders ETF
ABOT,Abacus FCF Innovation Leaders ETF
ABUF,ETF Series Solutions Aptus Laddered Buffer ETF
ABXB,Abacus Flexible Bond Leaders ETF
ACEI,Innovator ETFs Trust Innovator Equity Autocallable Income Stra
ACEP,ARS Core Equity Portfolio ETF
ACES,ALPS Clean Energy ETF
ACGR,American Century Large Cap Growth ETF
ACHX,Corgi ETF Trust I Corgi ACHR 2x Daily ETF
ACII,Innovator ETFs Trust Innovator Index Autocallable Income Strat
ACIO,Aptus Collared Investment Opportunity ETF
ACKY,Tidal Trust III VistaShares Target 15 ACKtivist Distribution E
ACLC,American Century Large Cap Equity ETF
ACLO,TCW AAA CLO ETF
ACSG,American Century ETF Trust American Century Small Cap Growth I
ACSI,American Customer Satisfaction ETF
ACSV,American Century ETF Trust American Century Small Cap Value In
ACTS,FIS Trust FIS Tactical Equity ETF
ACVF,American Conservative Values ETF
ACVT,The RBB Fund Trust Advent Convertible Bond ETF
ACVU,Hartford Alpha Capture Value ETF
ACWI,iShares MSCI ACWI ETF
ACWV,iShares MSCI Global Min Vol Factor ETF
ACWX,iShares MSCI ACWI ex U.S. ETF
ACYS,First Trust Exchange-Traded Fund FT Vest Laddered Autocallable
ADBG,Leverage Shares 2X Long ADBE Daily ETF
ADBU,Direxion Shares ETF Trust Direxion Daily ADBE Bull 2X ETF
ADIU,Themes ETF Trust Leverage Shares 2X Long ADI Daily ETF
ADIV,Guinness Atkinson Asia Pacific Dividend Builder ETF
ADME,APTUS Drawdown Managed Equity ETF
ADPV,Series Portfolios Trust Adaptiv Select ETF
ADVE,Matthews International Funds Matthews Asia Dividend Active ETF
AEHG,Themes ETF Trust Leverage Shares 2X Long AEHR Daily ETF
AELV,Harbor ETF Trust Harbor AlphaEdge Large Cap Value ETF
AEMC,Harbor ETF Trust Harbor AlphaEdge Mid Cap Core ETF
AEMG,Harbor ETF Trust Harbor AlphaEdge Mid Cap Growth ETF
AEMV,Harbor ETF Trust Harbor AlphaEdge Mid Cap Value ETF
AESB,Harbor ETF Trust Harbor AlphaEdge Small Cap Core ETF
AESG,Harbor ETF Trust Harbor AlphaEdge Small Cap Growth ETF
AESL,Harbor ETF Trust Harbor AlphaEdge Small Cap Value ETF
AESR,Anfield U.S. Equity Sector Rotation ETF
AETH,Bitwise Trendwise Ether and Treasuries Rotation Strategy ETF
AFDM,First Trust Active Factor International ETF
AFEM,First Trust Active Factor Emerging Markets ETF
AFGR,First Trust Active Factor Large Cap Growth ETF
AFIF,Anfield Universal Fixed Income ETF
AFIX,Allspring Exchange-Traded Funds Trust Allspring Broad Market C
AFK,VanEck Africa Index ETF
AFLG,First Trust Active Factor Large Cap ETF
AFMC,First Trust Active Factor Mid Cap ETF
AFOS,ARS Focused Opportunity Strategy ETF
AFRU,ETF Opportunities Trust T-REX 2X Long AFRM Daily Target ETF
AFSC,abrdn Focused U.S. Small Cap Active ETF
AFSM,First Trust Active Factor Small Cap ETF
AGEM,abrdn Emerging Markets Dividend Active ETF
AGG,iShares Core U.S. Aggregate Bond ETF
AGGA,EA Astoria Beacon Dynamic Core US Fixed Income ETF
AGGH,Simplify Aggregate Bond ETF
AGGM,iShares 1-10 Year U.S. Aggregate Bond ETF
AGGS,Harbor ETF Trust Harbor Disciplined Bond ETF
AGGY,WisdomTree Yield Enhanced U.S. Aggregate Bond Fund
AGIQ,Tidal Trust I SoFi Agentic AI ETF
AGIX,KraneShares Public-Private AI & Technology ETF
AGMI,Themes Silver Miners ETF
AGNG,Global X Aging Population ETF
AGOX,Adaptive Alpha Opportunities ETF
AGQ,ProShares Ultra Silver
AGQI,First Trust Exchange-Traded Fund VIII First Trust Active Globa
AGRW,Allspring Exchange-Traded Funds Trust Allspring LT Large Growt
AGZ,iShares  Agency Bond ETF
AGZD,WisdomTree Interest Rate Hedged U.S. Aggregate Bond Fund
AHD,GraniteShares Autocallable HOOD ETF
AHLT,American Beacon Select Funds AHL Trend ETF
AHYB,American Century Select High Yield ETF
AIA,iShares Asia 50 ETF
AIBD,Direxion Daily AI and Big Data Bear 2X ETF
AIBU,Direxion Daily AI and Big Data Bull 2X ETF
AIEQ,Amplify ETF Trust Amplify AI Powered Equity ETF
AIFD,TCW Artificial Intelligence ETF
AIHY,Tidal Trust IV Defiance AI Hyperscale Leaders ETF
AIMS,Acuitas Small Cap Active ETF
AINP,Allspring Exchange-Traded Funds Trust Allspring Income Plus ET
AINT,Tidal Trust I FINQ DOLLAR NEUTRAL U.S. Large Cap AI-Managed Eq
AIOO,AIM ETF Products Trust AllianzIM U.S. Equity Buffer100 Protect
AIPI,REX AI Equity Premium Income ETF
AIPO,Defiance AI & Power Infrastructure ETF
AIQ,Global X Artificial Intelligence & Technology ETF
AIQD,Bank Of Montreal MicroSectors -3? Short Artificial Intelligenc
AIQU,Bank Of Montreal MicroSectors 3? Long Artificial Intelligence
AIRR,First Trust RBA American Industrial Renaissance ETF
AIS,Tidal Trust III VistaShares Artificial Intelligence Supercycle
AIUP,Tidal Trust I FINQ FIRST U.S. Large Cap AI-Managed Equity ETF
AIVC,Amplify Bloomberg AI Equal Weight ETF
AIVI,WisdomTree International AI Enhanced Value Fund
AIVL,WisdomTree U.S. AI Enhanced Value Fund
AIX,Defiance US 100 Tech AI Moat ETF
AIYY,Tidal Trust II YieldMax AI Option Income Strategy ETF
AJAN,Innovator Equity Defined Protection ETF - 2 Yr to January 2028
AJUL,Innovator Equity Defined Protection ETF - 2 Yr to July 2026
AKRE,Professionally Managed Portfolios Akre Focus ETF
ALA,Corgi ETF Trust I Corgi ALAB 2x Daily ETF
ALAI,The Alger ETF Trust Alger AI Enablers & Adopters ETF
ALBG,Leverage Shares 2X Long ALB Daily ETF
ALIL,Argent Focused Small Cap ETF
ALLW,State Street Bridgewater All Weather ETF
ALRG,Allspring Exchange-Traded Funds Trust Allspring LT Large Core
ALTL,Pacer Lunt Large Cap Alternator ETF
ALTY,Global X Alternative Income ETF
AMA,Defiance Daily Target 2X Long AMAT ETF
AMAU,Themes ETF Trust Leverage Shares 2X Long AMAT Daily ETF
AMAX,Adaptive Hedged Multi-Asset Income ETF
AMDD,Direxion Daily AMD Bear 1X ETF
AMDG,Leverage Shares 2X Long AMD Daily ETF
AMDL,GraniteShares 2x Long AMD Daily ETF
AMDW,Roundhill ETF Trust Roundhill AMD WeeklyPay ETF
AMDY,Tidal Trust II Yieldmax AMD Option Income Strategy ETF
AMID,Argent Mid Cap ETF
AMJB,JPMorgan Chase Financial Co LLC Alerian MLP Index ETN
AMKX,Corgi ETF Trust I Corgi AMKR 2x Daily ETF
AMLP,Alerian MLP ETF
AMMO,Tidal Trust III VistaShares Defense Supercycle ETF
AMOM,QRAFT AI-Enhanced U.S. Large Cap Momentum ETF
AMUB,ETRACS Alerian MLP Index ETN Series B
AMUN,abrdn Ultra Short Municipal Income Active ETF
AMUU,Direxion Daily AMD Bull 2X ETF
AMYY,GraniteShares YieldBOOST AMD ETF
AMZA,InfraCap MLP ETF
AMZD,Direxion Daily AMZN Bear 1X ETF
AMZO,Investment Managers Series Trust II Tradr 2X Short AMZN Daily
AMZP,Kurv Yield Premium Strategy Amazon (AMZN) ETF
AMZU,Direxion Daily AMZN Bull 2X ETF
AMZW,Roundhill ETF Trust Roundhill AMZN WeeklyPay ETF
AMZY,Tidal ETF Trust II YieldMax AMZN Option Income Strategy ETF
AMZZ,GraniteShares 2x Long AMZN Daily ETF
ANEL,Defiance Daily Target 2x Long ANET ETF
ANEW,ProShares MSCI Transformational Changes ETF
ANGL,VanEck Fallen Angel High Yield Bond ETF
ANGU,SEI Ang Research Enhanced U.S. Large Cap ETF
ANTW,Harbor ETF Trust Anthropic AI Lab Ecosystem ETF
ANV,GraniteShares Autocallable NVDA ETF
AOA,iShares Core 80/20 Aggressive Allocation ETF
AOCT,Innovator Equity Defined Protection ETF - 2 Yr to October 2026
AOHY,Angel Oak High Yield Opportunities ETF
AOK,iShares Core 30/70 Conservative Allocation ETF
AOM,iShares Core 40/60 Moderate Allocation ETF
AOR,iShares Core 60/40 Balanced Allocation ETF
AOTG,AOT Growth and Innovation ETF
APCB,Trust for Professional Managers ActivePassive Core Bond ETF
APHG,Themes ETF Trust Leverage Shares 2X Long APH Daily ETF
APHU,ETF Opportunities Trust T-REX 2X Long APH Daily Target ETF
APIE,Trust for Professional Managers ActivePassive International Eq
APLU,Allspring Exchange-Traded Funds Trust Allspring Core Plus ETF
APLX,Tradr 2X Long APLD Daily ETF
APLY,Tidal ETF Trust II YieldMax AAPL Option Income Strategy ETF
APLZ,Investment Managers Series Trust II Tradr 2X Short APLD Daily
APMI,Corgi ETF Trust I Corgi AMAT 2x Daily ETF
APMU,Trust for Professional Managers ActivePassive Intermediate Mun
APOC,Innovator Equity Defined Protection ETF - 6mo Apr/Oct
APPX,Tradr 2X Long APP Daily ETF
APRB,ETF Series Solutions Aptus April Buffer ETF
APRH,Innovator ETFs Trust Innovator Premium Income 20 Barrier ETF -
APRJ,Innovator ETFs Trust Innovator Premium Income 30 Barrier ETF -
APRP,PGIM S&P 500 Buffer 12 ETF - April
APRT,AllianzIM U.S. Large Cap Buffer10 Apr ETF
APRW,AllianzIM U.S. Large Cap Buffer20 Apr ETF
APRZ,TrueShares Structured Outcome (April) ETF
APUE,Trust for Professional Managers ActivePassive U.S. Equity ETF
APXM,First Trust Exchange-Traded Fund VIII FT Vest U.S. Equity Max
AQEC,ETF Opportunities Trust AQE Core ETF
AQLG,HCM Large Cap Growth ETF
AQLT,iShares Trust iShares MSCI Global Quality Factor ETF
AQWA,Global X Clean Water ETF
ARB,AltShares Merger Arbitrage ETF
ARCM,Arrow Reserve Capital Management ETF
ARCP,Aristotle Funds Series Trust Aristotle Core Plus Income ETF
ARCX,Tradr 2X Long ACHR Daily ETF
ARGT,Global X MSCI Argentina ETF
ARKB,ARK 21Shares Bitcoin ETF Common Shares of Beneficial Interests
ARKD,ARK ETF Trust ARK DIET Q1 Buffer ETF
ARKE,ARK ETF Trust ARK DIET Q3 Buffer ETF
ARKF,ARK Blockchain & Fintech Innovation ETF
ARKG,ARK Genomic Revolution ETF
ARKI,ARK ETF Trust ARK DIET Q2 Buffer ETF
ARKK,ARK Innovation ETF
ARKQ,ARK Autonomous Technology & Robotics ETF
ARKT,ARK ETF Trust ARK DIET Q4 Buffer ETF
ARKW,ARK Next Generation Internet ETF
ARKX,ARK Space & Defense Innovation ETF
ARLI,AIM ETF Products Trust AllianzIM International Equity Buffer15
ARLU,AllianzIM U.S. Equity Buffer15 Uncapped Apr ETF
ARMG,Leverage Shares 2X Long ARM Daily ETF
ARMH,Precidian ETFs Trust Arm Holdings PLC ADRhedged
ARMS,Aristotle Funds Series Trust Aristotle Multi-Sector Income ETF
ARMW,Roundhill ETF Trust Roundhill ARM WeeklyPay ETF
ARMY,Tema International Defense ETF
ARP,The Advisors Inner Circle Fund II PMV Adaptive Risk Parity ETF
ARTY,iShares Future AI & Tech ETF
ARVR,First Trust Indxx Metaverse ETF
ARWG,Archer Growth ETF Archer Growth ETF
ASCE,Allspring Exchange-Traded Funds Trust Allspring SMID Core ETF
ASCI,abrdn International Small Cap Active ETF
ASD,Defiance Autism Impact ETF
ASEA,Global X FTSE Southeast Asia ETF
ASEC,American Century Securitized Credit ETF
ASGM,Virtus ETF Trust II Virtus AlphaSimplex Global Macro ETF
ASHR,Xtrackers Harvest CSI 300 China A-Shares ETF
ASHS,Xtrackers Harvest CSI 500 China A-Shares Small Cap ETF
ASIA,Matthews International Funds Matthews Pacific Tiger Active ETF
ASLV,Allspring Exchange-Traded Funds Trust Allspring Special Large
ASMF,Virtus ETF Trust II Virtus AlphaSimplex Managed Futures ETF
ASMG,Leverage Shares 2X Long ASML Daily ETF
ASMH,Precidian ETFs Trust ASML Holding NV ADRhedged
ASMU,Direxion Daily ASML Bull 2X ETF
ASMZ,Corgi ETF Trust I Corgi ASML 2x Daily ETF
ASTG,Themes ETF Trust Leverage Shares 2X Long ASTS Daily ETF
ASTN,Tidal Trust II Defiance Daily Target 2X Short ASTS ETF
ASTX,Tradr 2X Long ASTS Daily ETF
ATC,GraniteShares Autocallable COIN ETF
ATCL,REX ETF Trust REX Autocallable Income ETF
ATFV,Alger 35 ETF
ATMP,iPath Select MLP ETN
ATTR,EA Series Trust Arin Tactical Tail Risk ETF
AUAU,Global X Funds Global X Gold Miners ETF
AUGC,Corgi ETF Trust I Corgi U.S. Equities 10% Structured Buffer ET
AUGM,First Trust Exchange-Traded Fund VIII FT Vest U.S. Equity Max
AUGP,PGIM S&P 500 Buffer 12 ETF - August
AUGT,AIM ETF Products Trust AllianzIM U.S. Large Cap Buffer10 Aug E
AUGU,AIM ETF Products Trust AllianzIM U.S. Equity Buffer15 Uncapped
AUGW,AIM ETF Products Trust AllianzIM U.S. Large Cap Buffer20 Aug E
AUGZ,TrueShares Structured Outcome (August) ETF
AUMI,Themes Gold Miners ETF
AUSF,Global X Funds Global X Adaptive U.S. Factor ETF
AUSM,Allspring Exchange-Traded Funds Trust Allspring Ultra Short Mu
AVAZ,Volatility Shares Trust 2x Avalanche ETF
AVDE,Avantis International Equity ETF
AVDS,American Century ETF Trust Avantis International Small Cap Equ
AVDV,Avantis International Small Cap Value ETF
AVEE,American Century ETF Trust Avantis Emerging Markets Small Cap
AVEM,Avantis Emerging Markets Equity ETF
AVES,Avantis Emerging Markets Value ETF
AVGB,Avantis Credit ETF
AVGC,Corgi ETF Trust I Corgi AVGO 2x Daily ETF
AVGE,American Century ETF Trust Avantis All Equity Markets ETF
AVGG,Leverage Shares 2X Long AVGO Daily ETF
AVGU,GraniteShares 2x Long AVGO Daily ETF
AVGV,American Century ETF Trust Avantis All Equity Markets Value ET
AVGW,Roundhill ETF Trust Roundhill AVGO WeeklyPay ETF
AVGX,Defiance Daily Target 2x Long AVGO ETF
AVIE,American Century ETF Trust Avantis Inflation Focused Equity ET
AVIG,Avantis Core Fixed Income ETF
AVIV,Avantis International Large Cap Value ETF
AVL,Direxion Daily AVGO Bull 2X ETF
AVLC,American Century ETF Trust Avantis U.S. Large Cap Equity ETF
AVLV,Avantis U.S. Large Cap Value ETF
AVMA,American Century ETF Trust Avantis Moderate Allocation ETF
AVMC,American Century ETF Trust Avantis U.S. Mid Cap Equity ETF
AVMU,Avantis Core Municipal Fixed Income ETF
AVMV,American Century ETF Trust Avantis U.S. Mid Cap Value ETF
AVNM,American Century ETF Trust Avantis All International Markets E
AVNV,American Century ETF Trust Avantis All International Markets V
AVOS,Avos Global Equities ETF
AVRE,Avantis Real Estate ETF
AVRY,EA Series Trust Avory Foundational ETF
AVS,Direxion Daily AVGO Bear 1X ETF
AVSC,American Century ETF Trust Avantis U.S Small Cap Equity ETF
AVSD,American Century ETF Trust Avantis Responsible International E
AVSE,American Century ETF Trust Avantis Responsible Emerging Market
AVSF,Avantis Short-Term Fixed Income ETF
AVSU,American Century ETF Trust Avantis Responsible U.S. Equity ETF
AVTM,American Century ETF Trust Avantis Total Equity Markets ETF
AVUQ,Avantis U.S. Quality ETF
AVUS,Avantis U.S. Equity ETF
AVUV,Avantis U.S. Small Cap Value ETF
AVXC,Avantis Emerging Markets Ex-China Equity ETF
AVXX,Defiance Daily Target 2x Long AVAV ETF
AWAY,Amplify ETF Trust Amplify Travel Tech ETF
AXTC,Corgi ETF Trust I Corgi AXTI 2x Daily ETF
AXTL,Themes ETF Trust Leverage Shares 2X Long AXTI Daily ETF
AXTU,ETF Opportunities Trust T-REX 2X Long AXTI Daily Target ETF
AXTX,Investment Managers Series Trust II Tradr 2X Long AXTI Daily E
AZTD,Aztlan Global Stock Selection DM SMID ETF
AZYY,GraniteShares YieldBOOST AMZN ETF
BAB,Invesco Taxable Municipal Bond ETF
BABC,Corgi ETF Trust I Corgi BABA 2x Daily ETF
BABO,Tidal Trust II YieldMax BABA Option Income Strategy ETF
BABU,Direxion Daily BABA Bull 2X ETF
BABW,Roundhill ETF Trust Roundhill BABA WeeklyPay ETF
BABX,GraniteShares 2x Long BABA Daily ETF
BAFE,Brown Advisory Flexible Equity ETF
BAGY,Amplify ETF Trust Amplify Bitcoin Max Income Covered Call ETF
BAI,BlackRock ETF Trust iShares A.I. Innovation and Tech Active ET
BAIG,Leverage Shares 2X Long BBAI Daily ETF
BAIV,Brown Advisory International Value Select ETF
BALI,iShares U.S. Large Cap Premium Income Active ETF
BALQ,iShares Nasdaq Premium Income Active ETF
BALT,Innovator Defined Wealth Shield ETF
BAMA,Brookstone Active ETF
BAMD,Brookstone Dividend Stock ETF
BAMG,Brookstone Growth Stock ETF
BAMO,Brookstone Opportunities ETF
EDOW,First Trust Dow 30 Equal Weight ETF
EDV,Vanguard Extended Duration Treasury ETF
EDZ,Direxion Daily MSCI Emerging Markets Bear 3X ETF
EEE,CYBER HORNET S&P 500 and Ethereum 75/25 Strategy ETF
EELV,Invesco S&P Emerging Markets Low Volatility ETF
EEM,iShares MSCI Emerging Index Fund
EEMA,iShares MSCI Emerging Markets Asia ETF
EEMO,Invesco S&P Emerging Markets Momentum ETF
EEMS,iShares MSCI Emerging Markets Small Cap ETF
EEMV,iShares MSCI Emerging Markets Min Vol Factor ETF
EEMX,State Street SPDR MSCI Emerging Markets Fossil Fuel Reserves F
EES,WisdomTree U.S. SmallCap Fund
EET,ProShares Ultra MSCI Emerging Markets
EETH,ProShares Ether ETF
EEV,ProShares UltraShort MSCI Emerging Markets
EFA,iShares MSCI EAFE ETF
EFAA,Invesco Actively Managed Exchange-Traded Fund Trus Invesco MSC
EFAD,ProShares Trust ProShares MSCI EAFE Dividend Growers ETF
EFAS,Global X MSCI SuperDividend EAFE ETF
EFAV,iShares MSCI EAFE Min Vol Factor ETF
EFAX,State Street SPDR MSCI EAFE Fossil Fuel Reserves Free ETF
EFFE,Harbor ETF Trust Harbor Osmosis Emerging Markets Resource Effi
EFFI,Harbor ETF Trust Harbor Osmosis International Resource Efficie
EFG,iShares MSCI EAFE Growth ETF
EFIV,State Street SPDR S&P 500 ESG ETF
EFNL,iShares Inc iShares MSCI Finland ETF
EFO,ProShares Ultra MSCI EAFE
EFRA,iShares Environmental Infrastructure and Industrials ETF
EFU,ProShares UltraShort MSCI EAFE
EFV,iShares MSCI EAFE Value ETF
EFZ,ProShares Short MSCI EAFE
EGGQ,NestYield Visionary ETF
EGGS,Tidal Trust III NestYield Total Return Guard ETF
EGGY,NestYield Dynamic Income ETF
EGLE,Global X Funds Global X S&P 500 U.S. Revenue Leaders ETF
EGUS,iShares Trust iShares ESG Aware MSCI USA Growth ETF
EHCC,Global X Funds Global X Ethereum Covered Call ETF
EHLS,Even Herd Long Short ETF
EHY,Amplify ETF Trust Amplify Ethereum Max Income Covered Call ETF
EIDO,iShares MSCI Indonesia ETF
EINC,VanEck Energy Income ETF
EIPI,First Trust Exchange-Traded Fund VIII FT Energy Income Partner
EIPX,First Trust Exchange-Traded Fund IV FT Energy Income Partners
EIRL,iShares Trust iShares MSCI Ireland ETF
EIS,iShares Inc iShares MSCI Israel ETF
EJAN,Innovator Emerging Markets Power Buffer ETF January
EJUL,Innovator Emerging Markets Power Buffer ETF July
EKG,First Trust Nasdaq Lux Digital Health Solutions ETF
ELCV,Strategy Shares Eventide High Dividend ETF
ELD,WisdomTree Emerging Markets Local Debt Fund
ELFY,ALPS Electrification Infrastructure ETF
ELIL,Direxion Daily LLY Bull 2X ETF
ELM,Series Portfolios Trust Elm Market Navigator ETF
EMB,iShares J.P. Morgan USD Emerging Markets Bond ETF
EMBD,Global X Emerging Markets Bond ETF
EMBX,VanEck Funds VanEck Emerging Markets Bond ETF
EMC,Global X Funds Global X Emerging Markets Great Consumer ETF
EMCB,WisdomTree Emerging Markets Corporate Bond Fund
EMCR,Xtrackers Emerging Markets Carbon Reduction and Climate Improv
EMCS,Xtrackers MSCI Emerging Markets Select ETF
EMDM,First Trust Exchange-Traded Fund II First Trust Bloomberg Emer
EMDV,ProShares MSCI Emerging Markets Dividend Growers ETF
EMEM,Sophus Capital Emerging Market ETF
EMEQ,Nomura Focused Emerging Markets Equity ETF
EMES,Harbor ETF Trust Harbor Emerging Markets Select ETF
EMET,VanEck Copper and Electrification Metals ETF
EMFI,The 2023 ETF Series Trust Pictet Emerging Markets Debt ETF
EMGF,iShares Emerging Markets Equity Factor ETF
EMHC,State Street SPDR Bloomberg Emerging Markets USD Bond ETF
EMHY,iShares J.P. Morgan EM High Yield Bond ETF
EMIF,iShares Emerging Markets Infrastructure ETF
EMKT,Lazard Active ETF Trust Lazard Emerging Markets Opportunities
EMLC,VanEck J. P. Morgan EM Local Currency Bond ET
EMLP,First Trust North American Energy Infrastructure Fund
EMM,Global X Funds Global X Emerging Markets ex-China ETF
EMMF,WisdomTree Emerging Markets Multifactor Fund
EMNT,PIMCO Enhanced Short Maturity Active ESG Exchange-Traded Fund
EMOP,AB Active ETFs Inc. AB Emerging Markets Opportunities ETF
EMOT,First Trust Exchange-Traded Fund VI First Trust S&P 500 Econom
EMPB,EA Series Trust Efficient Market Portfolio Plus ETF
EMQQ,EMQQ The Emerging Markets Internet ETF
EMSC,Sophus Capital Emerging Market Small Cap ETF
EMSF,Matthews International Funds Matthews Emerging Markets Sustain
EMTY,ProShares Decline of the Retail Store ETF
EMXC,iShares MSCI Emerging Markets ex China ETF
EMXF,iShares ESG Advanced MSCI EM ETF
ENDW,Cambria Endowment Style ETF
ENFR,Alerian Energy Infrastructure ETF
ENHI,iShares Enhanced International Active ETF
ENHU,iShares Enhanced Large Cap Core Active ETF
ENOR,iShares Inc iShares MSCI Norway ETF
ENTL,Themes ETF Trust Leverage Shares 2X Long ENTG Daily ETF
ENZL,iShares MSCI New Zealand ETF
EO,Corgi ETF Trust I Corgi EOSE 2x Daily ETF
EOCT,Innovator Emerging Markets Power Buffer ETF - October
EOSU,ETF Opportunities Trust T-REX 2X Long EOSE Daily Target ETF
EPAI,Harbor ETF Trust Harbor AI Inflection Strategy ETF
EPEM,Harbor ETF Trust Harbor Emerging Markets Equity ETF
EPHE,iShares MSCI Philippines ETF
EPI,WisdomTree India Earnings Fund
EPIN,Harbor ETF Trust Harbor International Equity ETF
EPMB,Harbor ETF Trust Harbor Mid Cap Core ETF
EPMV,Harbor ETF Trust Harbor Mid Cap Value ETF
EPOL,iShares Trust iShares MSCI Poland ETF
EPP,iShares MSCI Pacific Ex-Japan Index Fund
EPRF,Innovator S&P Investment Grade Preferred ETF
EPS,WisdomTree U.S. LargeCap Fund
EPSB,Harbor ETF Trust Harbor SMID Cap Core ETF
EPSV,Harbor ETF Trust Harbor SMID Cap Value ETF
EPU,iShares MSCI Peru and Global Exposure ETF
EPV,ProShares UltraShort FTSE Europe ETF
EQAL,Invesco Russell 1000 Equal Weight ETF
EQIN,Columbia U.S. Equity Income ETF
EQL,ALPS Equal Sector Weight ETF
EQLT,iShares Trust iShares MSCI Emerging Markets Quality Factor ETF
EQRR,ProShares Equities for Rising Rates ETF
EQTY,Valued Advisers Trust Kovitz Core Equity ETF
EQWL,Invesco S&P 100 Equal Weight ETF
ERET,iShares Environmentally Aware Real Estate ETF
ERTH,Invesco MSCI Sustainable Future ETF
ERX,Direxion Daily Energy Bull 2X ETF
ERY,Direxion Daily Energy Bear 2X ETF
ESBG,First Trust Exchange-Traded Fund VII First Trust Enhanced Stoc
ESG,Northern Trust STOXX US ESG Select ETF
ESGD,iShares ESG Aware MSCI EAFE ETF
ESGE,iShares ESG Aware MSCI EM ETF
ESGG,Northern Trust STOXX Global ESG Select ETF
ESGU,iShares ESG Aware MSCI USA ETF
ESGV,Vanguard ESG U.S. Stock ETF
ESIM,Strategy Shares Eventide International ETF
ESLG,Strategy Shares Eventide Large Cap Growth ETF
ESLV,Strategy Shares Eventide Large Cap Value ETF
ESML,iShares ESG Aware MSCI USA Small-Cap ETF
ESMV,iShares ESG Optimized MSCI USA Min Vol Factor ETF
ESN,Essential 40 Stock ETF
ESPO,VanEck Video Gaming and eSports ETF
ESSC,Strategy Shares Eventide Small Cap ETF
ESUM,Strategy Shares Eventide US Market ETF
ETCO,Grayscale Ethereum High Income ETF
ETEC,iShares Breakthrough Environmental Solutions ETF
ETFT,ALPS Series Trust Fundsmith Equity ETF
ETH,Grayscale Ethereum Staking Mini ETF Shares
ETHA,iShares Ethereum Trust ETF
ETHB,iShares Staked Ethereum Trust ETF
ETHD,ProShares Trust ProShares UltraShort Ether ETF
ETHE,Grayscale Ethereum Staking ETF Shares
ETHO,Amplify ETF Trust Amplify Etho Climate Leadership U.S. ETF
ETHT,ProShares Trust ProShares Ultra Ether ETF
ETHU,Volatility Shares Trust 2x Ether ETF
ETHV,VanEck Ethereum ETF
ETHW,Bitwise Ethereum ETF Common shares of beneficial interest
ETNG,Themes ETF Trust Leverage Shares 2X Long ETN Daily ETF
ETTY,Amplify ETF Trust Amplify Ethereum 3% Monthly Option Income ET
ETU,T-REX 2X Long Ether Daily Target ETF
EUAD,Spinnaker ETF Series Select STOXX Europe Aerospace & Defense E
EUDG,WisdomTree Europe Quality Dividend Growth Fund
EUDV,ProShares MSCI Europe Dividend Growers ETF
EUFN,iShares MSCI Europe Financials ETF
EUHY,iShares Euro High Yield Corporate Bond USD Hedged ETF
EUIG,iShares Trust iShares Euro Investment Grade Corporate Bond USD
EUM,ProShares Short MSCI Emerging Markets
EUO,ProShares UltraShort Euro
EURL,Direxion Daily FTSE Europe Bull 3X ETF
EUSA,iShares MSCI USA Equal Weighted ETF
EUSB,iShares ESG Advanced Universal USD Bond ETF
EVHY,Morgan Stanley ETF Trust Eaton Vance High Yield ETF
EVIM,Morgan Stanley ETF Trust Eaton Vance Intermediate Municipal In
EVLN,Morgan Stanley ETF Trust Eaton Vance Floating-Rate ETF
EVLU,iShares Trust iShares MSCI Emerging Markets Value Factor ETF
EVMO,Morgan Stanley ETF Trust Eaton Vance Mortgage Opportunities ET
EVMT,Invesco Electric Vehicle Metals Commodity Strategy No K-1 ETF
EVNT,AltShares Event-Driven ETF
EVPF,Eaton Vance Preferred Securities and Income ETF
EVSB,Morgan Stanley ETF Trust Eaton Vance Ultra-Short Income ETF
EVSD,Eaton Vance Short Duration Income ETF
EVSM,Morgan Stanley ETF Trust Eaton Vance Short Duration Municipal
EVTR,Morgan Stanley ETF Trust Eaton Vance Total Return Bond ETF
EVUS,iShares Trust iShares ESG Aware MSCI USA Value ETF
EVX,VanEck Environmental Services ETF
EVYM,Eaton Vance High Income Municipal ETF
EWA,iShares MSCI Australia Index Fund
EWC,iShares MSCI Canada Index Fund
EWD,iShares Inc iShares MSCI Sweden ETF
EWG,iShares MSCI Germany Index Fund
EWH,iShares MSCI Hong Kong Index Fund
EWI,iShares Inc iShares MSCI Italy ETF
EWJ,iShares MSCI Japan Index Fund
EWJV,iShares MSCI Japan Value ETF
EWK,iShares Inc iShares MSCI Belgium ETF
EWL,iShares Inc iShares MSCI Switzerland ETF
EWM,iShares MSCI Malaysia Index Fund
EWN,iShares MSCI Netherlands Index Fund
EWO,iShares Inc iShares MSCI Austria ETF
EWP,iShares Inc iShares MSCI Spain ETF
EWQ,iShares MSCI France Index Fund
EWS,iShares Inc iShares MSCI Singapore ETF
EWT,iShares Inc iShares MSCI Taiwan ETF
EWU,iShares MSCI United Kingdom ETF
EWUS,iShares MSCI United Kingdom Small Cap ETF
EWV,ProShares UltraShort MSCI Japan
EWW,iShares Inc iShares MSCI Mexico ETF
EWX,State Street SPDR S&P Emerging Markets Small Cap ETF
EWY,iShares Inc iShares MSCI South Korea ETF
EWZ,iShares Inc iShares MSCI Brazil ETF
EWZS,iShares MSCI Brazil Small-Cap ETF
EXEQ,Wedbush Series Trust Wedbush ReturnOnLeadership U.S. Large-Cap
EXI,iShares Global Industrials ETF
EXUS,Nomura Focused International Core ETF
EYEG,AB Corporate Bond ETF
EYLD,Cambria ETF Trust Cambria Emerging Shareholder Yield ETF
EZA,iShares MSCI South Africa Index Fund
EZBC,Franklin Templeton Digital Holdings Trust Shares of Franklin B
EZET,Franklin Ethereum ETF
EZJ,ProShares Ultra MSCI Japan
EZM,WisdomTree U.S. MidCap Fund
EZMO,AlphaDroid Broad Markets Momentum ETF
EZPZ,Franklin Crypto Index ETF
EZRO,AlphaDroid Defensive Sector Rotation ETF
EZU,iShares MSCI Eurozone ETF
FAAA,Fidelity AAA CLO ETF
FAAR,First Trust Alternative Absolute Return Strategy ETF
FAB,First Trust Multi Cap Value AlphaDEX Fund
FAD,First Trust Multi Cap Growth AlphaDEX Fund
FAI,First Trust Exchange-Traded Fund II First Trust Bloomberg Arti
FALN,iShares Fallen Angels USD Bond ETF
FAN,First Trust Global Wind Energy ETF
FAPR,FT Vest U.S. Equity Buffer ETF - April
FARX,The Advisors' Inner Circle Fund II Frontier Asset Absolute Ret
FAS,Direxion Daily Financial Bull 3X ETF
FAUG,FT Vest U.S. Equity Buffer ETF - August
FAZ,Direxion Daily Financial Bear 3X ETF
FB,ProShares Trust ProShares S&P 500 Dynamic Buffer ETF
FBCG,Fidelity Blue Chip Growth ETF
FBCV,Fidelity Blue Chip Value ETF
FBDC,First Trust Exchange-Traded Fund VIII FT Confluence BDC & Spec
FBL,GraniteShares 2x Long META Daily ETF
FBND,Fidelity Total Bond ETF
FBOT,Fidelity Disruptive Automation ETF
FBT,First Trust Amex Biotech Index Fund
FBTC,Fidelity Wise Origin Bitcoin Fund Common Shares of Beneficial
FBUF,Fidelity Dynamic Buffered Equity ETF
FBY,Tidal ETF Trust II YieldMax META Option Income Strategy ETF
FBYY,GraniteShares YieldBOOST META ETF
FCA,First Trust China AlphaDEX Fund
FCAL,First Trust California Municipal High Income ETF
FCBD,The Advisors' Inner Circle Fund II Frontier Asset Core Bond ET
FCEF,First Trust Income Opportunities ETF
FCFY,First Trust Exchange-Traded Fund First Trust S&P 500 Diversifi
FCG,First Trust Natural Gas ETF
FCLD,Fidelity Cloud Computing ETF
FCLO,Fidelity CLO ETF
FCOM,Fidelity MSCI Communication Services Index ETF
FCOR,Fidelity Corporate Bond ETF
FCPI,Fidelity Stocks for Inflation ETF
FCSH,Federated Hermes ETF Trust Federated Hermes Short Duration Cor
FCTE,SMI 3Fourteen Full-Cycle Trend ETF
FCTR,First Trust Lunt U.S. Factor Rotation ETF
FCUS,Tidal ETF Trust II Pinnacle Focused Opportunities ETF
FCVT,First Trust SSI Strategic Convertible Securities ETF
FCXG,Leverage Shares 2x Long FCX Daily ETF
FDAT,Tactical Advantage ETF
FDCF,Fidelity Disruptive Communications ETF
FDD,First Trust STOXX European Select Dividend Index Fund
FDEC,FT Vest U.S. Equity Buffer ETF - December
FDEM,Fidelity Emerging Markets Multifactor ETF
FDEV,Fidelity International Multifactor ETF
FDFF,Fidelity Disruptive Finance ETF
FDG,American Century Focused Dynamic Growth ETF
FDHY,Fidelity Enhanced High Yield ETF
FDIF,Fidelity Disruptors ETF
FDIG,Fidelity Crypto Industry and Digital Payments ETF
FDIQ,Invesco Bloomberg Financial Data Providers ETF
FDIS,Fidelity MSCI Consumer Discretionary Index ETF
FDIV,MarketDesk Focused U.S. Dividend ETF
FDL,First Trust Morningstar ETF
FDLO,Fidelity Low Volatility Factor ETF
FDLS,Northern Lights Fund Trust IV Inspire Fidelis Multi Factor ETF
FDM,First Trust DJ Select MicroCap ETF
FDMO,Fidelity Momentum Factor ETF
FDN,First Trust DJ Internet Index Fund
FDND,First Trust Exchange-Traded Fund IV FT Vest Dow Jones Internet
FDNI,First Trust Dow Jones International Internet ETF
FDRR,Fidelity Dividend ETF for Rising Rates
FDRS,Founder-Led ETF
FDRV,Fidelity Electric Vehicles and Future Transportation ETF
FDRX,Founder-Led 2X Daily ETF
FDT,First Trust Developed Markets Ex-US AlphaDEX Fund
FDTS,First Trust Developed Markets Ex-US Small Cap AlphaDEX Fund
FDTX,Fidelity Disruptive Technology ETF
FDV,Federated Hermes ETF Trust Federated Hermes U.S. Strategic Div
FDVV,Fidelity High Dividend ETF
FEAC,Fidelity Covington Trust Fidelity Enhanced U.S. All-Cap Equity
FEBM,First Trust Exchange-Traded Fund VIII FT Vest U.S. Equity Max
FEBP,PGIM S&P 500 Buffer 12 ETF - February
FEBT,AIM ETF Products Trust AllianzIM U.S. Large Cap Buffer10 Feb E
FEBU,AIM ETF Products Trust AllianzIM U.S. Equity Buffer15 Uncapped
FEBW,AIM ETF Products Trust AllianzIM U.S. Large Cap Buffer20 Feb E
FEBZ,TrueShares Structured Outcome (February) ETF
FECM,First Eagle ETF Trust First Eagle Core Municipal ETF
FEDM,Northern Trust ESG & Climate Developed Markets ex-US Core ETF
FEGE,The RBB Fund Trust First Eagle Global Equity ETF
FEIG,Northern Trust ESG & Climate Investment Grade Corporate Core E
FELC,Fidelity Covington Trust Fidelity Enhanced Large Cap Core ETF
FELG,Fidelity Covington Trust Fidelity Enhanced Large Cap Growth ET
FELV,Fidelity Covington Trust Fidelity Enhanced Large Cap Value ETF
FEM,First Trust Emerging Markets AlphaDEX Fund
IVVW,iShares Trust iShares S&P 500 BuyWrite ETF
IVW,iShares S&P 500 Growth ETF
IWB,iShares Russell 1000 ETF
IWC,iShares Microcap ETF
IWD,iShares Russell 1000 Value ETF
IWF,iShares Russell 1000 Growth ETF
IWFG,NYLIM Winslow Focused Large Cap Growth ETF
IWL,iShares Russell Top 200 ETF
IWLG,NYLIM Winslow Large Cap Growth ETF
IWM,iShares Russell 2000 ETF
IWMI,NEOS ETF Trust NEOS Russell 2000 High Income ETF
IWMW,iShares Trust iShares Russell 2000 BuyWrite ETF
IWMY,Defiance R2000 Weekly Distribution ETF
IWN,iShares Russell 2000 Value ETF
IWO,iShares Russell 2000 Growth ETF
IWP,iShares Russell Midcap Growth ETF
IWR,iShares Russell Mid-Cap ETF
IWS,iShares Russell Mid-Cap Value ETF
IWV,iShares Russell 3000 ETF
IWX,iShares Russell Top 200 Value ETF
IWY,iShares Russell Top 200 Growth ETF
IXC,iShares Global Energy ETF
IXG,iShares Global Financial ETF
IXJ,iShares Global Healthcare ETF
IXN,iShares Global Tech ETF
IXP,iShares Global Comm Services ETF
IXUS,iShares Core MSCI Total International Stock ETF
IYC,iShares U.S. Consumer Discretionary ETF
IYE,iShares U.S. Energy ETF
IYF,iShares U.S. Financial ETF
IYG,iShares U.S. Financial Services ETF
IYH,iShares U.S. Healthcare ETF
IYJ,iShares U.S. Industrials ETF
IYK,iShares U.S. Consumer Staples ETF
IYLD,iShares Morningstar Multi-Asset Income ETF
IYM,iShares U.S. Basic Materials ETF
IYR,iShares U.S. Real Estate ETF
IYRI,NEOS ETF Trust NEOS Real Estate High Income ETF
IYT,iShares Trust iShares U.S. Transportation ETF
IYW,iShares U.S. Technology ETF
IYY,iShares Dow Jones U.S. ETF
IYZ,iShares U.S. Telecommunications ETF
IZRL,ARK Israel Innovative Technology ETF
JA,Janus Detroit Street Trust Janus Henderson AA-A CLO ETF
JAAA,Janus Henderson AAA CLO ETF
JABS,Janus Detroit Street Trust Janus Henderson Asset-Backed Securi
JADE,J.P. Morgan Exchange-Traded Fund Trust JPMorgan Active Develop
JAJL,Innovator Equity Defined Protection ETF - 6mo Jan/Jul
JANB,ETF Series Solutions Aptus January Buffer ETF
JANH,Innovator ETFs Trust Innovator Premium Income 20 Barrier ETF -
JANI,AIM ETF Products Trust AllianzIM International Equity Buffer15
JANJ,Innovator ETFs Trust Innovator Premium Income 30 Barrier ETF -
JANM,First Trust Exchange-Traded Fund VIII FT Vest U.S. Equity Max
JANP,PGIM S&P 500 Buffer 12 ETF - January
JANT,AllianzIM U.S. Large Cap Buffer10 Jan ETF
JANU,AIM ETF Products Trust AllianzIM U.S. Equity Buffer15 Uncapped
JANW,AllianzIM U.S. Large Cap Buffer20 Jan ETF
JANZ,TrueShares Structured Outcome (January) ETF
JAPN,Horizon Kinetics Japan Owner Operator ETF
JAVA,JPMorgan Active Value ETF
JBBB,Janus Detroit Street Trust Janus Henderson B-BBB CLO ETF
JBND,J.P. Morgan Exchange-Traded Fund Trust JPMorgan Active Bond ET
JCHI,J.P. Morgan Exchange-Traded Fund Trust JPMorgan Active China E
JCPB,JPMorgan Core Plus Bond ETF
JCPI,JPMorgan Inflation Managed Bond ETF
JDIV,J.P. Morgan Exchange-Traded Fund Trust JPMorgan Dividend Leade
JDOC,JPMorgan Healthcare Leaders ETF
JDST,Direxion Daily Junior Gold Miners Index Bear 2X ETF
JDVI,John Hancock Exchange-Traded Fund Trust John Hancock Disciplin
JDVL,John Hancock Exchange-Traded Fund Trust John Hancock Disciplin
JEDI,ETF Series Solutions Defiance Drone and Modern Warfare ETF
JELH,Janus Detroit Street Trust Janus Henderson Equity Linked High
JELM,Janus Detroit Street Trust Janus Henderson Equity Linked Moder
JEMA,JPMorgan ActiveBuilders Emerging Markets Equity ETF
JEMB,Janus Detroit Street Trust Janus Henderson Emerging Markets De
JEPI,JPMorgan Equity Premium Income ETF
JEPQ,JPMorgan Nasdaq Equity Premium Income ETF
JETD,Bank Of Montreal MAX Airlines -3X Inverse Leveraged ETNs
JETS,U.S. Global Jets ETF
JETU,Bank Of Montreal MAX Airlines 3X Leveraged ETNs
JFLI,J.P. Morgan Exchange-Traded Fund Trust JPMorgan Flexible Incom
JFLX,J.P. Morgan Exchange-Traded Fund Trust JPMorgan Flexible Debt
JGLO,JPMorgan Global Select Equity ETF
JGRO,J.P. Morgan Exchange-Traded Fund Trust JPMorgan Active Growth
JGRW,Trust for Professional Managers Jensen Quality Growth ETF
JHAC,John Hancock Exchange-Traded Fund Trust John Hancock Fundament
JHAI,Janus Henderson Global Artificial Intelligence ETF
JHCB,John Hancock Corporate Bond ETF
JHCP,John Hancock Exchange-Traded Fund Trust John Hancock Core Plus
JHCR,John Hancock Exchange-Traded Fund Trust John Hancock Core Bond
JHDG,John Hancock Exchange-Traded Fund Trust John Hancock Hedged Eq
JHDV,John Hancock Exchange-Traded Fund Trust John Hancock U.S. High
JHEM,John Hancock Multifactor Emerging Markets ETF
JHHY,John Hancock Exchange-Traded Fund Trust John Hancock High Yiel
JHID,John Hancock Exchange-Traded Fund Trust John Hancock Internati
JHLN,John Hancock Exchange-Traded Fund Trust John Hancock Global Se
JHMB,John Hancock Mortgage-Backed Securities ETF
JHMD,John Hancock Exchange-Traded Fund Trust John Hancock Multifact
JHML,John Hancock Multifactor Large Cap ETF
JHMM,John Hancock Multifactor Mid Cap ETF
JHMU,John Hancock Exchange-Traded Fund Trust John Hancock Dynamic M
JHPI,John Hancock Exchange-Traded Fund Trust John Hancock Preferred
JHSC,John Hancock Multifactor Small Cap ETF
JIDE,J.P. Morgan Exchange-Traded Fund Trust JPMorgan International
JIG,JPMorgan International Growth ETF
JIII,Janus Detroit Street Trust Janus Henderson Income ETF
JIRE,J.P. Morgan Exchange-Traded Fund Trust JPMorgan International
JIVE,JPMorgan International Value ETF
JLCO,John Hancock Exchange-Traded Fund Trust John Hancock Large Cap
JLQD,Janus Henderson Corporate Bond ETF
JMBS,Janus Henderson Mortgage-Backed Securities ETF
JMEE,JPMorgan Small & Mid Cap Enhanced Equity ETF
JMHI,J.P. Morgan Exchange-Traded Fund Trust JPMorgan High Yield Mun
JMID,Janus Henderson Mid Cap Growth Alpha ETF
JMMF,J.P. Morgan Exchange-Traded Fund Trust JPMorgan 100% U.S. Trea
JMOM,JPMorgan U.S. Momentum Factor ETF
JMSI,J.P. Morgan Exchange-Traded Fund Trust JPMorgan Sustainable Mu
JMST,JPMorgan Ultra-Short Municipal Income ETF
JMTG,J.P. Morgan Exchange-Traded Fund Trust JPMorgan Mortgage-Backe
JMUB,JPMorgan Municipal ETF
JNEU,AllianzIM U.S. Equity Buffer15 Uncapped June ETF
JNK,State Street SPDR Bloomberg High Yield Bond ETF
JNUG,Direxion Daily Junior Gold Miners Index Bull 2X ETF
JOBC,Corgi ETF Trust I Corgi JOBY 2x Daily ETF
JOBX,Tradr 2X Long JOBY Daily ETF
JOET,Virtus ETF Trust II Virtus Terranova U.S. Quality Momentum ETF
JOJO,ATAC Credit Rotation ETF
JOYT,JPMorgan Equity and Options Total Return ETF
JPAN,Matthews International Funds Matthews Japan Active ETF
JPEF,JPMorgan Equity Focus ETF
JPEM,JPMorgan Diversified Return Emerging Markets Equity ETF
JPFP,JPMorgan Managed Futures Plus ETF
JPHY,JPMorgan Active High Yield ETF
JPIB,JPMorgan International Bond Opportunities ETF
JPIE,JPMorgan Income ETF
JPIN,JPMorgan Diversified Return International Equity ETF
JPLD,JPMorgan Limited Duration Bond ETF
JPMB,JPMorgan USD Emerging Markets Sovereign Bond ETF
JPME,JPMorgan Diversified Return U.S. Mid Cap Equity ETF
JPND,Bank Of Montreal MicroSectors -3x Short Japan ETNs
JPNU,Bank Of Montreal MicroSectors 3x Long Japan ETNs
JPO,YieldMax JP Option Income Strategy ETF
JPRE,J.P. Morgan Exchange-Traded Fund Trust JPMorgan Realty Income
JPRF,J.P. Morgan Exchange-Traded Fund Trust JPMorgan Preferred and
JPSE,JPMorgan Diversified Return U.S. Small Cap Equity ETF
JPST,JPMorgan Ultra-Short Income ETF
JPSV,J.P. Morgan Exchange-Traded Fund Trust JPMorgan Active Small C
JPUS,JPMorgan Diversified Return U.S. Equity ETF
JPXN,iShares JPX-Nikkei 400 ETF
JPY,Lazard Japanese Equity ETF
JQUA,JPMorgan U.S. Quality Factor ETF
JSCP,JPMorgan Short Duration Core Plus ETF
JSI,Janus Detroit Street Trust Janus Henderson Securitized Income
JSMD,Janus Henderson Small/Mid Cap Growth Alpha ETF
JSML,Janus Henderson Small Cap Growth Alpha ETF
JSTC,Adasina Social Justice All Cap Global ETF
JTEK,JPMorgan U.S. Tech Leaders ETF
JUCY,ETF Series Solutions Aptus Enhanced Yield ETF
JUDO,Janus Detroit Street Trust Janus Henderson U.S. Equity Enhance
JULB,ETF Series Solutions Aptus July Buffer ETF
JULC,Corgi ETF Trust I Corgi U.S. Equities 10% Structured Buffer ET
JULH,Innovator ETFs Trust Innovator Premium Income 20 Barrier ETF -
JULI,AIM ETF Products Trust AllianzIM International Equity Buffer15
JULJ,Innovator ETFs Trust Innovator Premium Income 30 Barrier ETF -
JULM,First Trust Exchange-Traded Fund VIII FT Vest U.S. Equity Max
JULP,PGIM S&P 500 Buffer 12 ETF - July
JULT,AllianzIM U.S. Large Cap Buffer10 Jul ETF
JULU,AllianzIM U.S. Equity Buffer15 Uncapped Jul ETF
JULV,VanEck ETF Trust VanEck U.S. Equity Buffer ETF - July
JULW,AllianzIM U.S. Large Cap Buffer20 Jul ETF
JULZ,TrueShares Structured Outcome (July) ETF
JUNM,FT Vest U.S. Equity Max Buffer ETF - June
JUNP,PGIM S&P 500 Buffer 12 ETF - June
JUNT,AIM ETF Products Trust AllianzIM U.S. Large Cap Buffer10 Jun E
JUNW,AIM ETF Products Trust AllianzIM U.S. Large Cap Buffer20 Jun E
JUNZ,TrueShares Structured Outcome (June) ETF
JUSA,J.P. Morgan Exchange-Traded Fund Trust JPMorgan U.S. Research
JUST,Goldman Sachs JUST U.S. Large Cap Equity ETF
JVAL,JPMorgan U.S. Value Factor ETF
JXI,iShares Global Utilities ETF
JXX,Janus Detroit Street Trust Janus Henderson Transformational Gr
KAMO,Managed Portfolio Series Kensington Credit Opportunities ETF
KAPR,Innovator U.S. Small Cap Power Buffer ETF - April
KARS,KraneShares Electric Vehicles and Future Mobility Index ETF
KAT,Scharf ETF
KATT,ETF Opportunities Trust T-REX 2X Long PURR Daily Target ETF
KAUG,Innovator ETFs Trust Innovator US Small Cap Power Buffer ETF -
KBA,KraneShares Bosera MSCI China A 50 Connect Index ETF
KBAB,KraneShares 2x Long BABA Daily ETF
KBDU,KraneShares 2x Long BIDU Daily ETF
KBE,State Street SPDR S&P Bank ETF
KBFR,Innovator ETFs Trust Innovator U.S. Small Cap Managed 10 Buffe
KBUF,KraneShares 90% KWEB Defined Outcome January 2027 ETF
KBWB,Invesco KBW Bank ETF
KBWD,Invesco KBW High Dividend Yield Financial ETF
KBWP,Invesco KBW Property & Casualty Insurance ETF
KBWY,Invesco KBW Premium Yield Equity REIT ETF
KCAI,KraneShares Trust KraneShares China Alpha Index ETF
KCCA,KraneShares California Carbon Allowance Strategy ETF
KCE,State Street SPDR S&P Capital Markets ETF
KCOP,Kurv ETF Trust Kurv Copper & Mining Enhanced Income ETF
KCSH,KraneShares Trust KraneShares Sustainable Ultra Short Duration
KDEC,Innovator ETFs Trust Innovator U.S. Small Cap Power Buffer ETF
KDEF,Exchange Listed Funds Trust PLUS Korea Defense Industry Index
KDRN,ETF Opportunities Trust Kingsbarn Tactical Bond ETF
KDVD,Gabelli ETFs Trust Keeley Dividend ETF
KEAT,Keating Active ETF
KEEX,Defiance Daily Target 2x Long KEEL ETF
KEMQ,KraneShares Public-Private Emerging Markets Internet and Techn
KEMX,KraneShares MSCI Emerging Markets ex China Index ETF
KEYG,Themes ETF Trust Leverage Shares 2X Long KEYS Daily ETF
KFEB,Innovator ETFs Trust Innovator U.S. Small Cap Power Buffer ETF
KGLD,Kurv ETF Trust Kurv Gold Enhanced Income ETF
KGRN,KraneShares MSCI China Clean Technology Index ETF
KHPI,Kensington Hedged Premium Income ETF
KHYB,KraneShares Asia Pacific High Income USD Bond ETF
KIE,State Street SPDR S&P Insurance ETF
KIQQ,KraneShares InspereX Nasdaq Dynamic Buffered High Income Index
KJAN,Innovator U.S. Small Cap Power Buffer ETF - January
KJD,KraneShares 2x Long JD Daily ETF
KJUL,Innovator U.S. Small Cap Power Buffer ETF - July
KJUN,Innovator U.S. Small Cap Power Buffer ETF - June
KLAG,Leverage Shares 2X Long KLAC Daily ETF
KLIP,KraneShares KWEB Covered Call Strategy ETF
KLMN,Invesco Exchange-Traded Fund Trust II Invesco MSCI North Ameri
KLMT,Invesco Exchange-Traded Fund Trust II Invesco MSCI Global Clim
KMAR,Innovator ETFs Trust Innovator U.S. Small Cap Power Buffer ETF
KMAY,Innovator ETFs Trust Innovator U.S. Small Cap Power Buffer ETF
KMEM,Kurv ETF Trust Kurv Memory Select ETF
KMID,Virtus ETF Trust II Virtus KAR Mid-Cap ETF
KMLI,KraneShares 2x Long MELI Daily ETF
KMLM,KraneShares Mount Lucas Managed Futures Index Strategy ETF
KNCT,Invesco Next Gen Connectivity ETF
KNG,FT Vest S&P 500 Dividend Aristocrats Target Income ETF
KNGZ,First Trust S&P 500 Diversified Dividend Aristocrats ETF
KNO,Investment Managers Series Trust II AXS Knowledge Leaders ETF
KNOV,Innovator ETFs Trust Innovator U.S. Small Cap Power Buffer ETF
KNOW,Fundamentals First ETF
KNRG,Simplify Exchange Traded Funds Simplify Kayne Anderson Energy
KOCT,Innovator U.S. Small Cap Power Buffer ETF - October
KOID,KraneShares Global Humanoid Robotics and Physical AI Index ETF
KOKU,Xtrackers MSCI Kokusai Equity ETF
KOLD,ProShares UltraShort Bloomberg Natural Gas
KOMP,State Street SPDR S&P Kensho New Economies Composite ETF
KONG,ETF Opportunities Trust Formidable Fortress ETF
KOOL,Spinnaker ETF Series North Shore Equity Rotation ETF
KORP,American Century Diversified Corporate Bond ETF
KORU,Direxion Daily MSCI South Korea Bull 3X ETF
KPDD,KraneShares 2X Long PDD Daily ETF
KPHO,KraneShares Dragon Capital Growth of Vietnam Index ETF
KPO,Managed Portfolio Series Kensington Premium Opportunities ETF
KPRO,KraneShares 100% KWEB Defined Outcome January 2027 ETF
KQQQ,Kurv Technology Titans Select ETF
KRBN,KraneShares Global Carbon Strategy ETF
KRE,State Street SPDR S&P Regional Banking ETF
KROP,Global X AgTech & Food Innovation ETF
KRWX,Corgi ETF Trust I Corgi South Korea 2x Daily ETF
KRYP,ProShares Trust ProShares CoinDesk 20 Crypto ETF
KSA,iShares Trust iShares MSCI Saudi Arabia ETF
KSEP,Innovator U.S. Small Cap Power Buffer ETF - September
KSLV,Kurv ETF Trust Kurv Silver Enhanced Income ETF
KSPY,KraneShares Trust KraneShares Hedgeye Hedged Equity Index ETF
KSTR,KraneShares China Technology & Semiconductor STAR 50 Index ETF
KTEC,KraneShares Hang Seng TECH Index ETF
KTUP,ETF Opportunities Trust T-REX 2X Long KTOS Daily Target ETF
KURE,KraneShares MSCI All China Health Care Index ETF
KVLE,KraneShares Value Line Dynamic Dividend Equity Index ETF
KWEB,KraneShares Trust KraneShares CSI China Internet ETF
KWH,GMO ETF Trust GMO Power Infrastructure ETF
KWIN,KraneShares Trust KraneShares Wahed Alternative Income Index E
KWT,iShares Trust iShares MSCI Kuwait ETF
KXI,iShares Global Consumer Staples ETF
KYLD,Kurv ETF Trust Kurv High Income ETF
LABD,Direxion Daily S&P Biotech Bear 3X ETF
LABU,Direxion Daily S&P Biotech Bull 3X ETF
LABX,Tradr 2X Long ALAB Daily ETF
LALT,First Trust Exchange-Traded Fund VIII First Trust Multi-Strate
LAPR,Innovator ETFs Trust Innovator Premium Income 15 Buffer ETF -
LAZR,Tema ETF Trust Tema Photonics & Optical ETF
LBAY,Leatherback Long/Short Alternative Yield ETF
LBO,EA Series Trust WHITEWOLF Publicly Listed Private Equity ETF
LCAP,Principal Exchange-Traded Funds Principal Capital Appreciation
LCDS,JPMorgan Fundamental Data Science Large Core ETF
LCF,Touchstone ETF Trust Touchstone US Large Cap Focused ETF
LCLG,Logan Capital Large Cap Growth ETF
LCO,Tidal Trust IV LOGIQ Contrarian Opportunities ETF
LCOW,Pacer Funds Trust Pacer S&P 500 Quality FCF Aristocrats ETF
LCR,Managed Portfolio Series Leuthold Core ETF
LCTD,iShares World ex U.S. Carbon Transition Readiness Aware Active
LCTO,Kurv ETF Trust Kurv U.S. Large Cap TaxOptimized ETF
LCTU,iShares U.S. Carbon Transition Readiness Aware Active ETF
LDDR,LifeX 2035 Income Bucket ETF
LDEM,iShares ESG MSCI EM Leaders ETF
LDRC,iShares Trust iShares iBonds 1-5 Year Corporate Ladder ETF
LDRH,iShares Trust iShares iBonds 1-5 Year High Yield  and Income L
LDRI,iShares Trust iShares iBonds 1-5 Year TIPS Ladder ETF
LDRT,iShares Trust iShares iBonds 1-5 Year Treasury Ladder ETF
LDRX,SGI Enhanced Market Leaders ETF
LDSF,First Trust Low Duration Strategic Focus ETF
LDUR,PIMCO Enhanced Low Duration Active Exchange-Traded Fund
LEGR,First Trust Indxx Innovative Transaction & Process ETF
LEMB,iShares J.P. Morgan EM Local Currency Bond
LEND,SEI High Yield Bond & Alternative Credit ETF
LENS,EA Series Trust Sarmaya Thematic ETF
LEUX,Investment Managers Series Trust II Tradr 2X Long LEU Daily ET
LEXI,Alexis Practical Tactical ETF
LFAI,LifeX 2050 Longevity Income ETF
LFAW,LifeX 2060 Longevity Income ETF
LFBE,LifeX 2065 Longevity Income ETF
LFDR,LifeX Durable Income ETF
QQQD,Direxion Daily Magnificent 7 Bear 1X ETF
QQQE,Direxion NASDAQ-100 Equal Weighted Index ETF
QQQG,Pacer Nasdaq 100 Top 50 Cash Cows Growth Leaders ETF
QQQH,NEOS Nasdaq-100 Hedged Equity Income ETF
QQQI,NEOS Nasdaq 100 High Income ETF
QQQJ,Invesco NASDAQ Next Gen 100 ETF
QQQM,Invesco NASDAQ 100 ETF
QQQP,Tradr 2X Long Innovation 100 Quarterly ETF
QQQS,Invesco Nasdaq Future Gen 200 ETF
QQQT,Defiance Nasdaq 100 Income Target ETF
QQQU,Direxion Daily Magnificent 7 Bull 2X ETF
QQQY,Defiance Nasdaq 100 Weekly Distribution ETF
QQUP,ProShares Ultra QQQ Mega
QQWZ,Pacer Cash COWZ 100-Nasdaq 100 Rotator ETF
QQXL,ProShares Ultra QQQ Top 30
QQXT,First Trust NASDAQ-100 Ex-Technology Sector Index Fund
QRMI,Global X Nasdaq 100 Risk Managed Income ETF
QSIG,WisdomTree U.S. Short Term Corporate Bond Fund
QSIX,Pacer Metaurus Nasdaq 100 Dividend Multiplier 600 ETF
QSML,WisdomTree U.S. SmallCap Quality Growth Fund
QSOL,Invesco Galaxy Solana ETF Invesco Galaxy Solana ETF
QSPT,FT Vest Nasdaq-100 Buffer ETF - September
QSU,Tidal Trust II Defiance Daily Target 2X Long QS ETF
QTAP,Innovator Growth Accelerated Plus ETF - April
QTEC,First Trust NASDAQ-100-Technology Sector Index Fund
QTJA,Innovator ETFs Trust Innovator Growth Accelerated Plus ETF - J
QTJL,Innovator Growth Accelerated Plus ETF - July
QTOC,Innovator Growth Accelerated Plus ETF - October
QTOP,iShares Nasdaq Top 30 Stocks ETF
QTPI,Exchange Place Advisors Trust North Square RCIM Tax-Advantaged
QTR,Global X Nasdaq 100 Tail Risk ETF
QTUM,Defiance Quantum ETF
QUA,Corgi ETF Trust I Corgi QBTS 2x Daily ETF
QUAL,iShares MSCI USA Quality Factor ETF
QUBX,Tradr 2X Long QUBT Daily ETF
QUIZ,Zacks Trust Zacks Quality International ETF
QUS,State Street SPDR MSCI USA StrategicFactors ETF
QUSA,Tidal Trust III VistaShares Target 15 USA Quality Income ETF
QVAL,Alpha Architect U.S. Quantitative Value ETF
QVML,Invesco S&P 500 QVM Multi-factor ETF
QVMM,Invesco S&P MidCap 400 QVM Multi-factor ETF
QVMS,Invesco S&P SmallCap 600 QVM Multi-factor ETF
QVMT,Invesco S&P 500 Concentrated QVM ETF
QVOL,Infrastructure Capital Nasdaq Option Income ETF
QVOY,Q3 Active Rotation ETF
QWLD,State Street SPDR MSCI World StrategicFactors ETF
QXQ,SGI Enhanced Nasdaq-100 ETF
QYLD,Global X Nasdaq 100 Covered Call ETF
QYLG,Global X Nasdaq 100 Covered Call & Growth ETF
RAA,SMI 3Fourteen REAL Asset Allocation ETF
RAAA,Reckoner Yield Enhanced AAA CLO ETF
RAAR,Advisor Managed Portfolios Reckoner Yield Enhanced AAA CLO Rei
RAAX,VanEck Real Assets ETF
RAAY,Advisor Managed Portfolios Reckoner Yield Enhanced AAA CLO Ann
RACK,VanEck ETF Trust VanEck Data Center Supply Chain ETF
RAFE,PIMCO RAFI ESG U.S. ETF
RANK,Tidal Trust II Defiance KSM TipRanks Analyst ETF
RAUS,RACWI US ETF
RAVI,Northern Trust Ultra-Short Fixed Income ETF
RB,ProShares Trust ProShares Russell 2000 Dynamic Buffer ETF
RBIL,F/m Ultrashort Treasury Inflation-Protected Security (TIPS) ET
RBLD,First Trust Alerian US NextGen Infrastructure ETF
RBLU,ETF Opportunities Trust T-REX 2X Long RBLX Daily Target ETF
RBLY,Tidal Trust II YieldMax RBLX Option Income Strategy ETF
RBUF,Innovator U.S. Small Cap 10 Buffer ETF - Quarterly
RCAX,Defiance Daily Target 2x Long RCAT ETF
RCGE,RockCreek Global Equality ETF
RCLR,Advisor Managed Portfolios Reckoner BBB-B CLO Reinvesting ETF
RCLY,Advisor Managed Portfolios Reckoner BBB-B CLO Annual ETF
RCTR,First Trust Exchange-Traded Fund II First Trust Bloomberg Nucl
RDDC,Corgi ETF Trust I Corgi RDDT 2x Daily ETF
RDFI,Rareview Dynamic Fixed Income ETF
RDIV,Invesco Exchange-Traded Fund Trust II Invesco S&P Ultra Divide
RDOG,ALPS ETF Trust ALPS REIT Dividend Dogs ETF
RDTE,Roundhill Russell 2000 0DTE Covered Call Strategy ETF
RDTL,GraniteShares 2x Long RDDT Daily ETF
RDTY,YieldMax R2000 0DTE Covered Strategy ETF
RDVI,FT Vest Rising Dividend Achievers Target Income ETF
RDVY,First Trust Rising Dividend Achievers ETF
RDWU,ETF Opportunities Trust T-REX 2X Long RDW Daily Target ETF
RDYY,Tidal Trust II YieldMax RDDT Option Income Strategy ETF
REAI,Intelligent Real Estate ETF
RECS,Columbia Research Enhanced Core ETF
REET,iShares Trust iShares Global REIT ETF
REGL,ProShares S&P MidCap 400 Dividend Aristocrats ETF
REGS,Columbia ETF Trust I Columbia Large Cap Growth ETF
REIT,ALPS Active REIT ETF
REIX,NYLIM CBRE Real Estate & Infrastructure ETF
REK,ProShares Short Real Estate
REM,iShares Trust iShares Mortgage Real Estate ETF
REMC,Columbia Research Enhanced Mid Cap ETF
REMG,Russell Investments Emerging Markets Equity ETF
REMX,VanEck Rare Earth and Strategic Metals ETF
RESM,Columbia Research Enhanced Small Cap ETF
RETL,Direxion Daily Retail Bull 3X ETF
REVS,Columbia Research Enhanced Value ETF
REW,ProShares UltraShort Technology
REXC,Sprott Rare Earths Ex-China ETF
REZ,iShares Residential and Multisector Real Estate ETF
RFCI,ALPS Dynamic Core Income ETF
RFDA,ALPS Dynamic US Dividend Advantage ETF
RFFC,ALPS Active Equity Opportunity ETF
RFG,Invesco S&P MidCap 400 Pure Growth ETF
RFIX,Simplify Bond Bull ETF
RFLR,Innovator U.S. Small Cap Managed Floor ETF
RFV,Invesco S&P MidCap 400 Pure Value ETF
RGEF,Tidal Trust III Rockefeller Global Equity ETF
RGLO,Russell Investments Global Equity ETF
RGTC,Corgi ETF Trust I Corgi RGTI 2x Daily ETF
RGTU,Tradr 2X Long RGTI Daily ETF
RGTX,Defiance Daily Target 2X Long RGTI ETF
RGTZ,Defiance Daily Target 2x Short RGTI ETF
RGYY,GraniteShares YieldBoost RGTI ETF
RHRX,RH Tactical Rotation ETF
RHTX,RH Tactical Outlook ETF
RIET,Hoya Capital High Dividend Yield ETF
RIFR,Russell Investments Global Infrastructure ETF
RIGS,ALPS Strategic Income Fund
RILA,Spinnaker ETF Series Indexperts Gorilla Aggressive Growth ETF
RINF,ProShares Inflation Expectations ETF
RING,iShares MSCI Global Gold Miners ETF
RINT,Russell Investments International Developed Equity ETF
RIOX,Tidal Trust II Defiance Daily Target 2X Long RIOT ETF
RISE,The 2023 ETF Series Trust Pictet Emerging Markets Rising Econo
RISN,Inspire Capital Appreciation ETF
RISR,FolioBeyond Alternative Income and Interest Rate Hedge ETF
RITA,ETF Series Solutions ETFB Green SRI REITs ETF
RIVC,Corgi ETF Trust I Corgi RIVN 2x Daily ETF
RKLX,Defiance Daily Target 2X Long RKLB ETF
RKLZ,Defiance Daily Target 2x Short RKLB ETF
RKNG,Defiance Retail Kings ETF
RKX,Corgi ETF Trust I Corgi RKLB 2x Daily ETF
RLY,State Street Multi-Asset Real Return ETF
RMBX,Tradr 2X Long CIEN Daily ETF Tradr 2X Long RMBS Daily ETF
RMCA,Tidal Trust III Rockefeller California Municipal Bond ETF
RMNY,Tidal Trust III Rockefeller New York Municipal Bond ETF
RMOP,Tidal Trust III Rockefeller Opportunistic Municipal Bond ETF
RMRC,Exchange Listed Funds Trust ARMOR Core Risk-Managed ETF
RND,First Trust Exchange-Traded Fund VI First Trust Bloomberg R&D
RNEM,Emerging Markets Equity Select ETF
RNIN,Bushido Capital US SMID Cap Equity ETF
RNMN,RiverNorth Market Neutral ETF
RNRG,Global X Renewable Energy Producers ETF
RNTY,Tidal Trust II YieldMax  Target 12  Real Estate Option Income
ROAM,Hartford Multifactor Emerging Markets ETF
ROBN,ETF Opportunities Trust T-Rex 2X Long HOOD Daily Target ETF
ROBO,Exchange Traded Concepts Trust ROBO Global Robotics and Automa
ROBT,First Trust Nasdaq Artificial Intelligence and Robotics ETF
ROCQ,JPMorgan Nasdaq Equity Premium Yield ETF
ROCY,JPMorgan Equity Premium Yield ETF
RODM,Hartford Multifactor Developed Markets (ex-US) ETF
ROE,Astoria US Equal Weight Quality Kings ETF
ROKT,State Street SPDR S&P Kensho Final Frontiers ETF
ROM,ProShares Ultra Technology
ROMO,Strategy Shares Newfound/ReSolve Robust Momentum ETF
RONB,Baron ETF Trust Baron First Principles ETF
ROPE,EA Series Trust Coastal Compass 100 ETF
ROSC,Hartford Multifactor Small Cap ETF
ROUS,Hartford Multifactor U.S. Equity ETF
RPAR,RPAR Risk Parity ETF
RPG,Invesco S&P 500 Pure Growth ETF
RPV,Invesco S&P 500 Pure Value ETF
RSBA,Tidal Trust II Return Stacked Bonds & Merger Arbitrage ETF
RSBT,Return Stacked Bonds & Managed Futures ETF
RSBY,Tidal Trust II Return Stacked Bonds & Futures Yield ETF
RSDE,First Trust Exchange-Traded Fund VIII FT Vest U.S. Equity Equa
RSJN,First Trust Exchange-Traded Fund VIII FT Vest U.S. Equity Equa
RSMC,Tidal Trust III Rockefeller U.S. Small-Mid Cap ETF
RSMR,First Trust Exchange-Traded Fund VIII FT Vest U.S. Equity Equa
RSMV,Listed Funds Trust Relative Strength Managed Volatility Strate
RSP,Invesco S&P 500 Equal Weight ETF
RSPA,Invesco Actively Managed Exchange-Traded Fund Trus Invesco S&P
RSPC,Invesco S&P 500 Equal Weight Communication Services ETF
RSPD,Invesco S&P 500 Equal Weight Consumer Discretionary ETF
RSPE,Invesco ESG S&P 500 Equal Weight ETF
RSPF,Invesco S&P 500 Equal Weight Financial ETF
RSPG,Invesco S&P 500 Equal Weight Energy ETF
RSPH,Invesco S&P 500 Equal Weight Health Care ETF
RSPM,Invesco S&P 500 Equal Weight Materials ETF
RSPN,Invesco S&P 500 Equal Weight Industrials Portfolio
RSPR,Invesco S&P 500 Equal Weight Real Estate ETF
RSPS,Invesco S&P 500 Equal Weight Consumer Staples ETF
RSPT,Invesco S&P 500 Equal Weight Technology ETF
RSPU,Invesco S&P 500 Equal Weight Utilities ETF
RSSB,Tidal Trust II Return Stacked Global Stocks & Bonds ETF
RSSE,First Trust Exchange-Traded Fund VIII FT Vest U.S. Equity Equa
RSSL,Global X Funds Global X Russell 2000 ETF
RSST,Tidal Trust II Return Stacked U.S. Stocks & Managed Futures ET
RSSY,Tidal Trust II Return Stacked U.S. Stocks & Futures Yield ETF
RTAI,Rareview Tax Advantaged Income ETF
RTH,VanEck Retail ETF
RTOO,Tidal Trust III VistaShares Robotics Supercycle ETF
RTRE,Collaborative Investment Series Trust Rareview Total Return Bo
RTXG,Leverage Shares 2X Long RTX Daily ETF
RTYY,GraniteShares YieldBoost RIOT ETF
RULE,Adaptive Core ETF
RUNN,Running Oak Efficient Growth ETF
RUSC,Russell Investments U.S. Small Cap Equity ETF
RVER,Advisor Managed Portfolios Trenchless Fund ETF
RVNL,GraniteShares 2x Long RIVN Daily ETF
RVNU,Xtrackers Municipal Infrastructure Revenue Bond Active ETF
RW,EA Series Trust Rainwater Equity ETF
RWEM,Rayliant NxtGen Multifactor Emerging Markets Equity ETF
RWIN,Rayliant NxtGen Multifactor International Equity ETF
RWJ,Invesco Exchange-Traded Fund Trust II Invesco S&P SmallCap 600
RWK,Invesco Exchange-Traded Fund Trust II Invesco S&P MidCap 400 R
RWL,Invesco Exchange-Traded Fund Trust II Invesco S&P 500 Revenue
RWLC,Rayliant NxtGen Multifactor US Equity ETF
RWM,ProShares Short Russell2000
RWO,State Street SPDR Dow Jones Global Real Estate ETF
RWR,State Street SPDR Dow Jones REIT ETF
RWX,State Street SPDR Dow Jones International Real Estate ETF
RXD,ProShares UltraShort Health Care
RXI,iShares Global Consumer Discretionary ETF
RXL,ProShares Ultra Health Care
RYLD,Global X Russell 2000 Covered Call ETF
RYLG,Global X Funds Global X Russell 2000 Covered Call & Growth ETF
RZG,Invesco S&P SmallCap 600 Pure Growth ETF
RZV,Invesco S&P SmallCap 600 Pure Value ETF
SAA,ProShares Ultra SmallCap600
SAGP,The Advisors' Inner Circle Fund III Strategas Global Policy Op
SAMM,The Advisors' Inner Circle Fund III Strategas Macro Momentum E
SAMT,The Advisors' Inner Circle Fund III Strategas Macro Thematic O
SAPH,Precidian ETFs Trust SAP SE ADRhedged
SARK,Tradr 1X Short Innovation Daily ETF
SASS,The RBB Fund Trust M.D. Sass Concentrated Value ETF
SATO,Invesco Alerian Galaxy Crypto Economy ETF
SAUG,FT Vest U.S. Small Cap Moderate Buffer ETF - August
SAWG,ETF Series Solutions AAM Sawgrass US Large Cap Quality Growth
SAWS,ETF Series Solutions AAM Sawgrass US Small Cap Quality Growth
SBAR,Simplify Exchange Traded Funds Simplify Barrier Income ETF
SBB,ProShares Short SmallCap600
SBIL,Simplify Exchange Traded Funds Simplify Government Money Marke
SBIO,ALPS Medical Breakthroughs ETF
SBIT,ProShares Trust ProShares UltraShort Bitcoin ETF
SBND,Columbia Short Duration Bond ETF
SBTU,ETF Opportunities Trust T-REX 2X Long SBET Daily Target ETF
SCA,GraniteShares Autocallable SMCI ETF
SCAP,Infrastructure Capital Small Cap Income ETF
SCAU,Corgi ETF Trust I Corgi U.S. Small-Cap 15% Structured Buffer E
SCC,ProShares UltraShort Consumer Discretionary
SCCR,Schwab Strategic Trust Schwab Core Bond ETF
SCDS,JPMorgan Fundamental Data Science Small Core ETF
SCDV,ETF Series Solutions Bahl & Gaynor Small Cap Dividend ETF
SCEC,Sterling Capital Enhanced Core Bond ETF
SCEP,Sterling Capital Hedged Equity Premium Income ETF
SCHA,Schwab U.S. Small-Cap ETF
SCHB,Schwab U.S. Broad Market ETF
SCHC,Schwab International Small-Cap Equity ETF
SCHD,Schwab US Dividend Equity ETF
SCHE,Schwab Emerging Markets Equity ETF
SCHF,Schwab International Equity ETF
SCHG,Schwab U.S. Large-Cap Growth ETF
SCHH,Schwab U.S. REIT ETF
SCHI,Schwab 5-10 Year Corporate Bond ETF
SCHJ,Schwab 1-5 Year Corporate Bond ETF
SCHK,Schwab 1000 Index ETF
SCHM,Schwab U.S. Mid Cap ETF
SCHO,Schwab Short-Term U.S. Treasury ETF
SCHP,Schwab U.S. TIPS ETF
SCHQ,Schwab Long-Term U.S. Treasury ETF
SCHR,Schwab Intermediate-Term U.S. Treasury ETF
SCHV,Schwab U.S. Large-Cap Value ETF
SCHX,Schwab U.S. Large-Cap ETF
SCHY,Schwab International Dividend Equity ETF
SCHZ,Schwab US Aggregate Bond ETF
SCIO,First Trust Exchange-Traded Fund IV First Trust Structured Cre
SCJ,iShares MSCI Japan Sm Cap
SCJL,Corgi ETF Trust I Corgi U.S. Small-Cap 15% Structured Buffer E
SCLZ,Northern Lights Fund Trust III Swan Enhanced Dividend Income E
SCMB,Schwab Strategic Trust Schwab Municipal Bond ETF
SCMC,Sterling Capital Multi-Strategy Income ETF
SCNM,Sterling Capital National Municipal Bond ETF
SCO,ProShares UltraShort Bloomberg Crude Oil
SCOW,Pacer Funds Trust Pacer S&P SmallCap 600 Quality FCF Aristocra
SCSB,Sterling Capital Funds Sterling Capital Short Duration Bond ET
SCUB,Sterling Capital Funds Sterling Capital Ultra Short Bond ETF
SCUS,Schwab Strategic Trust Schwab Ultra-Short Income ETF
SCYB,Schwab Strategic Trust Schwab High Yield Bond ETF
SCZ,iShares MSCI EAFE Small-Cap ETF
SDCI,USCF SummerHaven Dynamic Commodity Strategy No K-1 Fund
SDCP,Virtus ETF Trust II Virtus Newfleet Short Duration Core Plus B
SDD,ProShares UltraShort SmallCap600
SDEM,Global X MSCI SuperDividend Emerging Markets ETF
SDFI,AB Active ETFs Inc. AB Short Duration Income ETF
SDG,iShares MSCI Global Sustainable Development Goals ETF
SDIV,Global X SuperDividend ETF
SDMF,Simplify Exchange Traded Funds Simplify DBi CTA Managed Future
SDOG,ALPS Sector Dividend Dogs ETF
SDOW,UltraPro Short Dow30
SDP,ProShares UltraShort Utilities
SDS,ProShares UltraShort S&P500
SDSI,American Century Short Duration Strategic Income ETF
SDTY,YieldMax S&P 500 0DTE Covered Call Strategy ETF
SDUR,Aristotle Funds Series Trust Aristotle Short Term Income ETF
SDVD,FT Vest SMID Rising Dividend Achievers Target Income ETF
SDVY,First Trust SMID Cap Rising Dividend Achievers ETF
SDY,State Street SPDR S&P Dividend ETF
SEA,ETF Series Solutions U.S. Global Sea to Sky Cargo ETF
SECR,NYLIM MacKay Securitized Income ETF
SECT,Northern Lights Fund Trust IV Main Sector Rotation ETF
SECU,BlackRock ETF Trust II iShares Securitized Income Active ETF
SEEM,SEI Select Emerging Markets Equity ETF
SEF,ProShares Short Financials
WCAP,Spinnaker ETF Series WarCap Unconstrained Equity ETF
WCBR,WisdomTree Cybersecurity Fund
WCEO,Hypatia Women CEO ETF
WCLD,WisdomTree Cloud Computing Fund
WCME,First Trust Exchange-Traded Fund First Trust WCM Developing Wo
WCMG,First Trust Exchange-Traded Fund First Trust WCM Global Equity
WCMI,First Trust Exchange-Traded Fund First Trust WCM International
WCPB,Northern Lights Fund Trust II Weitz Core Plus Bond ETF
WDAF,WisdomTree Asia Defense Fund
WDCC,Corgi ETF Trust I Corgi WDC 2x Daily ETF
WDCX,Investment Managers Series Trust II Tradr 2X Long WDC Daily ET
WDGF,WisdomTree Global Defense Fund
WDIV,State Street SPDR S&P Global Dividend ETF
WDTE,Defiance S&P 500 Weekly Distribution ETF
WEAT,Teucrium Wheat Fund ETV
WEBL,Direxion Daily Dow Jones Internet Bull 3X ETF
WEBS,Direxion Daily Dow Jones Internet Bear 3X ETF
WEBX,Corgi ETF Trust I Corgi Chinese Internet 2x Daily ETF
WEED,Listed Funds Trust Roundhill Cannabis ETF
WEEI,Westwood Salient Enhanced Energy Income ETF
WEEK,Roundhill ETF Trust Roundhill Weekly T-Bill ETF
WEEL,Tidal Trust II Peerless Option Income Wheel ETF
WELD,Tema U.S. Manufacturing & Reshoring ETF
WEPN,Tidal Trust II Nicholas Defense and Rare Earth Income ETF
WGMI,CoinShares Bitcoin Mining and Digital Power ETF
WIMA,WisdomTree International Adaptive Moving Average Fund
WINN,Harbor ETF Trust Harbor Long-Term Growers ETF
WIP,State Street SPDR FTSE International Government Inflation-Prot
WISE,Themes Generative Artificial Intelligence ETF
WLDR,Simplify Affinity World Leaders Equity ETF
WLDU,Themes ETF Trust Leverage Shares 2x Long World Stock Daily ETF
WLTG,ETF Opportunities Trust WealthTrust DBS Long Term Growth ETF
WMSB,Northern Lights Fund Trust II Weitz Multisector Bond ETF
WMTI,REX ETF Trust REX WMT Growth & Income ETF
WNTR,Tidal Trust II YieldMax  MSTR Short Option Income Strategy ETF
WOMN,Tidal Trust III Impact Shares Women's Empowerment ETF
WOOD,iShares Global Timber & Forestry ETF
WQTM,WisdomTree Trust WisdomTree Quantum Computing Fund
WRND,NYLIM Global Equity R&D Leaders ETF
WRTH,Worth Charting Options Income ETF
WSDB,Northern Lights Fund Trust II Weitz Short Duration Bond ETF
WSGE,Warren Street Global Equity ETF
WSMD,Wasatch Funds Trust Wasatch Small/Mid Cap ETF
WSML,iShares MSCI World Small-Cap ETF
WTAI,WisdomTree Trust WisdomTree Artificial Intelligence and Innova
WTBN,WisdomTree Bianco Total Return Fund
WTID,Bank Of Montreal MicroSectors Energy 3X Inverse Leveraged ETNs
WTIP,WisdomTree Inflation Plus Fund
WTIU,Bank Of Montreal MicroSectors Energy 3X Leveraged ETNs
WTMF,WisdomTree Managed Futures Strategy Fund
WTMU,WisdomTree Core Laddered Municipal Fund
WTMY,WisdomTree High Income Laddered Municipal Fund
WTPI,WisdomTree Equity Premium Income Fund
WTRE,WisdomTree New Economy Real Estate Fund
WTV,WisdomTree U.S. Value Fund
WUGI,AXS Esoterica NextG Economy ETF
WULX,Investment Managers Series Trust II Tradr 2X Long WULF Daily E
WWJD,Inspire International ETF
WX,Corgi ETF Trust I Corgi All World 2x Daily ETF
WXET,Listed Funds Trust Teucrium 2x Daily Wheat ETF
WZRD,ETF Opportunities Trust Opportunistic Trader ETF
XAGG,Morgan Stanley ETF Trust Eaton Vance Income Opportunities ETF
XAIW,Harbor ETF Trust SpaceXAI Lab Ecosystem ETF
XAIX,Xtrackers Artificial Intelligence and Big Data ETF
XAPR,FT Vest U.S. Equity Enhance & Moderate Buffer ETF - April
XAR,State Street SPDR S&P Aerospace & Defense ETF
XAUG,FT Vest U.S. Equity Enhance & Moderate Buffer ETF - August
XB,BondBloxx ETF Trust BondBloxx B-Rated USD High Yield Corporate
XBAP,Innovator U.S. Equity Accelerated 9 Buffer ETF - April
XBB,BondBloxx ETF Trust BondBloxx BB-Rated USD High Yield Corporat
XBCI,NEOS Boosted Bitcoin High Income ETF
XBFR,Innovator ETFs Trust Innovator Equity Managed 10 Buffer ETF
XBI,State Street SPDR S&P Biotech ETF
XBIL,US Treasury 6 Month Bill ETF
XBIX,Corgi ETF Trust I Corgi U.S. Biotech 2x Daily ETF
XBJA,Innovator ETFs Trust Innovator U.S. Equity Accelerated 9 Buffe
XBJL,Innovator U.S. Equity Accelerated 9 Buffer ETF - July
XBOC,Innovator U.S. Equity Accelerated 9 Buffer ETF - October
XBOX,Roundhill ETF Trust Roundhill Ultra Short Duration No Dividend
XBTY,GraniteShares YieldBOOST Bitcoin ETF
XC,WisdomTree True Emerging Markets Fund
XCCC,BondBloxx ETF Trust BondBloxx CCC-Rated USD High Yield Corpora
XCEM,Columbia EM Core ex-China ETF
XCHG,AB Active ETFs Inc. AB US Equity ETF
XCLR,Global X Funds Global X S&P 500 Collar 95-110 ETF
XCNY,State Street SPDR S&P Emerging Markets ex-China ETF
XCOR,FundX Investment Trust FundX ETF
XDAT,Franklin Exponential Data ETF
XDEC,FT Vest U.S. Equity Enhance & Moderate Buffer ETF - December
XDEF,Xtrackers Europe Defense Technologies ETF
XDIV,Roundhill ETF Trust Roundhill S&P 500 No Dividend Target ETF
XDQQ,Innovator Growth Accelerated ETF - Quarterly
XDSQ,Innovator ETFs Trust Innovator U.S. Equity Accelerated ETF - Q
XDTE,Roundhill ETF Trust Roundhill S&P 500 0DTE Covered Call Strate
XEMD,BondBloxx ETF Trust BondBloxx JP Morgan USD Emerging Markets 1
XEML,DBX ETF Trust Xtrackers Europe Market Leaders ETF
XES,State Street SPDR S&P Oil & Gas Equipment & Services ETF
XEUR,Corgi ETF Trust I Corgi Europe Equities 2x Daily ETF
XEY,GraniteShares YieldBOOST Ether ETF
XFEB,First Trust Exchange-Traded Fund VIII FT Vest U.S. Equity Enha
XFIV,BondBloxx ETF Trust BondBloxx Bloomberg Five Year Target Durat
XFLX,FundX Investment Trust FundX Flexible ETF
XHB,State Street SPDR S&P Homebuilders ETF
XHE,State Street SPDR S&P Health Care Equipment ETF
XHLF,BondBloxx ETF Trust BondBloxx Bloomberg Six Month Target Durat
XHOA,Corgi ETF Trust I Corgi U.S. Real Estate 2x Daily ETF
XHS,State Street SPDR S&P Health Care Services ETF
XIDE,FT Vest U.S. Equity Buffer & Premium Income  ETF - December
XIDV,Franklin International Dividend Booster Index ETF
XIJN,First Trust Exchange-Traded Fund VIII FT Vest U.S. Equity Buff
XIMR,First Trust Exchange-Traded Fund VIII FT Vest U.S. Equity Buff
XISE,FT Vest U.S. Equity Buffer & Premium Income ETF - September
XITK,State Street SPDR FactSet Innovative Technology ETF
XIWC,Corgi ETF Trust I Corgi U.S. Micro-Cap 2x Daily ETF
XJAN,First Trust Exchange-Traded Fund VIII FT Vest U.S. Equity Enha
XJH,iShares ESG Select Screened S&P Mid-Cap ETF
XJR,iShares ESG Select Screened S&P Small-Cap ETF
XJUL,FT Vest U.S. Equity Enhance & Moderate Buffer ETF - July
XJUN,FT Vest U.S. Equity Enhance & Moderate Buffer ETF - June
XKRE,Corgi ETF Trust I Corgi U.S. Regional Banks 2x Daily ETF
XLB,State Street Materials Select Sector SPDR ETF
XLBI,State Street Materials Select Sector SPDR Premium Income ETF
XLBX,Corgi ETF Trust I Corgi U.S. Materials 2x Daily ETF
XLC,State Street Communication Services Select Sector SPDR ETF
XLCI,State Street Communication Services Select Sector SPDR Premium
XLE,State Street Energy Select Sector SPDR ETF
XLEI,State Street Energy Select Sector SPDR Premium Income ETF
XLEX,Corgi ETF Trust I Corgi U.S. Energy 2x Daily ETF
XLF,State Street Financial Select Sector SPDR ETF
XLFI,State Street Financial Select Sector SPDR Premium Income ETF
XLFX,Corgi ETF Trust I Corgi U.S. Financials 2x Daily ETF
XLG,Invesco S&P 500 Top 50 ETF
XLI,State Street Industrial Select Sector SPDR ETF
XLII,State Street Industrial Select Sector SPDR Premium Income ETF
XLIX,Corgi ETF Trust I Corgi U.S. Industrials 2x Daily ETF
XLK,State Street Technology Select Sector SPDR ETF
XLKI,State Street Technology Select Sector SPDR Premium Income ETF
XLKX,Corgi ETF Trust I Corgi U.S. Technology 2x Daily ETF
XLP,State Street Consumer Staples Select Sector SPDR ETF
XLPX,Corgi ETF Trust I Corgi U.S. Consumer Staples 2x Daily ETF
XLRE,State Street Real Estate Select Sector SPDR ETF
XLRI,State Street Real Estate Select Sector SPDR Premium Income ETF
XLSI,State Street Consumer Staples Select Sector SPDR Premium Incom
XLSR,State Street US Sector Rotation ETF
XLU,State Street Utilities Select Sector SPDR ETF
XLUI,State Street Utilities Select Sector SPDR Premium Income ETF
XLUX,Corgi ETF Trust I Corgi U.S. Utilities 2x Daily ETF
XLV,State Street Health Care Select Sector SPDR ETF
XLVI,State Street Health Care Select Sector SPDR Premium Income ETF
XLVX,Corgi ETF Trust I Corgi U.S. Healthcare 2x Daily ETF
XLY,State Street Consumer Discretionary Select Sector SPDR ETF
XLYI,State Street Consumer Discretionary Select Sector SPDR Premium
XLYX,Corgi ETF Trust I Corgi U.S. Consumer Discretionary 2x Daily E
XMAG,DeFiance Large Cap Ex-Mag 7 ETF
XMAR,FT Vest U.S. Equity Enhance & Moderate Buffer ETF - March
XMAY,First Trust Exchange-Traded Fund VIII FT Vest U.S. Equity Enha
XME,State Street SPDR S&P Metals & Mining ETF
XMHQ,Invesco S&P MidCap Quality ETF
XMLV,Invesco S&P MidCap Low Volatility ETF
XMMO,Invesco S&P MidCap Momentum ETF
XMPT,VanEck CEF Muni Income ETF
XMVM,Invesco S&P MidCap Value with Momentum ETF
XNAV,FundX Investment Trust FundX Aggressive ETF
XNDX,Investment Managers Series Trust II Tradr 2X Long XNDU Daily E
XNOV,FT Vest U.S. Equity Enhance & Moderate Buffer ETF - November
XNTK,State Street SPDR NYSE Technology ETF
XOCT,FT Vest U.S. Equity Enhance & Moderate Buffer ETF - October
XOEF,iShares Trust iShares S&P 500 ex S&P 100 ETF
XOEX,Xtrackers S&P 100 Ex Top 20 ETF
XOMO,Tidal ETF Trust II YieldMax XOM Option Income Strategy ETF
XOMX,Direxion Daily XOM Bull 2X ETF
XONE,BondBloxx ETF Trust BondBloxx Bloomberg One Year Target Durati
XOP,State Street SPDR S&P Oil & Gas Exploration & Production ETF
XOVR,ERShares Private-Public Crossover ETF
XPAV,Corgi ETF Trust I Corgi U.S. Infrastructure 2x Daily ETF
XPAY,Roundhill ETF Trust Roundhill S&P 500 Target 20 Managed Distri
XPEG,Leverage Shares 2X Long XPEV Daily ETF
XPH,State Street SPDR S&P Pharmaceuticals ETF
XPND,First Trust Expanded Technology ETF
XPP,ProShares Ultra FTSE China 50
XQQI,NEOS Boosted Nasdaq-100 High Income ETF
XQTM,Corgi ETF Trust I Corgi Quantum Computing 2x Daily ETF
XRLX,FundX Investment Trust FundX Conservative ETF
XRMI,Global X Funds Global X S&P 500 Risk Managed Income ETF
XRP,Bitwise XRP ETF Bitwise XRP ETF
XRPC,Canary XRP ETF
XRPI,Volatility Shares Trust XRP ETF
XRPM,Amplify XRP 3% Monthly Option Income ETF
XRPR,ETF Opportunities Trust REX-Osprey XRP ETF
XRPT,Volatility Shares Trust XRP 2X ETF
XRPZ,Franklin XRP Trust Franklin XRP ETF
XRT,State Street SPDR S&P Retail ETF
XSD,State Street SPDR S&P Semiconductor ETF
XSEM,Corgi ETF Trust I Corgi U.S. Semiconductors 2x Daily ETF
XSEP,FT Vest U.S. Equity Enhance & Moderate Buffer ETF - September
XSHD,Invesco S&P SmallCap High Dividend Low Volatility ETF
XSHQ,Invesco S&P SmallCap Quality ETF
XSLV,Invesco S&P SmallCap Low Volatility ETF
XSMO,Invesco S&P SmallCap Momentum ETF
XSOE,WisdomTree Emerging Markets Ex-State Owned Enterprises Fund
XSPC,VegaShares SpaceX & Beyond Earth ETF
XSPI,NEOS Boosted S&P 500 High Income ETF
XSVM,Invesco S&P SmallCap Value with Momentum ETF
XSVN,BondBloxx ETF Trust BondBloxx Bloomberg Seven Year Target Dura
XSW,State Street SPDR S&P Software & Services ETF
XT,iShares Future Exponential Technologies ETF
XTAI,Corgi ETF Trust I Corgi Taiwan 2x Daily ETF
XTAP,Innovator U.S. Equity Accelerated Plus ETF - April
XTEN,BondBloxx ETF Trust BondBloxx Bloomberg Ten Year Target Durati
XTJA,Innovator ETFs Trust Innovator U.S. Equity Accelerated Plus ET
XTJL,Innovator U.S. Equity Accelerated Plus ETF - July
XTL,State Street SPDR S&P Telecom ETF
XTN,State Street SPDR S&P Transportation ETF
XTOC,Innovator U.S. Equity Accelerated Plus ETF - October
XTR,Global X Funds Global X S&P 500 Tail Risk ETF
XTRE,BondBloxx ETF Trust BondBloxx Bloomberg Three Year Target Dura
XTWO,BondBloxx ETF Trust BondBloxx Bloomberg Two Year Target Durati
XTWY,BondBloxx ETF Trust BondBloxx Bloomberg Twenty Year Target Dur
XUDV,Franklin U.S. Dividend Booster Index ETF
XUSP,Innovator ETFs Trust Innovator Uncapped Accelerated U.S. Equit
XV,Simplify Exchange Traded Funds Simplify Target 15 Distribution
XVV,iShares ESG Select Screened S&P 500 ETF
XW,Corgi ETF Trust I Corgi Ex-U.S. Equities 2x Daily ETF
XXRP,Listed Funds Trust Teucrium 2x Long Daily XRP ETF
XXV,Simplify Exchange Traded Funds Simplify Ancorato Target 25 Dis
XXX,CYBER HORNET S&P 500 and XRP 75/25 Strategy ETF
XYLD,Global X Funds Global X S&P 500 Covered Call ETF
XYLG,Global X S&P 500 Covered Call & Growth ETF
XYZG,Leverage Shares 2X Long XYZ Daily ETF
XYZY,Tidal Trust II YieldMax XYZ Option Income Strategy ETF
YALL,Yorkville America Investment Trust Truth Social God Bless Amer
YANG,Direxion Daily FTSE China Bear 3X ETF
YBIT,Tidal Trust II YieldMax Bitcoin Option Income Strategy ETF
YBST,GraniteShares YieldBoost Single Stock Universe ETF
YBTC,Roundhill ETF Trust Roundhill Bitcoin Covered Call Strategy ET
YBTY,GraniteShares YieldBoost TopYielders ETF
YCL,ProShares Ultra Yen
YCS,ProShares UltraShort Yen New
YDEC,FT Vest International Equity Moderate Buffer ETF - December
YEAR,AB Active ETFs Inc. AB Ultra Short Income ETF
YETH,Roundhill ETF Trust Roundhill Ether Covered Call Strategy ETF
YFFI,Spinnaker ETF Series Indexperts Yield Focused Fixed Income ETF
YFYA,Yields for You Income Strategy A ETF
YGLD,Simplify Gold Strategy ETF
YINN,Direxion Daily FTSE China Bull 3X ETF
YJUN,FT Vest International Equity Moderate Buffer ETF - June
YLD,Principal Active High Yield ETF
YLDE,Franklin ClearBridge Enhanced Income ETF
YLDW,Ultimus Managers Trust Westwood Enhanced Income Opportunity ET
YMAG,Tidal Trust II YieldMax Magnificent 7 Fund of Option Income ET
YMAR,FT Vest International Equity Moderate Buffer ETF - March
YMAX,Tidal Trust II YieldMax Universe Fund of Option Income ETFs
YNOT,Horizon Digital Frontier ETF
YOKE,YOKE Core ETF
YOLO,AdvisorShares Pure Cannabis ETF
YQQQ,YieldMax Short N100 Option Income Strategy ETF
YSAG,Texas Precious Metals Trust
YSAU,Texas Precious Metals Trust
YSEP,FT Vest International Equity Buffer ETF - September
YSPC,Tidal Trust II YieldMax SPCX Option Income Strategy ETF
YSPY,GraniteShares YieldBOOST SPY ETF
YXI,ProShares Short FTSE China 50
YYY,Amplify CEF High Income ETF
YYYM,Amplify ETF Trust Amplify Municipal CEF High Income ETF
ZALT,Innovator ETFs Trust Innovator U.S. Equity 10 Buffer ETF - Qua
ZAP,Global X U.S. Electrification ETF
ZAPR,Innovator ETFs Trust Innovator Equity Defined Protection ETF -
ZAUG,Innovator ETFs Trust Innovator Equity Defined Protection ETF -
ZCBA,Global X Funds Global X Zero Coupon Bond 2030 ETF
ZCBB,Global X Funds Global X Zero Coupon Bond 2031 ETF
ZCBC,Global X Funds Global X Zero Coupon Bond 2032 ETF
ZCBE,Global X Funds Global X Zero Coupon Bond 2033 ETF
ZCBF,Global X Funds Global X Zero Coupon Bond 2034 ETF
ZCBG,Global X Funds Global X Zero Coupon Bond 2035 ETF
ZDEK,Innovator ETFs Trust Innovator Equity Defined Protection ETF -
ZECP,Zacks Trust Zacks Earnings Consistent Portfolio ETF
ZFEB,Innovator ETFs Trust Innovator Equity Defined Protection ETF -
ZHDG,ZEGA Buy and Hedge ETF
ZHOG,F/m Opportunistic Income ETF
ZIG,The Acquirers Fund
ZINC,Zacks Trust Zacks Income ETF
ZJAN,Innovator ETFs Trust Innovator Equity Defined Protection ETF -
ZJUL,Innovator Equity Defined Protection ETF - 1 Yr July
ZJUN,Innovator ETFs Trust Innovator Equity Defined Protection ETF -
ZMAR,Innovator ETFs Trust Innovator Equity Defined Protection ETF -
ZMAY,Innovator ETFs Trust Innovator Equity Defined Protection ETF -
ZMUN,F/m Ultrashort Tax-Free Municipal ETF
ZNOV,Innovator ETFs Trust Innovator Equity Defined Protection ETF -
ZOCT,Innovator Equity Defined Protection ETF - 1 Yr October
ZROZ,PIMCO 25  Year Zero Coupon U.S. Treasury Index Exchange-Traded
ZSB,USCF ETF Trust USCF Sustainable Battery Metals Strategy Fund
ZSC,USCF ETF Trust USCF Sustainable Commodity Strategy Fund
ZSEP,Innovator Equity Defined Protection ETF - 1 Yr September
ZSL,ProShares UltraShort Silver
ZTAX,X-Square Municipal Income ETF
ZTEN,F/m 10-Year Investment Grade Corporate Bond ETF
ZTOP,F/m High Yield 100 ETF
ZTRE,F/m 3-Year Investment Grade Corporate Bond ETF
ZTWO,F/m 2-Year Investment Grade Corporate Bond ETF
ZVOL,Volatility Premium Plus ETF
BAMU,Brookstone Ultra-Short Bond ETF
BAMV,Brookstone Value Stock ETF
BAMY,Brookstone Yield ETF
BAPR,Innovator U.S. Equity Buffer ETF - April
BAR,Graniteshares Gold Trust
BASG,Brown Advisory Sustainable Growth ETF
BASV,Brown Advisory Sustainable Value ETF
BATT,Amplify Lithium & Battery Technology ETF
BAUG,Innovator U.S. Equity Buffer ETF - August
BBAG,JPMorgan BetaBuilders U.S. Aggregate Bond ETF
BBAX,JPMorgan BetaBuilders Developed Asia Pacific-ex Japan ETF
BBB,Cyber Hornet S&P 500 and Bitcoin 75/25 Strategy ETF
BBBI,BondBloxx ETF Trust BondBloxx BBB Rated 5-10 Year Corporate Bo
BBBL,BondBloxx ETF Trust BondBloxx BBB Rated 10+ Year Corporate Bon
BBBS,BondBloxx ETF Trust BondBloxx BBB Rated 1-5 Year Corporate Bon
BBC,Virtus Biotech Clinical Trials ETF
BBCA,JPMorgan BetaBuilders Canada ETF
BBCB,JPMorgan BetaBuilders USD Investment Grade Corporate Bond ETF
BBEM,J.P. Morgan Exchange-Traded Fund Trust JPMorgan BetaBuilders E
BBEU,JPMorgan BetaBuilders Europe ETF
BBH,VanEck Biotech ETF
BBHL,BBH Trust BBH Select Large Cap ETF
BBHM,BBH Trust BBH Select Mid Cap ETF
BBHY,JPMorgan BetaBuilders USD High Yield Corporate Bond ETF
BBIB,J.P. Morgan Exchange-Traded Fund Trust JPMorgan BetaBuilders U
BBIN,JPMorgan BetaBuilders International Equity ETF
BBJP,JPMorgan BetaBuilders Japan ETF
BBLB,J.P. Morgan Exchange-Traded Fund Trust JPMorgan BetaBuilders U
BBLU,EA Series Trust EA Bridgeway Blue Chip ETF
BBMC,JPMorgan BetaBuilders U.S. Mid Cap Equity ETF
BBP,Virtus Biotech ETF
BBRE,JPMorgan BetaBuilders MSCI U.S. REIT ETF
BBSB,J.P. Morgan Exchange-Traded Fund Trust JPMorgan BetaBuilders U
BBSC,JPMorgan BetaBuilders U.S. Small Cap Equity ETF
BBUL,GraniteShares 2x Long BB Daily ETF
BBUS,JPMorgan BetaBuilders U.S. Equity ETF
BBYY,GraniteShares YieldBOOST BABA ETF
BCCC,Global X Funds Global X Bitcoin Covered Call ETF
BCD,abrdn Bloomberg All Commodity Longer Dated Strategy K-1 Free E
BCDF,Listed Funds Trust Horizon Kinetics Blockchain Development ETF
BCEM,Baron ETF Trust Baron Emerging Markets Select ETF
BCFN,Baron Financials ETF
BCGD,Baron ETF Trust Baron Global Durable Advantage ETF
BCGS,Exchange Listed Funds Trust Bancreek Global Select ETF
BCI,abrdn Bloomberg All Commodity Strategy K-1 Free ETF
BCIL,Exchange Listed Funds Trust Bancreek International Large Cap E
BCKT,Stone Ridge Trust LifeX 2030 Income Bucket ETF
BCLO,iShares BBB-B CLO Active ETF
BCOR,Grayscale Funds Trust Grayscale Bitcoin Adopters ETF
BCPL,BNY Mellon ETF Trust II BNY Mellon Core Plus ETF
BCSM,Baron ETF Trust Baron SMID Cap ETF
BCTK,Baron Technology ETF
BCUS,Exchange Listed Funds Trust Bancreek U.S. Large Cap ETF
BD,Russell Investments Exchange Traded Funds Russell Investments
BDBT,Exchange Traded Concepts Trust Bluemonte Core Bond ETF
BDCX,ETRACS Quarterly Pay 1.5x Leveraged MarketVector BDC Liquid In
BDCZ,ETRACS Linked to the Wells Fargo Business Development Company
BDEC,Innovator U.S. Equity Buffer ETF - December
BDGS,Bridges Capital Tactical ETF
BDIV,ETF Series Solutions AAM Brentview Dividend Growth ETF
BDRY,Amplify Commodity Trust Breakwave Dry Bulk Shipping ETF
BDVG,IMGP Berkshire Dividend Growth ETF
BDVL,iShares Disciplined Volatility Equity Active ETF
BDYN,iShares Dynamic Equity Active ETF
BEDY,BNY Mellon Enhanced Dividend and Income ETF
BEEX,The Beehive ETF
BEEZ,Honeytree U.S. Equity ETF
BEG,Leverage Shares 2x Long BE Daily ETF
BEMB,iShares Trust iShares J.P. Morgan Broad USD Emerging Markets B
BENJ,Horizon Funds Horizon Landmark ETF
BERZ,MicroSectors FANG & Innovation -3x Inverse Leveraged ETN
BESF,EA Series Trust Bastion Energy ETF
BESO,GSR Crypto Core3 ETF
BETE,ProShares Bitcoin & Ether Equal Weight ETF
BETH,ProShares Bitcoin & Ether Market Cap Weight ETF
BETZ,Roundhill Sports Betting & iGaming ETF
BEX,Investment Managers Series Trust II Tradr 2X Long BE Daily ETF
BEZ,Investment Managers Series Trust II Tradr 2X Short BE Daily ET
BFAP,First Trust Exchange-Traded Fund FT Vest Bitcoin Strategy Floo
BFEB,Innovator U.S. Equity Buffer ETF - February
BFEW,First Trust Exchange-Traded Fund VIII FT Vest Laddered U.S. Eq
BFIX,Build Funds Trust Build Bond Innovation ETF
BFJA,First Trust Exchange-Traded Fund FT Vest Bitcoin Strategy Floo
BFJL,First Trust Exchange-Traded Fund FT Vest Bitcoin Strategy Floo
BFLB,EA Series Trust BufferLABS US Equity Dynamic Buffer ETF
BFLX,iShares Flexible Equity Active ETF
BFOC,First Trust Exchange-Traded Fund FT Vest Bitcoin Strategy Floo
BFOR,Barron's 400 ETF
BFRZ,Innovator ETFs Trust Innovator Equity Managed 100 Buffer ETF
BFXU,First Trust Exchange-Traded Fund VIII FT Vest Laddered U.S. Eq
BGCG,Baillie Gifford International Concentrated Growth ETF
BGDV,ETF Series Solutions Bahl & Gaynor Dividend ETF
BGEG,Baillie Gifford Emerging Markets ETF
BGFI,BNY Mellon ETF Trust II BNY Mellon Global Fixed Income ETF
BGGG,Baillie Gifford Long Term Global Growth ETF
BGIA,Baillie Gifford International Alpha ETF
BGIG,ETF Series Solutions Bahl & Gaynor Income Growth ETF
BGLD,FT Vest Gold Strategy Quarterly Buffer ETF
BGRN,iShares USD Green Bond ETF
BGRO,iShares Large Cap Growth Active ETF
BGUS,Baillie Gifford U.S. Equity Growth ETF
BHDG,Nicholas Bitcoin Tail ETF
BHYB,DBX ETF Trust Xtrackers USD High Yield BB-B ex Financials ETF
BIB,ProShares Ultra Nasdaq Biotechnology
BIBL,Inspire 100 ETF
BIDD,iShares International Dividend Active ETF
BIDG,Leverage Shares 2X Long BIDU Daily ETF
BIGY,Tidal Trust II YieldMax Target 12 Big 50 Option Income ETF
BIL,State Street SPDR Bloomberg 1-3 Month T-Bill ETF
BILD,Nomura Global Listed Infrastructure ETF
BILS,State Street SPDR Bloomberg 3-12 Month T-Bill ETF
BILT,BlackRock ETF Trust iShares Infrastructure Active ETF
BILZ,PIMCO U.S. Treasury Index Fund PIMCO Ultra Short Government Ac
BINC,iShares Flexible Income Active ETF
BINT,Exchange Traded Concepts Trust Bluemonte Global Equity ETF
BINV,Brandes International ETF
BIOY,GraniteShares YieldBOOST Biotech ETF
BIS,ProShares UltraShort Nasdaq Biotechnology
BITA,iShares Bitcoin Premium Income ETF
BITB,Bitwise Bitcoin ETF Common Shares of Beneficial Interest
BITC,Bitwise Trendwise Bitcoin and Treasuries Rotation Strategy ETF
BITI,ProShares Short Bitcoin ETF
BITO,ProShares Bitcoin ETF
BITQ,Bitwise Funds Trust Bitwise Crypto Industry Innovators ETF
BITS,Global X Blockchain & Bitcoin Strategy ETF
BITU,ProShares Trust ProShares Ultra Bitcoin ETF
BITW,Bitwise 10 Crypto Index ETF Common Shares of Beneficial Intere
BITX,2x Bitcoin ETF
BITY,Amplify Bitcoin 2% Monthly Option Income ETF
BIV,Vanguard Intermediate-Term Bond ETF
BIZD,VanEck BDC Income ETF
BJAN,Innovator U.S. Equity Buffer ETF - January
BJUL,Innovator U.S. Equity Buffer ETF - July
BJUN,Innovator U.S. Equity Buffer ETF - June
BKAG,BNY Mellon Core Bond ETF
BKCG,BNY Mellon ETF Trust II BNY Mellon Concentrated Growth ETF
BKCH,Global X Blockchain ETF
BKCI,BNY Mellon ETF Trust BNY Mellon Concentrated International ETF
BKDV,BNY Mellon ETF Trust II BNY Mellon Dynamic Value ETF
BKEM,BNY Mellon Emerging Markets Equity ETF
BKF,iShares MSCI BIC ETF
BKFI,BNY Mellon ETF Trust II BNY Mellon Active Core Bond ETF
BKGI,BNY Mellon ETF Trust BNY Mellon Global Infrastructure Income E
BKHY,BNY Mellon High Yield ETF
BKIE,BNY Mellon International Equity ETF
BKLC,BNY Mellon US Large Cap Core Equity ETF
BKLG,BNY Mellon ETF Trust BNY Mellon US Large Cap Equity Growth ETF
BKLN,Invesco Senior Loan ETF
BKMC,BNY Mellon US Mid Cap Core Equity ETF
BKMI,BNY Mellon Municipal Intermediate ETF
BKMS,BNY Mellon Municipal Short Duration ETF
BKSE,BNY Mellon US Small Cap Core Equity ETF
BKUI,BNY Mellon Ultra Short Income ETF
BLCR,iShares Large Cap Core Active ETF
BLCV,BlackRock ETF Trust iShares Large Cap Value Active ETF
BLDG,Cambria Global Real Estate ETF
BLDX,Impax Global Sustainable Infrastructure ETF
BLES,Inspire Global Hope ETF
BLGR,Exchange Traded Concepts Trust Bluemonte Large Cap Growth ETF
BLOK,Amplify Blockchain Technology ETF
BLOX,Tidal Trust II Nicholas Crypto Income ETF
BLSG,Leverage Shares 2X Long BLSH Daily ETF
BLST,Exchange Traded Concepts Trust Bluemonte Short Term Bond ETF
BLTD,Exchange Traded Concepts Trust Bluemonte Long Term Bond ETF
BLUC,Exchange Traded Concepts Trust Bluemonte Large Cap Core ETF
BLUI,Exchange Traded Concepts Trust Bluemonte Diversified Income ET
BLUX,Exchange Traded Concepts Trust Bluemonte Dynamic Total Market
BLV,Vanguard Long-Term Bond ETF
BMAR,Innovator U.S. Equity Buffer ETF - March
BMAY,Innovator U.S. Equity Buffer ETF - May
BMED,iShares Health Innovation Active ETF
BMNG,Leverage Shares 2X Long BMNR Daily ETF
BMNU,ETF Opportunities Trust T-REX 2X Long BMNR Daily Target ETF
BMNZ,Tidal Trust II Defiance Daily Target 2X Short BMNR ETF
BMOP,BNY Mellon Municipal Opportunities ETF
BMVP,Invesco Bloomberg MVP Multi-factor ETF
BND,Vanguard Total Bond Market ETF
BNDC,Northern Trust Core Bond ETF
BNDD,Quadratic Deflation ETF
BNDI,NEOS ETF Trust NEOS Enhanced Income Aggregate Bond ETF
BNDP,Vanguard Core-Plus Bond Index ETF
BNDS,Series Portfolios Trust Infrastructure Capital Bond Income ETF
BNDW,Vanguard Total World Bond ETF
BNDX,Vanguard Total International Bond ETF
BNDY,Horizon Funds Horizon Core Bond ETF
BNGE,First Trust S-Network Streaming and Gaming ETF
BNKD,Bank Of Montreal MicroSectors  U.S. Big Banks -3  Inverse Leve
BNKU,Bank Of Montreal MicroSectors  U.S. Big Banks 3  Leveraged ETN
BNMC,Corgi ETF Trust I Corgi BMNR 2x Daily ETF
BNO,United States Brent Oil Fund LP ETV
BNOV,Innovator U.S. Equity Buffer ETF - November
BOAT,SonicShares Global Shipping ETF
BOBP,Exchange Traded Concepts Trust CORE16 Best of Breed Premier In
BOCT,Innovator U.S. Equity Buffer ETF - October
BOEG,Leverage Shares 2X Long BA Daily ETF
BOEU,Direxion Daily BA Bull 2X ETF
BOIL,ProShares Ultra Bloomberg Natural Gas
BOND,PIMCO Active Bond Exchange-Traded Fund Exchange-Traded Fund
BOTT,Themes Humanoid Robotics ETF
BOTZ,Global X Robotics & Artificial Intelligence ETF
BOUT,Capital-Force ETF Trust CapForce IBD Breakout Opportunities ET
BOXA,EA Series Trust Alpha Architect Aggregate Bond ETF
BOXX,EA Series Trust Alpha Architect 1-3 Month Box ETF
BPAY,iShares FinTech Active ETF
BPH,Precidian ETFs Trust BP plc ADRhedged
BPI,Grayscale Funds Trust Grayscale Bitcoin Premium Income ETF
BPRO,Bitwise Funds Trust Bitwise Proficio Currency Debasement ETF
BRAZ,Global X Funds Global X Brazil Active ETF
BRCE,MFS Active Exchange Traded Funds Trust MFS Blended Research Co
BREE,MFS Active Exchange Traded Funds Trust MFS Blended Research Em
BREM,iShares Emerging Markets Bond Active ETF
BRES,Burney U.S. Equity Select ETF
BRF,VanEck Brazil Small-Cap ETF
BRHY,iShares High Yield Active ETF
BRIB,FIS Trust FIS Bright Portfolios Core Bond ETF
BRIE,MFS Active Exchange Traded Funds Trust MFS Blended Research In
BRIF,FIS Trust FIS Bright Portfolios Focused Equity ETF
BRKC,Tidal Trust II YieldMax BRK.B Option Income Strategy ETF
BRKL,Corgi ETF Trust I Corgi BRKB 2x Daily ETF
BRKU,Direxion Daily BRKB Bull 2X ETF
BRKW,Roundhill ETF Trust Roundhill BRKB WeeklyPay ETF
BRLN,iShares Floating Rate Loan Active ETF
BRNY,Burney U.S. Factor Rotation ETF
BROL,Baron ETF Trust Baron Risk Optimized Large Cap ETF
BRRR,Coinshares Bitcoin ETF
BRTR,iShares Total Return Active ETF
BRZU,Direxion Daily MSCI Brazil Bull 2X ETF
BRZX,Corgi ETF Trust I Corgi Brazil 2x Daily ETF
BSCA,Invesco BulletShares 2036 Corporate Bond ETF
BSCQ,Invesco BulletShares 2026 Corporate Bond ETF
BSCR,Invesco BulletShares 2027 Corporate Bond ETF
BSCS,Invesco BulletShares 2028 Corporate Bond ETF
BSCT,Invesco BulletShares 2029 Corporate Bond ETF
BSCU,Invesco BulletShares 2030 Corporate Bond ETF
BSCV,Invesco BulletShares 2031 Corporate Bond ETF
BSCW,Invesco BulletShares 2032 Corporate Bond ETF
BSCX,Invesco BulletShares 2033 Corporate Bond ETF
BSCY,Invesco BulletShares 2034 Corporate Bond ETF
BSCZ,Invesco BulletShares 2035 Corporate Bond ETF
BSEP,Innovator U.S. Equity Buffer ETF - September
BSGR,Invesco BulletShares 2027 Treasury Bond ETF
BSGT,Invesco BulletShares 2029 Treasury Bond ETF
BSJQ,Invesco BulletShares 2026 High Yield Corporate Bond ETF
BSJR,Invesco BulletShares 2027 High Yield Corporate Bond ETF
BSJS,Invesco BulletShares 2028 High Yield Corporate Bond ETF
BSJT,Invesco BulletShares 2029 High Yield Corporate Bond ETF
BSJU,Invesco BulletShares 2030 High Yield Corporate Bond ETF
BSJV,Invesco BulletShares 2031 High Yield Corporate Bond ETF
BSJW,Invesco BulletShares 2032 High Yield Corporate Bond ETF
BSJX,Invesco BulletShares 2033 High Yield Corporate Bond ETF
BSJY,Invesco BulletShares 2034 High Yield Corporate Bond ETF
BSMC,Brandes U.S. Small-Mid Cap Value ETF
BSMQ,Invesco BulletShares 2026 Municipal Bond ETF
BSMR,Invesco BulletShares 2027 Municipal Bond ETF
BSMS,Invesco BulletShares 2028 Municipal Bond ETF
BSMT,Invesco BulletShares 2029 Municipal Bond ETF
BSMU,Invesco BulletShares 2030 Municipal Bond ETF
BSMV,Invesco BulletShares 2031 Municipal Bond ETF
BSMW,Invesco BulletShares 2032 Municipal Bond ETF
BSMY,Invesco BulletShares 2034 Municipal Bond ETF
BSMZ,Invesco BulletShares 2035 Municipal Bond ETF
BSOL,Bitwise Solana Staking ETF Bitwise Solana Staking ETF
BSR,Beacon Unified Catalyst ETF
BSSX,Invesco BulletShares 2033 Municipal Bond ETF
BSTP,Innovator ETFs Trust Innovator Buffer Step-Up Strategy ETF
BSTS,Invesco BulletShares 2028 Treasury Bond ETF
BSTU,Invesco BulletShares 2030 Treasury Bond ETF
BSTV,Invesco BulletShares 2031 Treasury Bond ETF
BSV,Vanguard Short-Term Bond ETF
BSVO,EA Bridgeway Omni Small-Cap Value ETF
BTAL,AGF U.S. Market Neutral Anti-Beta Fund
BTC,Grayscale Bitcoin Mini Trust (BTC) Common units of fractional
BTCC,Grayscale Bitcoin High Income ETF
BTCI,NEOS ETF Trust NEOS Bitcoin High Income ETF
BTCL,T-REX 2X Long Bitcoin Daily Target ETF
BTCO,Invesco Galaxy Bitcoin ETF Common Shares of Beneficial Interes
BTCW,WisdomTree Bitcoin Fund Common Shares of Beneficial Interest
BTCZ,T-REX 2X Inverse Bitcoin Daily Target ETF
BTDL,GraniteShares 2x Long BTDR Daily ETF
BTF,CoinShares Bitcoin and Ether ETF
BTGD,STKd 100% Bitcoin & 100% Gold ETF
BTOT,iShares Trust iShares Total USD Fixed Income Market ETF
BTR,Northern Lights Fund Trust II Beacon Tactical Risk ETF
BTRN,Global X Funds Global X Bitcoin Trend Strategy ETF
BUCK,Simplify Treasury Option Income ETF
BUFB,Innovator ETFs Trust Innovator Laddered Allocation Buffer ETF
BUFC,AB Conservative Buffer ETF
BUFD,FT Vest Laddered Deep Buffer ETF
BUFE,First Trust Exchange-Traded Fund VIII FT Vest Laddered Emergin
BUFF,Innovator Laddered Allocation Power Buffer ETF
BUFG,FT Vest Buffered Allocation Growth ETF
BUFH,FT Vest Laddered Max Buffer ETF
BUFI,AB International Buffer ETF
BUFM,AB Moderate Buffer ETF
BUFP,PGIM Laddered S&P 500 Buffer 12 ETF
BUFQ,FT Vest Laddered Nasdaq Buffer ETF
BUFR,FT Vest Laddered Buffer ETF
BUFS,First Trust Exchange-Traded Fund VIII FT Vest Laddered Small C
BUFT,FT Vest Buffered Allocation Defensive ETF
BUFX,FT Vest Laddered Enhance & Moderate Buffer ETF
BUFY,First Trust Exchange-Traded Fund VIII FT Vest Laddered Interna
BUFZ,FT Vest Laddered Moderate Buffer ETF
BUG,Global X Cybersecurity ETF
BUL,Pacer US Cash Cows Growth ETF
BULD,Pacer BlueStar Engineering the Future ETF
BULG,Leverage Shares 2X Long BULL Daily ETF
BULZ,MicroSectors FANG & Innovation 3X Leveraged ETN
BUSA,Brandes U.S. Value ETF
BUSM,EA Series Trust EA Bridgeway Ultra-Small Company Market ETF
BUXX,EA Series Trust Strive Enhanced Income Short Maturity ETF
BUYB,ProShares Trust ProShares S&P 500 Buyback Aristocrats ETF
BUYO,KraneShares Trust KraneShares Man Buyout Beta Index ETF
BUYW,Northern Lights Fund Trust IV Main BuyWrite ETF
FEMB,First Trust Emerging Markets Local Currency Bond ETF
FEMD,First Eagle ETF Trust First Eagle Mid Cap Equity ETF
FEMR,Fidelity Covington Trust Fidelity Enhanced Emerging Markets ET
FEMS,First Trust Emerging Markets Small Cap AlphaDEX Fund
FENI,Fidelity Covington Trust Fidelity Enhanced International ETF
FENY,Fidelity MSCI Energy Index ETF
FEOE,The RBB Fund Trust First Eagle Overseas Equity ETF
FEP,First Trust Europe AlphaDEX Fund
FEPI,REX FANG & Innovation Equity Premium Income ETF
FESC,First Eagle ETF Trust First Eagle Small Cap Equity ETF
FESM,Fidelity Enhanced Small Cap Core ETF
FEUS,Northern Trust ESG & Climate US Large Cap Core ETF
FEUZ,First Trust Eurozone AlphaDEX ETF
FEX,First Trust Large Cap Core AlphaDEX Fund
FEZ,State Street SPDR EURO STOXX 50 ETF
FFDI,Fidelity Covington Trust Fidelity Fundamental Developed Intern
FFEB,FT Vest U.S. Equity Buffer ETF - February
FFEM,Fidelity Covington Trust Fidelity Fundamental Emerging Markets
FFF,Founders 100 ETF Founders 100 ETF
FFGX,Fidelity Covington Trust Fidelity Fundamental Global ex-U.S. E
FFIU,UVA Unconstrained Medium-Term Fixed Income ETF
FFLC,Fidelity Fundamental Large Cap Core ETF
FFLG,Fidelity Fundamental Large Cap Growth ETF
FFLS,Northern Lights Fund Trust II The Future Fund Long/Short ETF
FFLV,Fidelity Covington Trust Fidelity Fundamental Large Cap Value
FFND,One Global ETF
FFOG,Franklin Templeton ETF Trust Franklin Focused Growth ETF
FFOX,FundX Investment Trust FundX Future Fund Opportunities ETF
FFSM,Fidelity Fundamental Small-Mid Cap ETF
FFTY,Capital-Force ETF Trust CapForce IBD 50 ETF
FFUT,Fidelity Managed Futures ETF
FGD,First Trust DJ Global Select Dividend
FGDL,Franklin Templeton Holdings Trust Franklin Responsibly Sourced
FGM,First Trust Germany AlphaDEX Fund
FGRU,ETF Opportunities Trust T-REX 2X Long FIGR Daily Target ETF
FGSI,FT Vest Growth Strength & Target Income ETF
FGSM,The Advisors' Inner Circle Fund II Frontier Asset Global Small
FHDG,First Trust Exchange-Traded Fund VIII FT Vest U.S. Equity Quar
FHEQ,Fidelity Hedged Equity ETF
FHLC,Fidelity MSCI Health Care Index ETF
FHYS,Federated Hermes ETF Trust Federated Hermes Short Duration Hig
FIAT,Tidal Trust II YieldMax Short COIN Option Income Strategy ETF
FIAX,Tidal ETF Trust II Nicholas Fixed Income Alternative ETF
FICS,First Trust International Developed Capital Strength ETF
FID,First Trust S&P International Dividend Aristocrats ETF
FIDI,Fidelity International High Dividend ETF
FIDU,Fidelity MSCI Industrials Index ETF
FIGB,Fidelity Investment Grade Bond ETF
FIGG,Leverage Shares 2x Long FIG Daily ETF
FIIG,First Trust Exchange-Traded Fund IV First Trust Intermediate D
FINA,Fidelity Covington Trust Fidelity MSCI North American Subset I
FINT,The Advisors' Inner Circle Fund II Frontier Asset Total Intern
FINX,Global X FinTech ETF
FINY,GraniteShares YieldBOOST Financials ETF
FISR,State Street Fixed Income Sector Rotation ETF
FITE,State Street SPDR S&P Kensho Future Security ETF
FITZ,Tidal Trust II Fitz-Gerald Must Have Portfolio ETF
FIVA,Fidelity International Value Factor ETF
FIW,First Trust Water ETF
FIXD,First Trust Smith Opportunistic Fixed Income ETF
FIXP,FolioBeyond Enhanced Fixed Income Premium ETF
FIXT,TCW ETF Trust TCW Core Plus Bond ETF
FIYY,GraniteShares YieldBOOST 20Y Treasuries ETF
FJAN,FT Vest U.S. Equity Buffer ETF - January
FJP,First Trust Japan AlphaDEX Fund
FJUL,FT Vest U.S. Equity Buffer ETF - July
FJUN,FT Vest U.S. Equity Buffer ETF - June
FKU,First Trust United Kingdom AlphaDEX Fund
FLAG,Global X Funds Global X S&P 500 U.S. Market Leaders Top 50 ETF
FLAO,AIM ETF Products Trust AllianzIM U.S. Equity 6 Month Floor5 Ap
FLAU,Franklin FTSE Australia ETF
FLAX,Franklin FTSE Asia ex Japan ETF
FLBL,Franklin Senior Loan ETF
FLBR,Franklin FTSE Brazil ETF
FLCA,Franklin FTSE Canada ETF
FLCB,Franklin U.S. Core Bond ETF
FLCC,Federated Hermes ETF Trust Federated Hermes MDT Large Cap Core
FLCE,The Advisors' Inner Circle Fund II Frontier Asset U.S. Large C
FLCG,Federated Hermes ETF Trust Federated Hermes MDT Large Cap Grow
FLCH,Franklin FTSE China ETF
FLCO,Franklin Investment Grade Corporate ETF
FLCV,Federated Hermes ETF Trust Federated Hermes MDT Large Cap Valu
FLDB,Fidelity Low Duration Bond ETF
FLDR,Fidelity Low Duration Bond Factor ETF
FLDZ,TrueShares Patriot Defense ETF
FLEE,Franklin FTSE Europe ETF
FLEU,Franklin FTSE Eurozone ETF
FLGB,Franklin FTSE United Kingdom ETF
FLGR,Franklin FTSE Germany ETF
FLGV,Franklin U.S. Treasury Bond ETF
FLHY,Franklin High Yield Corporate ETF
FLIA,Franklin International Aggregate Bond ETF
FLIN,Franklin FTSE India ETF
FLJH,Franklin FTSE Japan Hedged ETF
FLJJ,AIM ETF Products Trust AllianzIM U.S. Equity 6 Month Floor5 Ja
FLJP,Franklin FTSE Japan ETF
FLKR,Franklin FTSE South Korea ETF
FLLA,Franklin FTSE Latin America ETF
FLMB,Franklin Municipal Green Bond ETF
FLMI,Franklin Dynamic Municipal Bond ETF
FLMX,Franklin FTSE Mexico ETF
FLN,First Trust Latin America AlphaDEX Fund
FLOT,iShares Floating Rate Bond ETF
FLOW,Global X Funds Global X U.S. Cash Flow Kings 100 ETF
FLQL,Franklin U.S. Large Cap Multifactor Index ETF
FLQM,Franklin U.S. Mid Cap Multifactor Index ETF
FLQS,Franklin U.S. Small Cap Multifactor Index ETF
FLRG,Fidelity U.S. Multifactor ETF
FLRN,State Street SPDR Bloomberg Investment Grade Floating Rate ETF
FLRT,Pacer Aristotle Pacific Floating Rate High Income ETF
FLSA,Franklin FTSE Saudi Arabia ETF
FLSP,Franklin Systematic Style Premia ETF
FLSW,Franklin FTSE Switzerland ETF
FLTB,Fidelity Limited Term Bond ETF
FLTR,VanEck ETF Trust VanEck IG Floating Rate ETF
FLTW,Franklin FTSE Taiwan ETF
FLUD,Franklin Ultra Short Bond ETF
FLV,American Century Focused Large Cap Value ETF
FLXI,Invesco Actively Managed Exchange-Traded Fund Trust Invesco Fl
FLXN,Horizon Funds Horizon Flexible Income ETF
FLXR,TCW Flexible Income ETF
FLYD,Bank of Montreal MicroSectors Travel -3x Inverse Leveraged ETN
FLYT,Investment Managers Series Trust II Tradr 2X Long FLY Daily ET
FLYU,Bank of Montreal MicroSectors Travel 3x Leveraged ETN
FMAG,Fidelity Magellan ETF
FMAR,FT Vest U.S. Equity Buffer ETF - March
FMAT,Fidelity MSCI Materials Index ETF
FMAY,FT Vest U.S. Equity Buffer ETF - May
FMB,First Trust Managed Municipal ETF
FMCE,Northern Lights Fund Trust IV FM Compounders Equity ETF
FMCX,FM Focus Equity ETF
FMDE,Fidelity Enhanced Mid Cap Core ETF
FMED,Fidelity Disruptive Medicine ETF
FMET,Fidelity Metaverse ETF
FMF,First Trust Managed Futures Strategy Fund
FMHI,First Trust Municipal High Income ETF
FMKT,The Free Markets ETF
FMNY,First Trust New York Municipal High Income ETF
FMQQ,FMQQ The Next Frontier Internet ETF
FMTL,First Trust Exchange-Traded Fund II First Trust Indxx Critical
FMTM,MarketDesk Focused U.S. Momentum ETF
FMUB,Fidelity Municipal Bond Opportunities ETF
FMUN,Fidelity Systematic Municipal Bond Index ETF
FNCL,Fidelity MSCI Financials Index ETF
FNDA,Schwab Fundamental U.S. Small Company ETF
FNDB,Schwab Fundamental U.S. Broad Market ETF
FNDC,Schwab Fundamental International Small Equity ETF
FNDE,Schwab Fundamental Emerging Markets Equity ETF
FNDF,Schwab Fundamental International Equity ETF
FNDX,Schwab Fundamental U.S. Large Company ETF
FNG,Themes ETF Trust Leverage Shares 2X Long FN Daily ETF
FNGD,MicroSectors FANG plus Index -3X Inverse Leveraged ETNs
FNGG,Direxion Daily NYSE FANG+ Bull 2X ETF
FNGO,MicroSectors FANG plus Index 2X Leveraged ETN
FNGS,MicroSectors FANG  ETNs due January 8 2038
FNGU,Bank Of Montreal MicroSectors FANG+ 3X Leveraged ETNs
FNK,First Trust Mid Cap Value AlphaDEX Fund
FNOV,FT Vest U.S. Equity Buffer ETF - November
FNX,First Trust Mid Cap Core AlphaDEX Fund
FNY,First Trust Mid Cap Growth AlphaDEX Fund
FOCT,FT Vest U.S. Equity Buffer ETF - October
FOMG,Themes ETF Trust Leverage Shares 2X Long FORM Daily ETF
FOPC,The Advisors' Inner Circle Fund II Frontier Asset Opportunisti
FORH,Formidable ETF
FOTO,ETF Opportunities Trust Tuttle Capital Pure Play Photonics ETF
FOWF,Pacer Funds Trust Pacer Solactive Whitney Future of Warfare ET
FOXY,Simplify Exchange Traded Funds Simplify Currency Strategy ETF
FPA,First Trust Asia Pacific Ex-Japan AlphaDEX Fund
FPAA,Investment Managers Series Trust II FPA Global Allocation ETF
FPAG,Investment Managers Series Trust III FPA Global Equity ETF
FPAS,Investment Managers Series Trust III FPA Short Duration Govern
FPE,First Trust Preferred Securities and Income ETF ETF
FPEI,First Trust Institutional Preferred Securities and Income ETF
FPFD,Fidelity Preferred Securities & Income ETF
FPRO,Fidelity Real Estate Investment ETF
FPSX,Themes ETF Trust Leverage Shares 2X Long FPS Daily ETF
FPWR,First Trust EIP Power Solutions ETF
FPX,First Trust US Equity Opportunities ETF
FPXE,First Trust IPOX Europe Equity Opportunities ETF
FPXI,First Trust International Equity Opportunities ETF
FQAL,Fidelity Quality Factor ETF
FRDM,Freedom 100 Emerging Markets ETF
FREL,Fidelity MSCI Real Estate Index ETF
FRGN,Horizon Funds Horizon International Equity ETF
FRI,First Trust S&P REIT Index Fund
FRIZ,Franklin Templeton ETF Trust Franklin Dividend Growth ETF
FRNW,Fidelity Clean Energy ETF
FRTY,Alger Mid Cap 40 ETF
FRUT,Yorkville America Investment Trust Yorkville America MANGOS Pl
FRWD,Nomura Transformational Technologies ETF
FSCC,Federated Hermes ETF Trust Federated Hermes MDT Small Cap Core
FSCS,First Trust SMID Capital Strength ETF
FSEC,Fidelity Investment Grade Securitized ETF
FSEP,FT Vest U.S. Equity Buffer ETF - September
FSGS,First Trust SMID Growth Strength ETF
FSIG,First Trust Limited Duration Investment Grade Corporate ETF
FSMB,First Trust Short Duration Managed Municipal ETF
FSMD,Fidelity Small-Mid Multifactor ETF
FSML,Franklin Templeton ETF Trust Franklin Small Cap Enhanced ETF
FSTA,Fidelity MSCI Consumer Staples Index ETF
FSYD,Fidelity Covington Trust Fidelity Sustainable High Yield ETF
FSZ,First Trust Switzerland AlphaDEX Fund
FTA,First Trust Large Cap Value AlphaDEX Fund
FTAG,First Trust Indxx Global Agriculture ETF
FTBD,Fidelity Merrimack Street Trust Fidelity Tactical Bond ETF
FTBI,First Trust Exchange-Traded Fund VI First Trust Balanced Incom
FTC,First Trust Large Cap Growth AlphaDEX Fund
FTCA,Putnam ETF Trust Franklin California Municipal Income ETF
FTCB,First Trust Exchange-Traded Fund IV First Trust Core Investmen
FTCE,First Trust Exchange-Traded Fund VI First Trust New Constructs
FTCS,First Trust Capital Strength ETF
FTDS,First Trust Dividend Strength ETF
FTEC,Fidelity MSCI Information Technology Index ETF
FTGC,First Trust Global Tactical Commodity Strategy Fund
FTGS,First Trust Growth Strength ETF
FTHB,FIS Trust FIS Faith Income ETF
FTHF,First Trust Exchange-Traded Fund II First Trust Emerging Marke
FTHI,First Trust BuyWrite Income ETF
FTIF,First Trust Exchange-Traded Fund First Trust Bloomberg Inflati
FTKI,First Trust Exchange-Traded Fund VI First Trust Small Cap BuyW
FTLS,First Trust Long/Short Equity
FTMA,Putnam ETF Trust Franklin Massachusetts Municipal Income ETF
FTMH,Putnam ETF Trust Franklin Municipal High Yield ETF
FTMN,Putnam ETF Trust Franklin Minnesota Municipal Income ETF
FTMS,Putnam ETF Trust Franklin Short-Term Municipal Income ETF
FTMU,Putnam ETF Trust Franklin Municipal Income ETF
FTNJ,Putnam ETF Trust Franklin New Jersey Municipal Income ETF
FTNY,Putnam ETF Trust Franklin New York Municipal Income ETF
FTOH,Putnam ETF Trust Franklin Ohio Municipal Income ETF
FTPA,Putnam ETF Trust Franklin Pennsylvania Municipal Income ETF
FTQI,First Trust Nasdaq BuyWrite Income ETF
FTRB,Federated Hermes ETF Trust Federated Hermes Total Return Bond
FTRI,First Trust Indxx Global Natural Resources Income ETF
FTSD,Franklin Short Duration U.S. Government ETF
FTSL,First Trust Senior Loan Fund
FTSM,First Trust Enhanced Short Maturity ETF
FTWO,Strive Natural Resources and Security ETF
FTXG,First Trust Nasdaq Food & Beverage ETF
FTXH,First Trust Nasdaq Pharmaceuticals ETF
FTXL,First Trust Nasdaq Semiconductor ETF
FTXN,First Trust Nasdaq Oil & Gas ETF
FTXO,First Trust Nasdaq Bank ETF
FTXR,First Trust Nasdaq Transportation ETF
FUMB,First Trust Ultra Short Duration Municipal ETF
FUSI,American Century Ultrashort Income ETF
FUTG,Leverage Shares 2x Long FUTU Daily ETF
FUTY,Fidelity MSCI Utilities Index ETF
FV,First Trust Dorsey Wright Focus 5 ETF
FVAL,Fidelity Value Factor ETF
FVC,First Trust Dorsey Wright Dynamic Focus 5 ETF
FVD,First Trust VL Dividend
FWD,AB Active ETFs Inc. AB Disruptors ETF
FXA,Invesco CurrencyShares Australian Dollar Trust
FXB,Invesco CurrencyShares British Pound Sterling Trust
FXC,Invesco CurrencyShares Canadian Dollar Trust
FXD,First Trust Cons. Discret. AlphaDEX
FXE,Invesco CurrencyShares Euro Currency Trust
FXED,Sound Enhanced Fixed Income ETF
FXF,Invesco CurrencyShares Swiss Franc Trust
FXG,First Trust Cons. Staples AlphaDEX
FXH,First Trust Health Care AlphaDEX
FXI,iShares China Large-Cap ETF
FXL,First Trust Technology AlphaDEX
FXN,First Trust Energy AlphaDEX Fund
FXO,First Trust Financials AlphaDEX
FXP,ProShares UltraShort FTSE China 50
FXR,First Trust Industrials AlphaDEX
FXU,First Trust Utilities AlphaDEX Fund
FXY,Invesco CurrencyShares Japanese Yen Trust Common Units of Bene
FXZ,First Trust Materials AlphaDEX Fund
FYC,First Trust Small Cap Growth AlphaDEX Fund
FYEE,Fidelity Yield Enhanced Equity ETF
FYLD,Cambria Foreign Shareholder Yield ETF
FYT,First Trust Small Cap Value AlphaDEX Fund
FYX,First Trust Small Cap Core AlphaDEX Fund
GAA,Cambria Global Asset Allocation ETF
GABF,Gabelli ETFs Trust Gabelli Financial Services Opportunities ET
GAEM,Simplify Exchange Traded Funds Simplify Gamma Emerging Market
GAL,State Street Global Allocation ETF
GALX,Tidal Trust III VistaShares Space Supercycle ETF
GAMR,Amplify Video Game Leaders ETF
GAPR,FT Vest U.S. Equity Moderate Buffer ETF - April
GARA,Guinness Atkinson Funds Guinness Atkinson Real Assets Income E
GARP,iShares MSCI USA Quality GARP ETF
GARY,Mango Growth ETF
GAUG,FT Vest U.S. Equity Moderate Buffer ETF - August
GAVA,Grayscale Avalanche Trust ETF
GBHI,Gabelli ETFs Trust Gabelli High Income ETF
GBIL,Goldman Sachs Access Treasury 0-1 Year ETF
GBND,Goldman Sachs ETF Trust Goldman Sachs Core Bond ETF
GBTC,Grayscale Bitcoin Trust (BTC) Common Units of fractional undiv
GBUG,Sprott Active Gold & Silver Miners ETF
GCAD,Gabelli Commercial Aerospace and Defense ETF
GCAL,Goldman Sachs ETF Trust Goldman Sachs Dynamic California Munic
GCC,WisdomTree EnhancedContinuous Commodity Index Fund
GCOR,Goldman Sachs ETF Trust Goldman Sachs Access U.S. Aggregate Bo
GCOW,Pacer Global Cash Cows Dividend ETF
GCPB,Goldman Sachs ETF Trust Goldman Sachs Core Plus Bond ETF
GDEC,FT Vest U.S. Equity Moderate Buffer ETF - December
GDIV,Harbor ETF Trust Harbor Dividend Growth Leaders ETF
GDLC,Grayscale CoinDesk Crypto 5 ETF
GDMA,Gadsden Dynamic Multi-Asset ETF
GDOC,Goldman Sachs Future Health Care Equity ETF
GDOG,Grayscale Dogecoin Trust ETF
GDX,VanEck Gold Miners ETF
GDXD,MicroSectors Gold Miners -3X Inverse Leveraged ETNs
GDXJ,VanEck Junior Gold Miners ETF
GDXU,MicroSectors Gold Miners 3X Leveraged ETN
GDXW,Roundhill Gold Miners WeeklyPay ETF
LFEQ,VanEck Long/Flat Trend ETF
LFGY,Tidal Trust II YieldMax Crypto Industry & Tech Portfolio Optio
LFSC,F/m Emerald Life Sciences Innovation ETF
LGCF,Themes US Cash Flow Champions ETF
LGDX,Tidal Trust III Intech S&P Large Cap Diversified Alpha ETF
LGH,HCM Defender 500 Index ETF
LGHT,Spinnaker ETF Series Langar Global HealthTech ETF
LGLV,State Street SPDR US Large Cap Low Volatility Index ETF
LGOV,First Trust Long Duration Opportunities ETF
LGRO,Level Four Large Cap Growth Active ETF
LIAE,LifeX 2050 Inflation-Protected Longevity Income ETF
LIAM,LifeX 2055 Inflation-Protected Longevity Income ETF
LIAU,LifeX 2060 Inflation-Protected Longevity Income ETF
LIBD,LifeX 2065 Inflation-Protected Longevity Income ETF
LIFT,Stone Ridge Trust LifeX 2028 Income Bucket ETF
LIMI,Themes ETF Trust Themes Lithium & Battery Metal Miners ETF
LINT,Direxion Daily INTC Bull 2X ETF
LIT,Global X Lithium & Battery Tech ETF
LITC,Corgi ETF Trust I Corgi LITE 2x Daily ETF
LITG,Leverage Shares 2X Long LITE Daily ETF Leverage Shares 2X Long
LITL,Simplify Exchange Traded Funds Simplify Piper Sandler US Small
LITP,Sprott Lithium Miners ETF
LITX,Investment Managers Series Trust II Tradr 2X Long LITE Daily E
LITZ,Investment Managers Series Trust II Tradr 2X Short LITE Daily
LJAN,Innovator ETFs Trust Innovator Premium Income 15 Buffer ETF -
LJUL,Innovator Premium Income 15 Buffer ETF - July
LKOR,Northern Trust Credit-Scored US Long Corporate Bond ETF
LLDR,Global X Funds Global X Long-Term Treasury Ladder ETF
LLYX,Tidal Trust II Defiance Daily Target 2X Long LLY ETF
LMBS,First Trust Low Duration Opportunities ETF
LMTL,Direxion Daily LMT Bull 2X ETF
LMUB,iShares Trust iShares Long-Term National Muni Bond ETF
LNGX,Global X Funds Global X U.S. Natural Gas ETF
LNOK,Tidal Trust II Defiance Daily Target 2X Long NOK ETF
LOCT,Innovator ETFs Trust Innovator Premium Income 15 Buffer ETF -
LODI,ETF Series Solutions AAM SLC Low Duration Income ETF
LOFF,Direxion Shares ETF Trust Direxion Daily SpaceX Bull 2X ETF
LOGO,Alpha Brands Consumption Leaders ETF
LOHA,Roundhill HALO ETF Roundhill HALO ETF
LONZ,PIMCO U.S. Treasury Index Fund PIMCO Senior Loan Active Exchan
LOPP,Gabelli Love Our Planet & People ETF Gabelli Love Our Planet &
LOTI,Liberty One Tactical Income ETF
LOUP,Innovator Deepwater Frontier Tech ETF
LOWV,AB Active ETFs Inc. AB US Low Volatility Equity ETF
LPRE,Exchange Listed Funds Trust Long Pond Real Estate Select ETF
LQ,Simplify Tax Aware Alternatives ETF
LQAI,Exchange Listed Funds Trust LG QRAFT AI-Powered U.S. Large Cap
LQD,iShares iBoxx $ Investment Grade Corporate Bond ETF
LQDB,iShares Trust iShares BBB Rated Corporate Bond ETF
LQDH,iShares Interest Rate Hedged Corporate Bond ETF
LQDI,iShares Inflation Hedged Corporate Bond ETF
LQDM,Amplify ETF Trust Amplify LQD Investment Grade 12% Target Inco
LQTI,First Trust Exchange-Traded Fund IV FT Vest Investment Grade &
LRCC,Corgi ETF Trust I Corgi LRCX 2x Daily ETF
LRCU,Tradr 2X Long LRCX Daily ETF
LRGC,AB Active ETFs Inc. AB US Large Cap Strategic Equities ETF
LRGE,ClearBridge Large Cap Growth Select ETF
LRGF,iShares U.S. Equity Factor ETF
LRGG,Nomura Focused Large Growth ETF
LRND,NYLIM U.S. Large Cap R&D Leaders ETF
LRNZ,Listed Funds Trust TrueShares Technology AI & Deep Learning E
LSAF,LeaderShares AlphaFactor US Core Equity ETF
LSAT,LeaderShares AlphaFactor Tactical Focused ETF
LSCP,Natixis ETF Trust Natixis Loomis Sayles Dynamic Core Plus ETF
LSEQ,Harbor ETF Trust Harbor Long-Short Equity ETF
LSGR,Natixis ETF Trust II Natixis Loomis Sayles Focused Growth ETF
LST,Managed Portfolio Series Leuthold Select Industries ETF
LSTB,Natixis ETF Trust Natixis Loomis Sayles Total Return Bond ETF
LSVD,The Advisors Inner Circle Fund LSV Disciplined Value ETF
LTAX,Nomura ETF Trust Nomura Tax-Free USA ETF
LTCC,Canary Litecoin ETF
LTL,ProShares Ultra Communication Services
LTPZ,Pimco 15  Year U.S. TIPS Index Exchange-Traded Fund
LTTI,First Trust Exchange-Traded Fund IV FT Vest 20+ Year Treasury
LULG,Leverage Shares 2X Long LULU Daily ETF
LUNL,Tidal Trust II Defiance Daily Target 2X Long LUNR ETF
LVDS,JPMorgan Fundamental Data Science Large Value ETF
LVHD,Franklin U.S. Low Volatility High Dividend Index ETF
LVHI,Franklin International Low Volatility High Dividend Index ETF
LVIG,Longview Advantage Fixed Income ETF
LVLN,SPDR Series Trust State Street SPDR S&P Leveraged Loan ETF
LYLD,Cambria ETF Trust Cambria Large Cap Shareholder Yield ETF
MAAY,GraniteShares YieldBOOST MARA ETF
MADE,iShares Trust iShares U.S. Manufacturing ETF
MAGA,Yorkville America Investment Trust Truth Social America First
MAGC,Roundhill China Magnificent Seven ETF
MAGG,Madison ETFs Trust Madison Aggregate Bond ETF
MAGS,Roundhill Magnificent Seven ETF
MAGX,Roundhill Daily 2X Long Magnificent Seven ETF
MAGY,Roundhill ETF Trust Roundhill Magnificent Seven Covered Call E
MAKX,ProShares S&P Kensho Smart Factories ETF
MAMB,Monarch Ambassador Income Index ETF
MANI,Man ETF Series Trust Man Active Income ETF
MARM,FT Vest U.S. Equity Max Buffer ETF - March
MARO,Tidal Trust II YieldMax MARA Option Income Strategy ETF
MARS,Roundhill ETF Trust Roundhill Space & Technology ETF
MART,AIM ETF Products Trust AllianzIM U.S. Large Cap Buffer10 Mar E
MARU,AIM ETF Products Trust AllianzIM U.S. Equity Buffer15 Uncapped
MARW,AIM ETF Products Trust AllianzIM U.S. Large Cap Buffer20 Mar E
MARZ,TrueShares Structured Outcome (March) ETF
MATE,Man Active Trend Enhanced ETF
MATR,Harbor Multi-Asset Total Return ETF
MAVF,EA Series Trust Matrix Advisors Value ETF
MAXI,Simplify Bitcoin Strategy ETF
MAYM,First Trust Exchange-Traded Fund VIII FT Vest U.S. Equity Max
MAYP,PGIM S&P 500 Buffer 12 ETF - May
MAYT,AIM ETF Products Trust AllianzIM U.S. Large Cap Buffer10 May E
MAYU,AllianzIM U.S. Equity Buffer15 Uncapped May ETF
MAYW,AIM ETF Products Trust AllianzIM U.S. Large Cap Buffer20 May E
MAYZ,TrueShares Structured Outcome (May) ETF
MBB,iShares MBS ETF
MBBA,BlackRock ETF Trust II iShares Mortgage-Backed Securities Acti
MBBB,VanEck Moody's Analytics BBB Corporate Bond ETF
MBCE,Monarch Blue Chips Elite Index ETF
MBND,State Street Nuveen Municipal Bond ETF
MBOX,Freedom Day Dividend ETF
MBS,Angel Oak Mortgage-Backed Securities ETF
MBSD,Northern Trust Disciplined Duration MBS ETF
MBSF,Valued Advisers Trust Regan Floating Rate MBS ETF
MBSX,Advisor Managed Portfolios Regan Fixed Rate MBS ETF
MCDS,JPMorgan Fundamental Data Science Mid Core ETF
MCH,Matthews International Funds Matthews China Active ETF
MCHG,Themes ETF Trust Leverage Shares 2X Long MCHP Daily ETF
MCHI,iShares MSCI China ETF
MCHS,Matthews China Innovators Active ETF
MCHU,Investment Managers Series Trust II Tradr 2X Long MCHP Daily E
MCOW,Pacer Funds Trust Pacer S&P MidCap 400 Quality FCF Aristocrats
MCVT,Miller Investment Trust Miller Convertible Total Return ETF
MDAA,Series Portfolios Trust Myriad Dynamic Asset Allocation ETF
MDEV,First Trust Indxx Medical Devices ETF
MDIV,Multi-Asset Diversified Income Index Fund
MDLV,EA Series Trust Morgan Dempsey Large Cap Value ETF
MDPL,Northern Lights Fund Trust IV Monarch Dividend Plus Index ETF
MDST,Ultimus Managers Trust Westwood Salient Enhanced Midstream Inc
MDY,State Street SPDR S&P MIDCAP 400 ETF Trust
MDYG,State Street SPDR S&P 400 Mid Cap Growth ETF
MDYV,State Street SPDR S&P 400 Mid Cap Value ETF
MEAR,iShares Short Maturity Municipal Bond Active ETF
MEDI,Harbor ETF Trust Harbor Health Care ETF
MEDX,Horizon Kinetics Medical ETF
MEGX,Corgi ETF Trust I Corgi U.S. Mega-Cap Growth 2x Daily ETF
MEM,Matthews International Funds Matthews Emerging Markets Equity
MEMA,Man Active Emerging Markets Alternative ETF
MEME,Roundhill ETF Trust Roundhill Meme Stock ETF
MEMS,Matthews Emerging Markets Discovery Active ETF
MEMX,Matthews International Funds Matthews Emerging Markets ex Chin
MEMY,ETF Opportunities Trust Tuttle Capital Meme Stock Income Blast
METD,Direxion Daily META Bear 1X ETF
METL,Sprott Active Metals & Miners ETF
METU,Direxion Daily META Bull 2X ETF
METV,Roundhill Ball Metaverse ETF
METW,Roundhill ETF Trust Roundhill META WeeklyPay ETF
MEXX,Direxion Daily MSCI Mexico Bull 3X ETF
MFDX,PIMCO Equitiy Series PIMCO RAFI Dynamic Multi-Factor Internati
MFEM,PIMCO Equitiy Series PIMCO RAFI Dynamic Multi-Factor Emerging
MFIG,Motley Fool Innovative Growth ETF
MFLX,First Trust Flexible Municipal High Income ETF
MFMO,Motley Fool Momentum Factor ETF
MFSB,MFS Active Exchange Traded Funds Trust MFS Active Core Plus Bo
MFSD,MFS Active Exchange Traded Funds Trust MFS Active Short Durati
MFSG,MFS Active Exchange Traded Funds Trust MFS Active Growth ETF
MFSI,MFS Active Exchange Traded Funds Trust MFS Active Internationa
MFSM,MFS Active Exchange Traded Funds Trust MFS Active Intermediate
MFSV,MFS Active Exchange Traded Funds Trust MFS Active Value ETF
MFSX,MFS Active Exchange Traded Funds Trust MFS Active Short Muni B
MFUL,Mindful Conservative ETF
MFUS,PIMCO Equitiy Series PIMCO RAFI Dynamic Multi-Factor U.S. Equi
MFUT,Tidal Trust II Cambria Chesapeake Pure Trend ETF
MFVL,Motley Fool Value Factor ETF
MGC,Vanguard Morningstar Mega Cap ETF
MGK,Vanguard Morningstar Mega Cap Growth ETF
MGMT,Ballast Small/Mid Cap ETF
MGNR,American Beacon Select Funds American Beacon GLG Natural Resou
MGOV,First Trust Exchange-Traded Fund IV First Trust Intermediate G
MGV,Vanguard Morningstar Mega Cap Value ETF
MHIG,Milliman Funds Trust Milliman Healthcare Inflation Guard ETF
MHIP,Milliman Funds Trust Milliman Healthcare Inflation Plus ETF
MHX,Corgi ETF Trust I Corgi MARA 2x Daily ETF
MHY,Man ETF Series Trust Man Active High Yield ETF
MID,American Century Mid Cap Growth Impact ETF
MIDE,Xtrackers S&P MidCap 400 Scored & Screened ETF
MIDU,Direxion Daily Mid Cap Bull 3X ETF
MIG,VanEck Moody's Analytics IG Corporate Bond ETF
MIGO,Exchange Traded Concepts Trust MIG Core ETF
MILK,Pacer Funds Trust Pacer US Cash Cows Bond ETF
MILN,Global X Millennial Consumer ETF
MINO,PIMCO Municipal Income Opportunities Active Exchange-Traded Fu
MINT,PIMCO Enhanced Short Maturity Active Exchange-Traded Fund
MINV,Matthews International Funds Matthews Asia Innovators Active E
MISL,First Trust Exchange-Traded Fund First Trust Indxx Aerospace &
MJ,Amplify ETF Trust Amplify Alternative Harvest ETF
MJSC,The RBB Fund Trust MUFG Japan Small Cap Active ETF
MKAM,MKAM ETF
MKOR,Matthews International Funds Matthews Korea Active ETF
MKTN,Federated Hermes ETF Trust Federated Hermes MDT Market Neutral
MLDR,Global X Funds Global X Intermediate-Term Treasury Ladder ETF
MLN,VanEck ETF Trust VanEck Long Muni ETF
MLPA,Global X MLP ETF
MLPB,ETRACS Alerian MLP Infrastructure Index ETN Series B
MLPD,Global X Funds Global X MLP & Energy Infrastructure Covered Ca
MLPI,NEOS ETF Trust NEOS MLP & Energy Infrastructure High Income ET
MLPR,ETRACS Quarterly Pay 1.5X Leveraged Alerian MLP Index ETN
MLPX,Global X MLP & Energy Infrastructure ETF
MMAX,iShares Trust iShares Large Cap Max Buffer Mar ETF
MMCA,NYLIM MacKay California Muni Intermediate ETF
MMID,MFS Active Exchange Traded Funds Trust MFS Active Mid Cap ETF
MMIN,NYLIM MacKay Muni Insured ETF
MMIT,NYLIM MacKay Muni Intermediate ETF
MMK,State Street Institutional Investment Trust State Street Prime
MMKT,Texas Capital Funds Trust Texas Capital Government Money Marke
MMMA,NYLIM MacKay Muni Allocation ETF
MMSC,First Trust Multi-Manager Small Cap Opportunities ETF
MMSD,NYLIM MacKay Muni Short Duration ETF
MMTM,State Street SPDR S&P 1500 Momentum Tilt ETF
MNA,NYLIM Merger Arbitrage ETF
MNBD,ALPS BBH Intermediate Municipal Bond ETF
MNRS,Grayscale Funds Trust Grayscale Bitcoin Miners ETF
MNVT,Moonvest ETF
MNZL,Manzil Russell Halal USA Broad Market ETF
MOAT,VanEck Morningstar Wide Moat ETF
MODL,VictoryShares WestEnd U.S. Sector ETF
MOO,VanEck Agribusiness ETF
MOOD,Relative Sentiment Tactical Allocation ETF
MORT,VanEck Mortgage REIT Income ETF
MOTG,VanEck Morningstar Global Wide Moat ETF
MOTI,VanEck Morningstar International Moat ETF
MOTO,Guinness Atkinson Smart Transportation & Technology ETF
MPG,Leverage Shares 2X Long MP Daily ETF
MPLY,Strategy Shares Monopoly ETF
MPRO,Monarch ProCap Index ETF
MPWC,Corgi ETF Trust I Corgi MPWR 2x Daily ETF
MPWX,Investment Managers Series Trust II Tradr 2X Long MPWR Daily E
MQQQ,Tradr 2X Long Innovation 100 Monthly ETF
MRA,GraniteShares Autocallable MARA ETF
MRAL,GraniteShares 2x Long MARA Daily ETF
MRCP,PGIM S&P 500 Buffer 12 ETF - March
MRGR,ProShares Merger ETF
MRNX,Tidal Trust II Defiance Daily Target 2X Long MRNA ETF
MRNY,Tidal Trust II YieldMax MRNA Option Income Strategy ETF
MRSK,Toews Agility Shares Managed Risk ETF
MRVU,Direxion Daily MRVL Bull 2X ETF
MRVX,Corgi ETF Trust I Corgi MRVL 2x Daily ETF
MSFD,Direxion Daily MSFT Bear 1X ETF
MSFL,GraniteShares 2x Long MSFT Daily ETF
MSFO,Tidal ETF Trust II YieldMax MSFT Option Income Strategy ETF
MSFU,Direxion Daily MSFT Bull 2X ETF
MSFW,Roundhill ETF Trust Roundhill MSFT WeeklyPay ETF
MSFX,ETF Opportunities Trust T-Rex 2X Long Microsoft Daily Target E
MSFY,Kurv Yield Premium Strategy Microsoft (MSFT) ETF
MSLC,Morgan Stanley Pathway Funds Morgan Stanley Pathway Large Cap
MSMR,ETF Series Solutions McElhenny Sheffield Managed Risk ETF
MSOS,AdvisorShares Trust AdvisorShares Pure US Cannabis ETF
MSOX,AdvisorShares MSOS Daily Leveraged ETF
MSR,GraniteShares Autocallable MSTR ETF
MSSM,Morgan Stanley Pathway Funds Morgan Stanley Pathway Small-Mid
MSSS,Northern Lights Fund Trust IV Monarch Select Subsector Index E
MSST,Tidal Trust II YieldMax MSTR Performance & Distribution Target
MST,Defiance Leveraged Long + Income MSTR ETF
MSTB,Lha Market State Tactical Beta ETF
MSTI,Madison ETFs Trust Madison Short Term Strategic Income ETF
MSTP,GraniteShares 2x Long MSTR Daily ETF
MSTQ,ETF Series Solutions LHA Market State Tactical Q ETF
MSTU,ETF Opportunities Trust T-Rex 2X Long MSTR Daily Target ETF
MSTW,Roundhill ETF Trust Roundhill MSTR WeeklyPay ETF
MSTX,Defiance Daily Target 2x Long MSTR ETF
MSTY,Tidal Trust II YieldMax MSTR Option Income Strategy ETF
MSTZ,ETF Opportunities Trust T-Rex 2X Inverse MSTR Daily Target ETF
MTAW,Harbor ETF Trust Meta AI Lab Ecosystem ETF
MTBA,Simplify Exchange Traded Funds Simplify MBS ETF
MTGP,WisdomTree Mortgage Plus Bond Fund
MTRA,Invesco International Growth Focus ETF
MTSG,Themes ETF Trust Leverage Shares 2X Long MTSI Daily ETF
MTUM,iShares MSCI USA Momentum Factor ETF
MTYY,GraniteShares YieldBOOST MSTR ETF
MUB,iShares National Muni Bond ETF
MUD,Direxion Daily MU Bear 1X ETF
MULL,GraniteShares 2x Long MU Daily ETF
MULT,Franklin Multisector Income ETF
MUNA,Northern Funds Northern Trust 2030 Tax-Exempt Distributing Lad
MUNB,Northern Funds Northern Trust 2035 Tax-Exempt Distributing Lad
MUNC,Northern Funds Northern Trust 2045 Tax-Exempt Distributing Lad
MUND,Northern Funds Northern Trust 2055 Tax-Exempt Distributing Lad
MUNF,Northern Funds Northern Trust 2036 Tax-Exempt Distributing Lad
MUNG,Northern Funds Northern Trust 2046 Tax-Exempt Distributing Lad
MUNH,Northern Funds Northern Trust 2056 Tax-Exempt Distributing Lad
MUNI,PIMCO Intermediate Municipal Bond Active Exchange-Traded Fund
MUNJ,Northern Funds Northern Trust 2031 Tax-Exempt Distributing Lad
MUNX,AMG ETF Trust AMG GW&K Muni Income ETF
MUNY,Vanguard New York Tax-Exempt Bond ETF
MUSE,TCW Multisector Credit Income ETF
MUSQ,MUSQ Global Music Industry Index ETF
MUST,Columbia Multi-Sector Municipal Income ETF
MUU,Direxion Daily MU Bull 2X ETF
MUYY,GraniteShares YieldBOOST MU ETF
MVAL,VanEck ETF Trust VanEck Morningstar Wide Moat Value ETF
MVFD,Northern Lights Fund Trust IV Monarch Volume Factor Dividend T
MVFG,Northern Lights Fund Trust IV Monarch Volume Factor Global Unc
MVLL,GraniteShares 2x Long MRVL Daily ETF
MVPA,Advisor Managed Portfolios Miller Value Partners Appreciation
MVPL,Advisor Managed Portfolios Miller Value Partners Leverage ETF
MVRL,ETRACS Monthly Pay 1.5X Leveraged Mortgage REIT ETN
MVV,ProShares Ultra MidCap400
MXI,iShares Global Materials ETF
MXLL,Leverage Shares 2X Long LITE Daily ETF Leverage Shares 2X Long
MYCF,State Street My2026 Corporate Bond ETF
MYCG,State Street My2027 Corporate Bond ETF
MYCH,State Street My2028 Corporate Bond ETF
MYCI,State Street My2029 Corporate Bond ETF
MYCJ,State Street My2030 Corporate Bond ETF
SEIE,SEI Select International Equity ETF
SEIM,SEI QiM U.S. Large Cap Momentum Active ETF
SEIQ,SEI QiM U.S. Large Cap Quality Active ETF
SEIS,SEI Select Small Cap ETF
SEIV,SEI QiM U.S. Large Cap Value Active ETF
SEIX,Virtus Seix Senior Loan ETF
SELV,SEI QiM U.S. Large Cap Low Volatility Active ETF
SEMG,EA Series Trust Suncoast Select Growth ETF
SEMI,Columbia Select Technology ETF
SEMY,GraniteShares YieldBOOST Semiconductor ETF
SEPI,SCM Trust Shelton Equity Premium Income ETF
SEPM,First Trust Exchange-Traded Fund VIII FT Vest U.S. Equity Max
SEPP,PGIM S&P 500 Buffer 12 ETF - September
SEPQ,STF Tactical Growth & Income ETF
SEPT,AIM ETF Products Trust AllianzIM U.S. Large Cap Buffer10 Sep E
SEPU,AIM ETF Products Trust AllianzIM U.S. Equity Buffer15 Uncapped
SEPW,AIM ETF Products Trust AllianzIM U.S. Large Cap Buffer20 Sep E
SEPZ,TrueShares Structured Outcome (September) ETF
SETH,ProShares Short Ether ETF
SETM,Sprott Critical Materials ETF
SEUS,SEI QiM U.S. Equity Factor Allocation Active ETF
SFEB,First Trust Exchange-Traded Fund VIII FT Vest U.S. Small Cap M
SFGV,Sequoia Global Value ETF
SFLO,VictoryShares Small Cap Free Cash Flow ETF
SFLR,Innovator ETFs Trust Innovator Equity Managed Floor ETF
SFTX,Horizon Funds Horizon International Managed Risk ETF
SFTY,Horizon Funds Horizon Managed Risk ETF
SFY,SoFi Select 500 ETF
SFYF,SoFi Social 50 ETF
SFYI,Tidal Trust I SoFi Social 50 Income ETF
SGDJ,Sprott Junior Gold Miners ETF
SGDM,Sprott Gold Miners ETF
SGLC,The RBB Fund Inc. SGI U.S. Large Cap Core ETF
SGOL,abrdn Physical Gold Shares ETF
SGOV,iShares 0-3 Month Treasury Bond ETF
SGRT,Tidal Trust I SMART Earnings Growth 30 ETF
SGRW,Harbor ETF Trust Harbor Active Small Cap Growth ETF
SGVA,F/m Accumulator Ultrashort Treasury Fund
SGVT,Schwab Strategic Trust Schwab Government Money Market ETF
SH,ProShares Short S&P500
SHAG,WisdomTree Yield Enhanced U.S. Short-Term Aggregate Bond Fund
SHDG,Trust For Advised Portfolios Soundwatch Hedged Equity ETF
SHE,State Street SPDR MSCI USA Gender Diversity ETF
SHEH,Precidian ETFs Trust Shell plc ADRhedged
SHLD,Global X Funds Global X Defense Tech ETF
SHM,State Street SPDR Nuveen ICE Short Term Municipal Bond ETF
SHNY,Bank Of Montreal MicroSectors Gold 3X Leveraged ETNs due Janua
SHOC,EA Series Trust Strive U.S. Semiconductor ETF
SHPP,Pacer Funds Pacer Industrials and Logistics ETF
SHPU,Direxion Daily SHOP Bull 2X ETF
SHRD,FIS Trust Arimathea Catholic Core Bond ETF
SHRT,Gotham Short Strategies ETF
SHRY,First Trust Bloomberg Shareholder Yield ETF
SHUS,Exchange Listed Funds Trust Stratified LargeCap Hedged ETF
SHV,iShares Trust iShares 0-1 Year Treasury Bond ETF
SHY,iShares 1-3 Year Treasury Bond ETF
SHYD,VanEck ETF Trust VanEck Short High Yield Muni ETF
SHYG,iShares 0-5 Year High Yield Corporate Bond ETF
SHYL,Xtrackers Short Duration High Yield Bond ETF
SHYM,iShares Short Duration High Yield Muni Active ETF
SIFI,Harbor Ares Systematic Multi-Sector Income ETF
SIHY,Harbor Ares Systematic High Yield ETF
SIJ,ProShares UltraShort Industrials
SIL,Global X Silver Miners ETF
SILJ,Amplify ETF Trust Amplify Junior Silver Miners ETF
SIMS,State Street SPDR S&P Kensho Intelligent Structures ETF
SIO,Touchstone Strategic Income ETF
SIOO,Tidal Trust III VistaShares Target 15 S&P 100 Distribution ETF
SIVR,abrdn Physical Silver Shares ETF
SIXA,ETC 6 Meridian Mega Cap Equity ETF
SIXD,AllianzIM U.S. Large Cap 6 Month Buffer10 Jun/Dec ETF
SIXF,AIM ETF Products Trust AllianzIM U.S. Large Cap 6 Month Buffer
SIXH,ETC 6 Meridian Hedged Equity Index Option ETF
SIXJ,AIM ETF Products Trust AllianzIM U.S. Large Cap 6 Month Buffer
SIXL,ETC 6 Meridian Low Beta Equity ETF
SIXO,AllianzIM U.S. Large Cap 6 Month Buffer10 Apr/Oct ETF
SIXP,AIM ETF Products Trust AllianzIM U.S. Large Cap 6 Month Buffer
SIXS,ETC 6 Meridian Small Cap Equity ETF
SIXZ,AllianzIM U.S. Large Cap 6 Month Buffer10 May/Nov ETF
SIZE,iShares MSCI USA Size Factor ETF
SJB,ProShares Short High Yield
SJCP,SanJac Alpha Core Plus Bond ETF
SJLD,SanJac Alpha Low Duration ETF
SJNK,State Street SPDR Bloomberg Short Term High Yield Bond ETF
SK,Corgi ETF Trust I Corgi SK hynix 2x Daily ETF
SKF,ProShares UltraShort Financials
SKHA,Tradr 2X Long CIEN Daily ETF Tradr 2X Long SK hynix Daily ETF
SKHN,Tradr 2X Long CIEN Daily ETF Tradr 2X Short SK hynix Daily ETF
SKHX,Themes ETF Trust Leverage Shares 2X Long SK Hynix Daily ETF
SKHZ,Themes ETF Trust Leverage Shares 1X Short SK Hynix Daily ETF
SKOR,Northern Trust Credit-Scored US Corporate Bond ETF
SKRE,Tuttle Capital Daily 2X Inverse Regional Banks ETF
SKYU,ProShares Ultra Cloud Computing
SKYY,First Trust Cloud Computing ETF
SLDR,Global X Funds Global X Short-Term Treasury Ladder ETF
SLJY,Amplify SILJ Junior Silver Miners Covered Call ETF
SLNZ,TCW Senior Loan ETF
SLON,ProShares Trust ProShares Ultra Solana ETF
SLQD,iShares 0-5 Year Investment Grade Corporate Bond ETF
SLTY,Tidal Trust II YieldMax Ultra Short Option Income Strategy ETF
SLV,iShares Silver Trust
SLVO,X-Links Silver Shares Covered Call ETN
SLVP,iShares MSCI Global Silver and Metals Miners ETF
SLVR,Sprott Silver Miners & Physical Silver ETF
SLVX,Tidal Trust II Nicholas Silver Income ETF
SLWS,SLW Short Duration Income ETF
SLX,VanEck Steel ETF
SLYG,State Street SPDR S&P 600 Small Cap Growth ETF
SLYV,State Street SPDR S&P 600 Small Cap Value ETF
SMAX,iShares Trust iShares Large Cap Max Buffer Sep ETF
SMAY,FT Vest U.S. Small Cap Moderate Buffer ETF - May
SMB,VanEck ETF Trust VanEck Short Muni ETF
SMBS,Schwab Strategic Trust Schwab Mortgage-Backed Securities ETF
SMCC,Corgi ETF Trust I Corgi SMCI 2x Daily ETF
SMCF,Themes US Small Cap Cash Flow Champions ETF
SMCL,GraniteShares 2x Long SMCI Daily ETF
SMCO,Hilton Small-MidCap Opportunity ETF
SMCP,Tidal Trust I SMART Mid Cap ETF
SMCX,Defiance Daily Target 2x Long SMCI ETF
SMCY,Tidal Trust II YieldMax SMCI Option Income Strategy ETF
SMCZ,Defiance Daily Target 2X Short SMCI ETF
SMDD,UltraPro Short MidCap400
SMDV,ProShares Russell 2000 Dividend Growers ETF
SMDX,Tidal Trust III Intech S&P Small-Mid Cap Diversified Alpha ETF
SMH,VanEck Semiconductor ETF
SMHB,ETRACS Monthly Pay 2xLeveraged US Small Cap High Dividend ETN
SMHC,VanEck China Semiconductor ETF
SMHX,VanEck Fabless Semiconductor ETF
SMIG,Bahl & Gaynor Small/Mid Cap Income Growth ETF
SMIN,Ishares MSCI India Small Cap ETF
SMIZ,Zacks Trust Zacks Small/Mid Cap ETF
SMLF,iShares U.S. Small-Cap Equity Factor ETF
SMLL,Harbor ETF Trust Harbor Active Small Cap ETF
SMLV,State Street SPDR US Small Cap Low Volatility Index ETF
SMMD,iShares Trust iShares Russell 2500 ETF
SMMU,Short Term Municipal Bond Active Exchange-Traded Fund
SMMV,iShares MSCI USA Small-Cap Min Vol Factor ETF
SMN,ProShares UltraShort Materials
SMOG,VanEck Low Carbon Energy ETF
SMOM,Symmetry Panoramic Sector Momentum ETF
SMOT,VanEck ETF Trust VanEck Morningstar SMID Moat ETF
SMOX,Horizon Funds Horizon Small/Mid Cap Core Equity ETF
SMRF,ALPS ETF Trust ALPS Nautilus SMR Nuclear & Technology ETF
SMRI,Bushido Capital US Equity ETF
SMRX,Corgi ETF Trust I Corgi SMR 2x Daily ETF
SMST,Defiance Daily Target 2x Short MSTR ETF
SMTG,Themes ETF Trust Leverage Shares 2X Long SMTC Daily ETF
SMTH,ALPS Smith Core Plus Bond ETF
SMU,Tradr 2X Long SMR Daily ETF
SMUP,ETF Opportunities Trust T-REX 2X Long SMR Daily Target ETF
SMYY,GraniteShares YieldBOOST SMCI ETF
SMZ,Investment Managers Series Trust II Tradr 2X Short SMR Daily E
SNAG,Leverage Shares 2X Long SNAP Daily ETF
SNAV,Collaborative Investment Series Trust Mohr Sector Nav ETF
SNDG,Themes ETF Trust Leverage Shares 2X Long SNDK Daily ETF
SNDQ,Investment Managers Series Trust II Tradr 2X Short SNDK Daily
SNDU,ETF Opportunities Trust T-REX 2X Long SNDK Daily Target ETF
SNK,GraniteShares ETF Trust GraniteShares 2x Short SpaceX Daily ET
SNOU,ETF Opp Tr T-REX 2X Long SNOW Daily Target ETF
SNOV,FT Vest U.S. Small Cap Moderate Buffer ETF - November
SNOY,Tidal Trust II YieldMax SNOW Option Income Strategy ETF
SNPD,Xtrackers S&P Dividend Aristocrats Screened ETF
SNPE,Xtrackers S&P 500 Scored & Screened ETF
SNPG,Xtrackers S&P 500 Growth Scored & Screened ETF
SNSR,Global X Internet of Things ETF
SNTH,Tidal Trust III MRP SynthEquity ETF
SNTQ,Capitol Series Trust MRP SynthEquity Nasdaq 100 ETF
SNXX,Investment Managers Series Trust II Tradr 2X Long SNDK Daily E
SOCL,Global X Social Media ETF
SOEZ,Franklin Solana Trust Franklin Solana ETF
SOFA,Direxion Daily SOFI Bull 2X ETF
SOFC,Corgi ETF Trust I Corgi SOFI 2x Daily ETF
SOFR,Amplify ETF Trust Amplify Samsung SOFR ETF
SOFX,Defiance Daily Target 2X Long SOFI ETF
SOLC,Canary Marinade Solana ETF
SOLM,Amplify ETF Trust Amplify Solana 3% Monthly Option Income ETF
SOLT,2x Solana ETF
SOLZ,Solana ETF
SOUX,Defiance Daily Target 2X Long SOUN ETF
SOVF,Elevation Series Trust Sovereign's Capital Flourish Fund
SOXL,Direxion Daily Semiconductor Bull 3X ETF
SOXQ,Invesco PHLX Semiconductor ETF
SOXS,Direxion Daily Semiconductor Bear 3X ETF
SOXX,iShares PHLX SOX Semiconductor Sector Index Fund
SOXY,Tidal Trust II YieldMax Target 12 Semiconductor Option Income
SOYB,Teucrium Soybean Fund ETV
SPAB,State Street SPDR Portfolio Aggregate Bond ETF
SPAL,GraniteShares ETF Trust GraniteShares 2x Long SpaceX Daily ETF
SPAM,Themes Cybersecurity ETF
SPAQ,Horizon Kinetics SPAC Active ETF
SPBC,Simplify US Equity PLUS Bitcoin Strategy ETF
SPBO,State Street SPDR Portfolio Corporate Bond ETF
SPBU,AIM ETF Products Trust AllianzIM Buffer15 Uncapped Allocation
SPBW,AIM ETF Products Trust AllianzIM Buffer20 Allocation ETF
SPBX,AIM ETF Products Trust AllianzIM 6 Month Buffer10 Allocation E
SPCF,ProShares Trust ProShares Ultra SpaceX
SPCG,Investment Managers Series Trust II Tradr 2X Short SpaceX Dail
SPCH,Themes ETF Trust Leverage Shares 2X Long SPCX Daily ETF
SPCI,ETF Opportunities Trust Tuttle Capital Space Industry Income B
SPCK,SPAC and New Issue ETF
SPCL,Defiance Daily 2X Space ETF
SPCM,Investment Managers Series Trust II Tradr 2X Long SpaceX Daily
SPCT,Liberty One Spectrum ETF
SPCU,Defiance Daily Target 2X Long SPCX ETF
SPD,Simplify Exchange Traded Funds Simplify US Equity PLUS Downsid
SPDF,Advisor Managed Portfolios Defender Risk Adaptive 500 ETF
SPDG,State Street SPDR Portfolio S&P Sector Neutral Dividend ETF
SPDN,Direxion Daily S&P 500 Bear 1X ETF
SPDV,AAM S&P 500 High Dividend Value ETF
SPDW,State Street SPDR Portfolio Developed World ex-US ETF
SPEM,State Street SPDR Portfolio Emerging Markets ETF
SPEU,State Street SPDR Portfolio Europe ETF
SPFF,Global X SuperIncome Preferred ETF
SPGM,State Street SPDR Portfolio MSCI Global Stock Market ETF
SPGP,Invesco S&P 500 GARP ETF
SPHB,Invesco S&P 500 High Beta ETF
SPHD,Invesco S&P 500 High Dividend Low Volatility ETF
SPHQ,Invesco S&P 500 Quality ETF
SPHY,State Street SPDR Portfolio High Yield Bond ETF
SPIB,State Street SPDR Portfolio Intermediate Term Corporate Bond E
SPIN,State Street US Equity Premium Income ETF
SPIP,State Street SPDR Portfolio TIPS ETF
SPIT,F/m Emerald Special Situations ETF
SPLB,State Street SPDR Portfolio Long Term Corporate Bond ETF
SPLS,PIMCO ETF Trust PIMCO US Stocks PLUS Active Bond Exchange-Trad
SPLV,Invesco S&P 500 Low Volatility ETF
SPMB,State Street SPDR Portfolio Mortgage Backed Bond ETF
SPMD,State Street SPDR Portfolio S&P 400 Mid Cap ETF
SPMO,Invesco S&P 500 Momentum ETF
SPOG,Leverage Shares 2x Long SPOT Daily ETF
SPPP,Sprott Physical Platinum and Palladium Trust
SPRE,SP Funds S&P Global REIT Sharia ETF
SPRX,Spear Alpha ETF
SPSB,State Street SPDR Portfolio Short Term Corporate Bond ETF
SPSK,SP Funds Dow Jones Global Sukuk ETF
SPSM,State Street SPDR Portfolio S&P 600 Small Cap ETF
SPTB,State Street SPDR Portfolio Treasury ETF
SPTE,SP Funds Trust SP Funds S&P Global Technology ETF
SPTI,State Street SPDR Portfolio Intermediate Term Treasury ETF
SPTL,State Street SPDR Portfolio Long Term Treasury ETF
SPTM,State Street SPDR Portfolio S&P 1500 Composite Stock Market ET
SPTS,State Street SPDR Portfolio Short Term Treasury ETF
SPTU,SPDR Series Trust State Street SPDR Portfolio Ultra Short T-Bi
SPUC,Simplify US Equity Income ETF
SPUS,SP Funds S&P 500 Sharia Industry Exclusions ETF
SPUT,Innovator ETFs Trust Innovator Equity Premium Income - Daily P
SPUU,Direxion Daily S&P 500 Bull 2X ETF
SPVM,Invesco S&P 500 Value with Momentum ETF
SPWO,SP Funds Trust SP Funds S&P World (ex-US) ETF
SPXD,Xtrackers S&P 500 Diversified Sector Weight ETF
SPXE,ProShares S&P 500 Ex-Energy ETF
SPXL,Direxion Daily S&P 500 Bull 3X ETF
SPXN,ProShares S&P 500 Ex-Financials ETF
SPXS,Direxion Daily S&P 500 Bear 3X ETF
SPXT,ProShares S&P 500 Ex-Technology ETF
SPXU,ProShares UltraPro Short S&P500
SPXV,ProShares S&P 500 Ex-Health Care ETF
SPY,State Street SPDR S&P 500 ETF Trust Unit
SPYA,The RBB Fund Trust Twin Oak Endure ETF
SPYC,Simplify Exchange Traded Funds Simplify US Equity PLUS Convexi
SPYD,State Street SPDR Portfolio S&P 500 High Dividend ETF
SPYG,State Street SPDR Portfolio S&P 500 Growth ETF
SPYH,NEOS ETF Trust NEOS S&P 500 Hedged Equity Income ETF
SPYI,NEOS S&P 500 High Income ETF
SPYM,State Street SPDR Portfolio S&P 500 ETF
SPYQ,Tradr 2X Long SPY Quarterly ETF
SPYT,Tidal Trust II Defiance S&P 500 Target Income ETF
SPYU,Bank Of Montreal MAX S&P 500 4X Leveraged ETNs due October 30
SPYV,State Street SPDR Portfolio S&P 500 Value ETF
SPYX,State Street SPDR S&P 500 Fossil Fuel Reserves Free ETF
SQBA,First Trust Exchange-Traded Fund VIII FT Vest U.S. Equity Quar
SQLT,iShares Trust iShares MSCI USA Small-Cap Quality Factor ETF
SQLV,Royce Quant Small-Cap Quality Value ETF
SQMX,First Trust Exchange-Traded Fund VIII FT Vest U.S. Equity Quar
SQQQ,ProShares UltraPro Short QQQ
SQS,Sapient Quality Select ETF
SRET,Global X SuperDividend REIT ETF
SRHQ,SRH U.S. Quality GARP ETF
SRHR,Elevation Series Trust SRH REIT Covered Call ETF
SRLN,State Street Blackstone Senior Loan ETF
SROI,Calamos ETF Trust Calamos Antetokounmpo Global Sustainable Equ
SRS,ProShares UltraShort Real Estate
SRTY,ProShares UltraPro Short Russell2000
SRVR,Pacer Data & Infrastructure Real Estate ETF
SSCP,Tidal Trust I SMART Small Cap ETF
SSFI,Day Hagan Smart Sector Fixed Income ETF
SSG,ProShares UltraShort Semiconductors
SSK,ETF Opportunities Trust REX-Osprey SOL + Staking ETF
SSMG,Virtus ETF Trust II Virtus Silvant Small/Mid Growth ETF
SSO,ProShares Ultra S&P500
SSPC,Themes ETF Trust Leverage Shares 2X Short SPCX Daily ETF
SSPY,Exchange Listed Funds Trust Stratified LargeCap Index ETF
SSS,CYBER HORNET S&P 500 and Solana 75/25 Strategy ETF
SSUS,Day Hagan Smart Sector ETF
SSXU,Day Hagan Smart Sector International ETF
STAX,Nomura Tax-Free USA Short Term ETF
STBF,Trust for Professional Managers Performance Trust Short Term B
STBQ,Amplify Stablecoin Technology Leaders ETF
STCE,Schwab Crypto Thematic Natural Language Processing ETF
STEN,iShares Trust iShares Large Cap 10% Target Buffer Sep ETF
STHH,Precidian ETFs Trust STMicroelectronics NV ADRhedged
STIP,iShares 0-5 Year TIPS Bond ETF
STLL,Leverage Shares 2X Long LITE Daily ETF Leverage Shares 2X Long
STLU,Volatility Shares Trust 2x Stellar ETF
STNC,Hennessy Sustainable ETF
STOT,State Street DoubleLine Short Duration Total Return Tactical E
STOX,Horizon Funds Horizon Core Equity ETF
STPZ,PIMCO 1-5 Year U.S. TIPS Index Exchange-Traded Fund
STRN,Tidal Trust I SMART Trend 25 ETF
STSM,Tidal Trust II Defiance Daily Target 2X Short TSM ETF
STXD,EA Series Trust Strive 1000 Dividend Growth ETF
STXE,EA Series Trust Strive Emerging Markets Ex-China ETF
STXF,EA Series Trust Strive 500 ETF
STXG,EA Series Trust Strive 1000 Growth ETF
DBC,Invesco DB Commodity Index Tracking Fund
DBE,Invesco DB Energy Fund
DBEF,Xtrackers MSCI EAFE Hedged Equity ETF
DBEM,Xtrackers MSCI Emerging Markets Hedged Equity ETF
DBEU,Xtrackers MSCI Europe Hedged Equity ETF
DBEZ,Xtrackers MSCI Eurozone Hedged Equity ETF
DBJP,Xtrackers MSCI Japan Hedged Equity ETF
DBMF,iMGP DBi Managed Futures Strategy ETF
DBND,DoubleLine Opportunistic Core Bond ETF
DBO,Invesco DB Oil Fund
DBP,Invesco DB Precious Metals Fund
DCMT,DoubleLine ETF Trust DoubleLine Commodity Strategy ETF
DCOR,Dimensional ETF Trust Dimensional US Core Equity 1 ETF
DCRE,DoubleLine Commercial Real Estate Debt ETF
DDEC,FT Vest U.S. Equity Deep Buffer ETF - December
DDFA,Innovator ETFs Trust Innovator Equity Dual Directional 15 Buff
DDFD,Innovator ETFs Trust Innovator Equity Dual Directional 15 Buff
DDFF,Innovator ETFs Trust Innovator Equity Dual Directional 15 Buff
DDFJ,Innovator ETFs Trust Innovator Equity Dual Directional 15 Buff
DDFL,Innovator ETFs Trust Innovator Equity Dual Directional 15 Buff
DDFM,Innovator ETFs Trust Innovator Equity Dual Directional 15 Buff
DDFN,Innovator ETFs Trust Innovator Equity Dual Directional 15 Buff
DDFO,Innovator ETFs Trust Innovator Equity Dual Directional 15 Buff
DDFS,Innovator ETFs Trust Innovator Equity Dual Directional 15 Buff
DDFY,Innovator ETFs Trust Innovator Equity Dual Directional 15 Buff
DDFZ,Innovator ETFs Trust Innovator Equity Dual Directional 15 Buff
DDIV,First Trust Dorsey Wright Momentum & Dividend ETF
DDLS,WisdomTree Dynamic International SmallCap Equity Fund
DDM,ProShares Ultra Dow30
DDNQ,Innovator ETFs Trust Innovator Growth-100 Dual Directional 5 B
DDSQ,Innovator ETFs Trust Innovator Equity Dual Directional 5 Buffe
DDTA,Innovator ETFs Trust Innovator Equity Dual Directional 10 Buff
DDTD,Innovator ETFs Trust Innovator Equity Dual Directional 10 Buff
DDTF,Innovator ETFs Trust Innovator Equity Dual Directional 10 Buff
DDTJ,Innovator ETFs Trust Innovator Equity Dual Directional 10 Buff
DDTL,Innovator ETFs Trust Innovator Equity Dual Directional 10 Buff
DDTM,Innovator ETFs Trust Innovator Equity Dual Directional 10 Buff
DDTN,Innovator ETFs Trust Innovator Equity Dual Directional 10 Buff
DDTO,Innovator ETFs Trust Innovator Equity Dual Directional 10 Buff
DDTS,Innovator ETFs Trust Innovator Equity Dual Directional 10 Buff
DDTY,Innovator ETFs Trust Innovator Equity Dual Directional 10 Buff
DDTZ,Innovator ETFs Trust Innovator Equity Dual Directional 10 Buff
DDV,EA Series Trust Defined Duration 5 ETF
DDWM,WisdomTree Dynamic International Equity Fund
DDX,Defined Duration 10 ETF
DDXX,EA Series Trust Defined Duration 20 ETF
DECM,First Trust Exchange-Traded Fund VIII FT Vest U.S. Equity Max
DECO,State Street Galaxy Digital Asset Ecosystem ETF
DECP,PGIM S&P 500 Buffer 12 ETF - December
DECT,AIM ETF Products Trust AllianzIM U.S. Large Cap Buffer10 Dec E
DECU,AIM ETF Products Trust AllianzIM U.S. Equity Buffer15 Uncapped
DECW,AIM ETF Products Trust AllianzIM U.S. Large Cap Buffer20 Dec E
DECZ,TrueShares Structured Outcome (December) ETF
DEED,First Trust Securitized Plus ETF
DEEF,Xtrackers FTSE Developed ex US Multifactor ETF
DEEP,Acquirers Small and Micro Deep Value ETF
DEFR,ETF Series Solutions Aptus Deferred Income ETF
DEHP,Dimensional ETF Trust Dimensional Emerging Markets High Profit
DEM,WisdomTree Emerging Markets High Dividend Fund
DEMZ,Democratic Large Cap Core ETF
DEPW,Harbor ETF Trust Google DeepMind AI Lab Ecosystem ETF
DES,WisdomTree U.S. SmallCap Dividend Fund
DESK,VanEck ETF Trust VanEck Office and Commercial REIT ETF
DEUS,Xtrackers Russell US Multifactor ETF
DEW,WisdomTree Global High Dividend Fund
DEXC,Dimensional ETF Trust Dimensional Emerging Markets ex China Co
DFAC,Dimensional ETF Trust Dimensional U.S. Core Equity 2 ETF
DFAE,Dimensional Emerging Core Equity Market ETF
DFAI,Dimensional International Core Equity Market ETF
DFAL,Dimensional ETF Trust Dimensional US Large Cap Core Equity Mar
DFAR,Dimensional ETF Trust Dimensional US Real Estate ETF
DFAS,Dimensional U.S. Small Cap ETF
DFAT,Dimensional U.S. Targeted Value ETF
DFAU,Dimensional US Core Equity Market ETF
DFAW,Dimensional ETF Trust Dimensional World Equity ETF
DFAX,Dimensional World ex U.S. Core Equity 2 ETF
DFCA,Dimensional ETF Trust Dimensional California Municipal Bond ET
DFCF,Dimensional ETF Trust Dimensional Core Fixed Income ETF
DFE,WisdomTree Europe SmallCap Dividend Fund
DFEB,FT Vest U.S. Equity Deep Buffer ETF - February
DFEM,Dimensional ETF Trust Dimensional Emerging Markets Core Equity
DFEN,Direxion Daily Aerospace & Defense Bull 3X ETF
DFEV,Dimensional ETF Trust Dimensional Emerging Markets Value ETF
DFGP,Dimensional Global Core Plus Fixed Income ETF
DFGR,Dimensional ETF Trust Dimensional Global Real Estate ETF
DFGX,Dimensional International Core Fixed Income ETF
DFIC,Dimensional ETF Trust Dimensional International Core Equity 2
DFII,First Trust Exchange-Traded Fund FT Vest Bitcoin Strategy & Ta
DFIP,Dimensional ETF Trust Dimensional Inflation-Protected Securiti
DFIS,Dimensional ETF Trust Dimensional International Small Cap ETF
DFIV,Dimensional International Value ETF
DFJ,WisdomTree Japan SmallCap Fund
DFLV,Dimensional ETF Trust Dimensional US Large Cap Value ETF
DFMC,DFA Investment Dimensions Group Inc. U.S. Micro Cap Portfolio:
DFNL,Davis Fundamental ETF Trust Davis Select Financial ETF
DFNM,Dimensional ETF Trust Dimensional National Municipal Bond ETF
DFSB,Dimensional ETF Trust Dimensional Global Sustainability Fixed
DFSD,Dimensional ETF Trust Dimensional Short-Duration Fixed Income
DFSE,Dimensional ETF Trust Dimensional Emerging Markets Sustainabil
DFSI,Dimensional ETF Trust Dimensional International Sustainability
DFSU,Dimensional ETF Trust Dimensional US Sustainability Core 1 ETF
DFSV,Dimensional ETF Trust Dimensional US Small Cap Value ETF
DFTT,Northern Lights Fund Trust DF Tactical 30 ETF
DFUS,Dimensional U.S. Equity Market ETF
DFUV,Dimensional ETF Trust Dimensional US Marketwide Value ETF
DFVE,DoubleLine ETF Trust DoubleLine Fortune 500 Equal Weight ETF
DFVX,Dimensional ETF Trust Dimensional US Large Cap Vector ETF
DGAP,First Trust Exchange-Traded Fund VIII FT Vest U.S. Equity Buff
DGCB,Dimensional Global Credit ETF
DGIN,VanEck ETF Trust VanEck Digital India ETF
DGJA,First Trust Exchange-Traded Fund VIII FT Vest U.S. Equity Buff
DGJL,First Trust Exchange-Traded Fund VIII FT Vest U.S. Equity Buff
DGLO,First Trust RBA Deglobalization ETF
DGOC,First Trust Exchange-Traded Fund VIII FT Vest U.S. Equity Buff
DGP,PowerShares DB Gold Double Long ETN
DGRE,WisdomTree Emerging Markets Quality Dividend Growth Fund
DGRO,iShares Core Dividend Growth ETF
DGRS,WisdomTree U.S. SmallCap Quality Dividend Growth Fund
DGRW,WisdomTree U.S. Quality Dividend Growth Fund
DGS,WisdomTree Emerging Market SmallCap Fund
DGT,State Street SPDR Global Dow ETF
DGZ,PowerShares DB Gold Short ETN
DHDG,First Trust Exchange-Traded Fund VIII FT Vest U.S. Equity Quar
DHLX,Diamond Hill Funds Diamond Hill Large Cap Concentrated ETF
DHS,WisdomTree U.S. High Dividend Fund
DHSB,Strategy Shares Day Hagan Smart Buffer ETF
DIA,State Street SPDR Dow Jones Industrial Average ETF Trust Unit
DIAL,Columbia Diversified Fixed Income Allocation ETF
DIEM,Franklin Emerging Market Core Dividend Tilt Index ETF
DIG,ProShares Ultra Energy
DIHP,Dimensional ETF Trust Dimensional International High Profitabi
DIM,WisdomTree International MidCap Dividend Fund
DIME,CoinShares Altcoins ETF
DINE,Simplify Tax Aware Diversified Income Strategy ETF
DINT,Davis Fundamental ETF Trust Davis Select International ETF
DIPS,Tidal Trust II YieldMax Short NVDA Option Income Strategy ETF
DISK,Tema ETF Trust Tema Memory ETF
DISV,Dimensional ETF Trust Dimensional International Small Cap Valu
DIV,Global X Super Dividend ETF
DIVB,iShares Core Dividend ETF
DIVD,Altrius Global Dividend ETF
DIVE,Tidal Trust I Dana Concentrated Dividend ETF
DIVG,Invesco Exchange-Traded Fund Trust II Invesco S&P 500 High Div
DIVI,Franklin International Core Dividend Tilt Index ETF
DIVL,Madison ETFs Trust Madison Dividend Value ETF
DIVN,Horizon Funds Horizon Dividend Income ETF
DIVO,Amplify CWP Enhanced Dividend Income ETF
DIVP,The Advisors Inner Circle Fund II Cullen Enhanced Equity Incom
DIVS,Guinness Atkinson Dividend Builder ETF
DIVY,Sound Equity Dividend Income ETF
DIVZ,Polen Dividend Income ETF
DJAN,FT Vest U.S. Equity Deep Buffer ETF - January
DJD,Invesco Dow Jones Industrial Average Dividend ETF
DJIA,Global X Funds Global X Dow 30 Covered Call ETF
DJP,iPath Bloomberg Commodity Index Total Return ETN
DJTU,ETF Opportunities Trust T-REX 2X Long DJT Daily Target ETF
DJUL,FT Vest U.S. Equity Deep Buffer ETF - July
DJUN,FT Vest U.S. Equity Deep Buffer ETF - June
DLAG,First Trust Exchange-Traded Fund VIII FT Vest U.S. Equity Dual
DLCU,U.S. Large Company Portfolio: ETF Class Shares
DLFE,First Trust Exchange-Traded Fund VIII FT Vest U.S. Equity Dual
DLLL,GraniteShares 2x Long DELL Daily ETF
DLN,WisdomTree U.S. LargeCap Dividend Fund
DLNV,First Trust Exchange-Traded Fund VIII FT Vest U.S. Equity Dual
DLS,WisdomTree International SmallCap Fund
DLUX,DoubleLine ETF Trust DoubleLine Ultrashort Income ETF
DMAR,FT Vest U.S. Equity Deep Buffer ETF - March
DMAY,FT Vest U.S. Equity Deep Buffer ETF - May
DMBS,DoubleLine ETF Trust DoubleLine Mortgage ETF
DMX,DoubleLine ETF Trust DoubleLine Multi-Sector Income ETF
DMXF,iShares ESG Advanced MSCI EAFE ETF
DNL,WisdomTree Global ex-U.S. Quality Growth Fund
DNOV,FT Vest U.S. Equity Deep Buffer ETF - November
DOCT,FT Vest U.S. Equity Deep Buffer ETF - October
DOG,ProShares Short Dow30
DOGG,FT Vest DJIA Dogs 10 Target Income ETF
DOJE,ETF Opportunities Trust REX-Osprey DOGE ETF
DOL,WisdomTree True Developed International Fund
DON,WisdomTree U.S. MidCap Dividend Fund
DPRE,Virtus ETF Trust II Virtus Duff & Phelps Real Estate Income ET
DPST,Direxion Daily Regional Banks Bull 3X ETF
DRAI,EA Series Trust Draco Evolution AI ETF
DRAM,Roundhill ETF Trust Roundhill Memory ETF
DRAY,Tidal Trust II YieldMax DKNG Option Income Strategy ETF
DRES,The 2023 ETF Series Trust II GMO Domestic Resilience ETF
DRGN,Themes ETF Trust Themes China Generative Artificial Intelligen
DRIP,Direxion Daily S&P Oil & Gas Exp. & Prod. Bear 2X ETF
DRIV,Global X Autonomous & Electric Vehicles ETF
DRKY,Tidal Trust III VistaShares Target 15 DRUKMacro Distribution E
DRLL,EA Series Trust Strive U.S. Energy ETF
DRMP,ETF Opportunities Trust Tuttle Capital Memory Stack Income Bla
DRMY,Tidal Trust II XFUNDS Memory Income ETF
DRN,Direxion Daily Real Estate Bull 3X ETF
DRNZ,REX Drone ETF
DRSK,Aptus Defined Risk ETF
DRUP,GraniteShares Nasdaq Select Disruptors ETF
DRV,Direxion Daily Real Estate Bear 3X ETF
DRVR,Amplify ETF Trust Amplify S&P 500 Dividend Drivers ETF
DSCO,DoubleLine ETF Trust DoubleLine Securitized Credit ETF
DSEP,FT Vest U.S. Equity Deep Buffer ETF - September
DSI,iShares ESG MSCI KLD 400 ETF
DSMC,ETF Series Solutions Distillate Small/Mid Cash Flow ETF
DSPY,Tema ETF Trust Tema S&P 500  Historical Weight ETF Strategy
DSTL,Distillate U.S. Fundamental Stability & Value ETF
DSTX,Distillate International Fundamental Stability & Value ETF
DTAN,EA Series Trust Sparkline International Intangible Value ETF
DTCR,Global X Data Center & Digital Infrastructure ETF
DTD,WisdomTree U.S. Total Dividend Fund
DTEC,ALPS ETF Trust ALPS Disruptive Technologies ETF
DTH,WisdomTree International High Dividend Fund
DTRE,First Trust Alerian Disruptive Technology Real Estate ETF
DUBS,ETF Series Solutions Aptus Large Cap Enhanced Yield ETF
DUG,ProShares UltraShort Energy
DUHP,Dimensional ETF Trust Dimensional US High Profitability ETF
DUKH,Ocean Park High Income ETF
DUKQ,Northern Lights Fund Trust Ocean Park Domestic ETF
DUKX,Ocean Park International ETF
DUKZ,Northern Lights Fund Trust Ocean Park Diversified Income ETF
DULL,Bank Of Montreal MicroSectors Gold -3X Inverse Leveraged ETNs
DUNK,Tidal Trust I Dana Unconstrained Equity ETF
DUOG,Leverage Shares 2X Long DUOL Daily ETF
DURA,VanEck Durable High Dividend ETF
DUSA,Davis Fundamental ETF Trust Davis Select U.S. Equity ETF
DUSB,Dimensional ETF Trust Dimensional Ultrashort Fixed Income ETF
DUSG,U.S. Small Cap Growth Portfolio: ETF Class Shares
DUSL,Direxion Daily Industrials Bull 3X ETF
DUST,Direxion Daily Gold Miners Index Bear 2X ETF
DUTY,Tidal Trust III U.S. Defense ETF
DVAL,BrandywineGLOBAL-Dynamic US Large Cap Value ETF
DVDN,ETF Opportunities Trust Kingsbarn Dividend Opportunity ETF
DVGR,DAC 3D Dividend Growth ETF
DVLU,First Trust Dorsey Wright Momentum & Value ETF
DVND,Touchstone ETF Trust Touchstone Dividend Select ETF
DVOL,First Trust Dorsey Wright Momentum & Low Volatility ETF
DVQQ,WEBs QQQ Defined Volatility ETF
DVSP,WEBs SPY Defined Volatility ETF
DVVY,Invesco Actively Managed Exchange-Traded Fund Trust Invesco Di
DVY,iShares Select Dividend ETF
DVYA,iShares Asia / Pacific Dividend 30 Index Fund Exchange Traded
DVYE,iShares Emerging Markets Dividend Index Fund Exchange Traded F
DWAS,Invesco Dorsey Wright SmallCap Momentum ETF
DWAW,AdvisorShares Dorsey Wright FSM All Cap World ETF
DWLD,Davis Fundamental ETF Trust Davis Select Worldwide ETF
DWM,WisdomTree International Equity Fund
DWMF,WisdomTree International Multifactor Fund
DWSH,AdvisorShares Dorsey Wright Short ETF
DWUS,AdvisorShares Dorsey Wright FSM US Core ETF
DWX,State Street SPDR S&P International Dividend ETF
DXD,ProShares UltraShort Dow30
DXIV,Dimensional ETF Trust Dimensional International Vector Equity
DXJ,WisdomTree Japan Hedged Equity Fund
DXUV,Dimensional ETF Trust Dimensional US Vector Equity ETF
DYFI,IDX Dynamic Fixed Income ETF
DYLD,LeaderShares Dynamic Yield ETF
DYLG,Global X Funds Global X Dow 30 Covered Call & Growth ETF
DYNB,Hartford Dynamic Bond ETF
DYNF,iShares U.S. Equity Factor Rotation Active ETF
DYTA,SGI Dynamic Tactical ETF
DZZ,PowerShares DB Gold Double Short ETN
EAFG,Pacer Funds Trust Pacer Developed Markets Cash Cows Growth Lea
EAGG,iShares ESG Aware U.S. Aggregate Bond ETF
EAGL,The 2023 ETF Series Trust Eagle Capital Select Equity ETF
EALT,Innovator ETFs Trust Innovator U.S. Equity 5 to 15 Buffer ETF
EAPR,Innovator Emerging Markets Power Buffer ETF April
EART,Global X Rare Earth & Critical Materials ETF
EASY,Liberty One Defensive Dividend Growth ETF
EBI,Longview Advantage ETF
EBIT,Harbor Small Cap Earners ETF
EBIZ,Global X E-commerce ETF
EBND,State Street SPDR Bloomberg Emerging Markets Local Bond ETF
EBUF,Innovator Emerging Markets 10 Buffer ETF - Quarterly
ECH,iShares Inc. iShares MSCI Chile ETF
ECHX,Leverage Shares 2x Long ECHO Daily ETF
ECML,EA Series Trust Euclidean Fundamental Value ETF
ECNS,iShares MSCI China Small-Cap ETF
ECON,Columbia Research Enhanced Emerging Economies ETF
ECOW,Pacer Emerging Markets Cash Cows 100 ETF
EDC,Direxion Daily MSCI Emerging Markets Bull 3X ETF
EDEN,iShares Inc iShares MSCI Denmark ETF
EDGE,EA Series Trust MRBL Enhanced Equity ETF
EDGF,The Advisors Inner Circle Fund II 3EDGE Dynamic Fixed Income E
EDGH,The Advisors Inner Circle Fund II 3EDGE Dynamic Hard Assets ET
EDGI,The Advisors Inner Circle Fund II 3EDGE Dynamic International
EDGQ,Global X Funds Global X Nasdaq-100 Income Edge ETF
EDGU,The Advisors Inner Circle Fund II 3EDGE Dynamic US Equity ETF
EDGX,Global X Funds Global X U.S. 500 Income Edge ETF
EDIV,State Street SPDR S&P Emerging Markets Dividend ETF
EDOG,ALPS Emerging Sector Dividend Dogs ETF
HYZD,WisdomTree Interest Rate Hedged High Yield Bond Fund
IAGG,iShares International Aggregate Bond Fund
IAI,iShares U.S. Broker-Dealers & Securities Exchanges ETF
IAK,iShares U.S. Insurance ETF
IALT,iShares Systematic Alternatives Active ETF
IAPR,Innovator International Developed Power Buffer ETF  April
IAT,iShares U.S. Regional Banks ETF
IAU,iShares Gold Trust Shares of the iShares Gold Trust
IAUG,Innovator ETFs Trust Innovator International Developed Power B
IAUI,NEOS ETF Trust NEOS Gold High Income ETF
IAUM,iShares Gold Trust Micro Shares
IBAT,Ishares Energy Storage & Materials ETF
IBB,iShares Biotechnology ETF
IBBQ,Invesco Nasdaq Biotechnology ETF
IBCA,iShares Trust iShares iBonds Dec 2035 Term Corporate ETF
IBCB,iShares Trust iShares iBonds Dec 2036 Term Corporate ETF
IBD,Inspire Corporate Bond ETF
IBDR,iShares iBonds Dec 2026 Term Corporate ETF
IBDS,iShares iBonds Dec 2027 Term Corporate ETF
IBDT,iShares iBonds Dec 2028 Term Corporate ETF
IBDU,iShares iBonds Dec 2029 Term Corporate ETF
IBDV,iShares iBonds Dec 2030 Term Corporate ETF
IBDW,iShares iBonds Dec 2031 Term Corporate ETF
IBDX,iShares Trust iShares iBonds Dec 2032 Term Corporate ETF
IBDY,iShares Trust iShares iBonds Dec 2033 Term Corporate ETF
IBDZ,iShares Trust iShares iBonds Dec 2034 Term Corporate ETF
IBFR,Innovator ETFs Trust Innovator International Developed Managed
IBGA,iShares iBonds Dec 2044 Term Treasury ETF
IBGB,iShares iBonds Dec 2045 Term Treasury ETF
IBGC,iShares iBonds Dec 2046 Term Treasury ETF
IBGK,iShares iBonds Dec 2054 Term Treasury ETF
IBGL,iShares iBonds Dec 2055 Term Treasury ETF
IBGM,iShares iBonds Dec 2056 Term Treasury ETF
IBHF,iShares iBonds 2026 Term High Yield and Income ETF
IBHG,iShares iBonds 2027 Term High Yield and Income ETF
IBHK,iShares Trust iShares iBonds 2031 Term High Yield and Income E
IBHL,iShares Trust iShares iBonds 2032 Term High Yield and Income E
IBIC,iShares Trust iShares iBonds Oct 2026 Term TIPS ETF
IBID,iShares Trust iShares iBonds Oct 2027 Term TIPS ETF
IBIE,iShares Trust iShares iBonds Oct 2028 Term TIPS ETF
IBIF,iShares Trust iShares iBonds Oct 2029 Term TIPS ETF
IBIG,iShares Trust iShares iBonds Oct 2030 Term TIPS ETF
IBIH,iShares Trust iShares iBonds Oct 2031 Term TIPS ETF
IBII,iShares Trust iShares iBonds Oct 2032 Term TIPS ETF
IBIJ,iShares Trust iShares iBonds Oct 2033 Term TIPS ETF
IBIK,iShares Trust iShares iBonds Oct 2034 Term TIPS ETF
IBIL,iShares Trust iShares iBonds Oct 2035 Term TIPS ETF
IBIM,iShares Trust iShares iBonds Oct 2036 Term TIPS ETF
IBIT,iShares Bitcoin Trust ETF
IBLC,iShares Trust iShares Blockchain and Tech ETF
IBMO,iShares iBonds Dec 2026 Term Muni Bond ETF
IBMP,iShares iBonds Dec 2027 Term Muni Bond ETF
IBMQ,iShares iBonds Dec 2028 Term Muni Bond ETF
IBMR,iShares Trust iShares iBonds Dec 2029 Term Muni Bond ETF
IBMS,iShares Trust iShares iBonds Dec 2030 Term Muni Bond ETF
IBMT,iShares Trust iShares iBonds Dec 2031 Term Muni Bond ETF
IBMU,iShares Trust iShares iBonds Dec 2032 Term Muni Bond ETF
IBMV,iShares Trust iShares iBonds Dec 2033 Term Muni Bond ETF
IBMW,iShares Trust iShares iBonds Dec 2034 Term Muni Bond ETF
IBMX,iShares Trust iShares iBonds Dec 2035 Term Muni Bond ETF
IBND,State Street SPDR Bloomberg International Corporate Bond ETF
IBOT,Vaneck Robotics ETF
IBRN,iShares Trust iShares Neuroscience and Healthcare ETF
IBTG,iShares iBonds Dec 2026 Term Treasury ETF
IBTH,iShares iBonds Dec 2027 Term Treasury ETF
IBTI,iShares iBonds Dec 2028 Term Treasury ETF
IBTJ,iShares iBonds Dec 2029 Term Treasury ETF
IBTK,iShares iBonds Dec 2030 Term Treasury ETF
IBTL,iShares iBonds Dec 2031 Term Treasury ETF
IBTM,iShares iBonds Dec 2032 Term Treasury ETF
IBTO,iShares iBonds Dec 2033 Term Treasury ETF
IBTP,iShares iBonds Dec 2034 Term Treasury ETF
IBTQ,iShares iBonds Dec 2035 Term Treasury ETF
IBTR,iShares iBonds Dec 2036 Term Treasury ETF
IBUF,Innovator International Developed 10 Buffer ETF - Quarterly
IBUY,Amplify ETF Trust Amplify Online Retail ETF
IBX,Investment Managers Series Trust II Tradr 2X Long IBM Daily ET
ICAP,Infrastructure Capital Equity Income ETF
ICF,iShares Select U.S. REIT ETF
ICLN,iShares Global Clean Energy ETF
ICLO,Invesco Actively Managed Exchange-Traded Fund Trus Invesco AAA
ICOP,iShares Copper and Metals Mining ETF
ICOW,Pacer Developed Markets International Cash Cows 100 ETF
ICPI,iShares Trust iShares 0-1 Year TIPS Bond ETF
ICPY,The RBB Fund Trust Tweedy Browne International Insider + Valu
ICSH,iShares Ultra Short Duration Bond Active ETF
ICVT,iShares Convertible Bond ETF
IDEC,Innovator ETFs Trust Innovator International Developed Power B
IDEF,iShares Defense Industrials and Tech Active ETF
IDEQ,Lazard Active ETF Trust Lazard International Dynamic Equity ET
IDEV,iShares Core MSCI International Developed Markets ETF
IDGT,iShares U.S. Digital Infrastructure and Real Estate ETF
IDHQ,Invesco S&P International Developed Quality ETF
IDLV,Invesco S&P International Developed Low Volatility ETF
IDMO,Invesco S&P International Developed Momentum ETF
IDNA,iShares Genomics Immunology and Healthcare ETF
IDOG,ALPS International Sector Dividend Dogs ETF
IDRV,iShares Self-Driving EV and Tech ETF
IDU,iShares U.S. Utilities ETF
IDUB,Aptus International Enhanced Yield ETF
IDV,iShares International Select Dividend ETF
IDVO,Amplify CWP International Enhanced Dividend Income ETF
IDVY,First Trust International Rising Dividend Achievers ETF
IDVZ,Polen International Dividend Income Fund
IDX,VanEck Indonesia Index ETF
IDYN,BlackRock ETF Trust iShares International Equity Factor Rotati
IEF,iShares 7-10 Year Treasury Bond ETF
IEFA,iShares Core MSCI EAFE ETF
IEI,iShares 3-7 Year Treasury Bond ETF
IEMG,iShares Core MSCI Emerging Markets ETF
IEO,iShares U.S. Oil & Gas Exploration & Production ETF
IETC,iShares U.S. Tech Independence Focused ETF
IEUR,iShares Core MSCI Europe ETF
IEUS,iShares MSCI Europe Small-Cap ETF
IEV,iShares Europe ETF
IEZ,iShares U.S. Oil Equipment & Services ETF
IFEB,Innovator ETFs Trust Innovator International Developed Power B
IFED,ETRACS IFED Invest with the Fed TR Index ETN
IFGL,iShares International Developed Real Estate ETF
IFLN,Invesco Bloomberg Enhanced Fallen Angels ETF
IFLO,VictoryShares International Free Cash Flow ETF
IFLR,Innovator ETFs Trust Innovator International Developed Managed
IFRA,iShares U.S. Infrastructure ETF
IFV,First Trust Dorsey Wright International Focus 5 ETF
IG,Principal Investment Grade Corporate Active ETF
IGBH,iShares Interest Rate Hedged Long-Term Corporate Bond ETF
IGCB,TCW Corporate Bond ETF
IGE,iShares North American Natural Resources ETF
IGEB,iShares Investment Grade Systematic Bond ETF
IGF,iShares Global Infrastructure ETF
IGGY,AB Active ETFs Inc. AB International Growth ETF
IGHG,ProShares Investment Grade-Interest Rate Hedged
IGIB,iShares 5-10 Year Investment Grade Corporate Bond ETF
IGLB,iShares 10  Year Investment Grade Corporate Bond ETF
IGLD,FT Vest Gold Strategy Target Income ETF
IGM,iShares Expanded Tech Sector ETF
IGOV,iShares International Treasury Bond ETF
IGPT,Invesco AI and Next Gen Software ETF
IGRO,iShares International Dividend Growth ETF
IGSB,iShares 1-5 Year Investment Grade Corporate Bond ETF
IGV,iShares Expanded Tech-Software Sector ETF
IHAK,iShares Cybersecurity and Tech ETF
IHDG,WisdomTree International Hedged Quality Dividend Growth Fund
IHE,iShares U.S. Pharmaceutical ETF
IHF,iShares U.S. Health Care Providers ETF
IHI,iShares U.S. Medical Devices ETF
IHY,VanEck International High Yield Bond ETF
IIGD,Invesco Investment Grade Defensive ETF
IINC,Tidal Trust III Alki Consolidated Income ETF
IJAN,Innovator International Developed Power Buffer ETF January
IJH,iShares Core S&P Mid-Cap ETF
IJJ,iShares S&P Mid-Cap 400 Value ETF
IJK,iShares S&P Mid-Cap 400 Growth ETF
IJR,iShares Core S&P Small-Cap ETF
IJS,iShares S&P SmallCap 600 Value ETF
IJT,iShares S&P SmallCap 600 Growth ETF
IJUL,Innovator International Developed Power Buffer ETF  July
IJUN,Innovator International Developed Power Buffer ETF  June
ILCB,iShares Morningstar Large-Cap ETF
ILCG,iShares Morningstar Large-Cap Growth ETF
ILCV,iShares Morningstar Large-Cap  Value ETF
ILDR,First Trust Innovation Leaders ETF
ILF,iShares Latin America 40 ETF
ILIT,iShares Lithium Miners and Producers ETF
ILOW,AB Active ETFs Inc. AB International Low Volatility Equity ET
ILS,ETF Opportunities Trust Brookmont Catastrophic Bond ETF
ILTB,iShares Core 10  Year USD Bond ETF
IMAR,Innovator ETFs Trust Innovator International Developed Power B
IMAY,Innovator International Developed Power Buffer ETF - May
IMCB,iShares Morningstar Mid-Cap ETF
IMCG,iShares Morningstar Mid-Cap Growth ETF
IMCV,iShares Morningstar Mid-Cap Value ETF
IMF,Invesco Managed Futures Strategy ETF
IMFL,Invesco International Developed Dynamic Multifactor ETF
IMOM,Alpha Architect International Quantitative Momentum ETF
IMTB,iShares Core 5-10 Year USD Bond ETF
IMTG,Invesco Actively Managed Exchange-Traded Fund Trust Invesco Ag
IMTM,iShares MSCI Intl Momentum Factor ETF
IMVP,Invesco India ETF
INCE,Franklin Income Equity Focus ETF
INCM,Franklin Templeton ETF Trust Franklin Income Focus ETF
INCO,Columbia India Consumer ETF
IND,Xtrackers Nifty 500 India ETF
INDA,iShares MSCI India ETF
INDE,Matthews International Funds Matthews India Active ETF
INDH,WisdomTree India Hedged Equity Fund
INDL,Direxion Daily MSCI India Bull 2X ETF
INDQ,Pacer ActiveAlpha India Quality ETF
INDS,Pacer Industrial Real Estate ETF
INDY,iShares India 50 ETF
INDZ,VanEck Funds VanEck India Select ETF
INEQ,Columbia International Equity Income ETF
INFL,Horizon Kinetics Inflation Beneficiaries ETF
INFO,Harbor ETF Trust Harbor PanAgora Dynamic Large Cap Core ETF
INKM,State Street Income Allocation ETF
INMU,iShares Intermediate Muni Income Active ETF
INOV,Innovator ETFs Trust Innovator International Developed Power B
INQQ,INQQ The India Internet ETF
INRO,iShares U.S. Industry Rotation Active ETF
INT,Corgi ETF Trust I Corgi INTC 2x Daily ETF
INTF,iShares International Equity Factor ETF
INTM,Invesco Intermediate Municipal ETF
INTW,GraniteShares 2x Long INTC Daily ETF
INVG,The 2023 ETF Series Trust II GMO Systematic Investment Grade C
INVN,The Alger ETF Trust Alger Russell Innovation ETF
INYY,Tidal Trust II YieldMax INTC Option Income Strategy ETF
IOCT,Innovator International Developed Power Buffer ETF - October
ION,ProShares Trust ProShares S&P Global Core Battery Metals ETF
IONC,Corgi ETF Trust I Corgi IONQ 2x Daily ETF
IONL,GraniteShares 2x Long IONQ Daily ETF
IONX,Defiance Daily Target 2X Long IONQ ETF
IONZ,Defiance Daily Target 2X Short IONQ ETF
IOO,iShares Global 100 ETF
IOPP,Simplify Exchange Traded Funds Simplify Tara India Opportuniti
IOSX,Corgi ETF Trust I Corgi AAPL 2x Daily ETF
IOYY,GraniteShares YieldBOOST IONQ ETF
IPAC,iShares Core MSCI Pacific ETF
IPAV,Global X Funds Global X Infrastructure Development ex-U.S. ETF
IPAY,Amplify Digital Payments ETF
IPKW,Invesco International BuyBack Achievers ETF
IPO,Renaissance IPO ETF
IPOS,Renaissance Capital Greenwich Fund
IQDF,Northern Trust International Quality Dividend ETF
IQDG,WisdomTree International Quality Dividend Growth Fund
IQDY,Northern Trust International Quality Dividend Dynamic ETF
IQHI,NYLIM MacKay High Income ETF
IQLT,iShares MSCI Intl Quality Factor ETF
IQM,Franklin Intelligent Machines ETF
IQMM,ProShares Trust ProShares GENIUS Money Market ETF
IQQQ,ProShares Nasdaq-100 High Income ETF
IQSI,NYLIM Candriam International Equity ETF
IQSM,NYLIM Candriam U.S. Mid Cap Equity ETF
IQSU,NYLIM Candriam U.S. Large Cap Equity ETF
IQSZ,Invesco Global Equity Net Zero ETF
IRE,Tidal Trust II Defiance Daily Target 2X Long IREN ETF
IREC,Corgi ETF Trust I Corgi IREN 2x Daily ETF
IREG,Leverage Shares 2X Long IREN Daily ETF
IREX,Investment Managers Series Trust II Tradr 2X Long IREN Daily E
IREZ,Investment Managers Series Trust II Tradr 2X Short IREN Daily
IROC,Invesco Rochester High Yield Municipal ETF
IRTR,iShares Trust iShares LifePath Retirement ETF
IRVH,Global X Funds Global X Interest Rate Volatility & Inflation H
ISBG,Tidal Trust II IncomeSTKd 1x Bitcoin & 1x Gold Premium ETF
ISCB,iShares Morningstar Small-Cap ETF
ISCF,iShares International Small-Cap Equity Factor ETF
ISCG,iShares Morningstar Small-Cap Growth ETF
ISCV,iShares Morningstar Small-Cap Value ETF
ISEP,Innovator ETFs Trust Innovator International Developed Power B
ISHG,iShares 1-3 Year International Treasury Bond ETF
ISHP,First Trust S-Network E-Commerce ETF
ISMD,Inspire Small/Mid Cap ETF
ISMF,BlackRock ETF Trust iShares Managed Futures Active ETF
ISPY,ProShares Trust ProShares S&P 500 High Income ETF
ISRA,VanEck Israel ETF
ISSB,Tidal Trust II IncomeSTKd 1x US Stocks & 1x Bitcoin Premium ET
ISTB,iShares Core 1-5 Year USD Bond ETF
ISTM,iShares Strategic Metals ETF
ISUL,GraniteShares 2x Long ISRG Daily ETF
ISVL,iShares Trust iShares International Developed Small Cap Value
ISWN,Amplify BlackSwan ISWN ETF
ITA,iShares U.S. Aerospace & Defense ETF
ITAN,Sparkline Intangible Value ETF
ITB,iShares U.S. Home Construction ETF
ITDB,iShares Trust iShares LifePath Target Date 2030 ETF
ITDC,iShares Trust iShares LifePath Target Date 2035 ETF
ITDD,iShares Trust iShares LifePath Target Date 2040 ETF
ITDE,iShares Trust iShares LifePath Target Date 2045 ETF
ITDF,iShares Trust iShares LifePath Target Date 2050 ETF
ITDG,iShares Trust iShares LifePath Target Date 2055 ETF
ITDH,iShares Trust iShares LifePath Target Date 2060 ETF
ITDI,iShares Trust iShares LifePath Target Date 2065 ETF
ITDJ,iShares Trust iShares LifePath Target Date 2070 ETF
ITEQ,Amplify ETF Trust Amplify BlueStar Israel Technology ETF
ITM,VanEck ETF Trust VanEck Intermediate Muni ETF
ITOT,iShares Core S&P Total U.S. Stock Market ETF
ITWO,ProShares Trust ProShares Russell 2000 High Income ETF
IUS,Invesco RAFI Strategic US ETF
IUSB,iShares Core Universal USD Bond ETF
IUSG,iShares Core S&P U.S. Growth ETF
IUSV,iShares Core S&P U.S. Value ETF
IVAL,Alpha Architect International Quantitative Value ETF
IVE,iShares S&P 500 Value ETF
IVEP,Wedbush Series Trust Dan IVES Wedbush AI Power & Infrastructur
IVES,Wedbush Series Trust Dan IVES Wedbush AI Revolution ETF
IVLU,iShares MSCI Intl Value Factor ETF
IVOG,Vanguard S&P Mid-Cap 400 Growth ETF
IVOL,Quadratic Interest Rate Volatility and Inflation Hedge ETF
IVOO,Vanguard S&P Mid-Cap 400 ETF
IVOV,Vanguard S&P Mid-Cap 400 Value ETF
IVSI,Applied Finance IVS International Large ETF
IVSS,Applied Finance IVS US SMID ETF
IVSX,Applied Finance IVS International SMID ETF
IVV,iShares Core S&P 500 ETF
IVVB,iShares Large Cap Deep Quarterly Laddered ETF
IVVM,iShares Large Cap Moderate Quarterly Laddered ETF
PCLO,Virtus ETF Trust II VIRTUS SEIX AAA Private Credit CLO ETF
PCMM,BondBloxx Private Credit CLO ETF
PCPI,PIMCO Inflation PLUS Active Exchange-Traded Fund
PCR,Simplify Exchange Traded Funds Simplify VettaFi Private Credit
PCS,PGIM ETF Trust PGIM Corporate Bond 0-5 Year ETF
PCY,Invesco Emerging Markets Sovereign Debt ETF
PDBA,Invesco Agriculture Commodity Strategy No K-1 ETF
PDBC,Invesco Optimum Yield Diversified Commodity Strategy No K-1 ET
PDDL,GraniteShares 2x Long PDD Daily ETF
PDEC,Innovator U.S. Equity Power Buffer ETF - December
PDN,Invesco RAFI Developed Markets ex-U.S. Small-Mid ETF
PDP,Invesco Dorsey Wright Momentum ETF
PEJ,Invesco Leisure and Entertainment ETF
PEMX,Putnam ETF Trust Putnam Emerging Markets ex-China ETF
PEPS,Parametric Equity Plus ETF
PEVC,Pacer Funds Trust Pacer PE/VC ETF
PEX,ProShares Global Listed Private Equity ETF
PEXL,Pacer US Export Leaders ETF
PEY,Invesco High Yield Equity Dividend Achievers ETF
PEZ,Invesco Dorsey Wright Consumer Cyclicals Momentum ETF
PFDE,Pathfinder Disciplined US Equity ETF
PFEB,Innovator U.S. Equity Power Buffer ETF - February
PFF,iShares Preferred and Income Securities ETF
PFFA,Virtus InfraCap U.S. Preferred Stock ETF
PFFD,Global X U.S. Preferred ETF
PFFL,ETRACS Monthly Pay 2xLeveraged Preferred Stock ETN
PFFR,InfraCap REIT Preferred ETF
PFFV,Global X Variable Rate Preferred ETF
PFI,Invesco Dorsey Wright Financial Momentum ETF
PFIG,Invesco Fundamental Investment Grade Corporate Bond  ETF
PFIX,Simplify Interest Rate Hedge ETF
PFLD,AAM Low Duration Preferred and Income Securities ETF
PFM,Invesco Dividend Achievers ETF
PFOE,Pathfinder Focused Opportunities ETF
PFRL,PGIM ETF Trust PGIM Floating Rate Income ETF
PFXF,VanEck Preferred Securities ex Financials ETF
PGF,Invesco Financial Preferred ETF
PGHY,Invesco Global ex-US High Yield Corporate Bond ETF
PGJ,Invesco Golden Dragon China ETF
PGRI,Franklin Templeton ETF Trust Putnam International Stock ETF
PGRO,Putnam Focused Large Cap Growth ETF
PGX,Invesco Preferred ETF
PHDG,Invesco S&P 500 Downside Hedged ETF
PHEQ,Morgan Stanley ETF Trust Parametric Hedged Equity ETF
PHO,Invesco Water Resources ETF
PHYL,PGIM Active High Yield Bond ETF
PHYS,Sprott Physical Gold Trust ETV
PICB,Invesco International Corporate Bond ETF
PICK,iShares MSCI Global Select Metals & Mining Producers Fund
PID,Invesco International Dividend Achievers ETF
PIE,Invesco Dorsey Wright Emerging Markets Momentum ETF
PIEL,Pacer Funds Trust Pacer International Export Leaders ETF
PIEQ,Principal Exchange-Traded Funds Principal International Equity
PIFI,Clearshares Piton Intermediate Fixed Income ETF
PILL,Direxion Daily Pharmaceutical & Medical Bull 3X ETF
PINK,Simplify Health Care ETF
PIO,Invesco Global Water ETF
PIT,VanEck ETF Trust VanEck Commodity Strategy ETF
PIZ,Invesco Dorsey Wright Developed Markets Momentum ETF
PJAN,Innovator U.S. Equity Power Buffer ETF - January
PJFG,PGIM ETF Trust PGIM Jennison Focused Growth ETF
PJFM,PGIM ETF Trust PGIM Jennison Focused Mid-Cap ETF
PJFV,PGIM ETF Trust PGIM Jennison Focused Value ETF
PJIN,PGIM ETF Trust PGIM Jennison International Core Equity ETF
PJIO,PGIM Jennison Focused International Equity ETF
PJP,Invesco Pharmaceuticals ETF
PJSM,PGIM ETF Trust PGIM Jennison Small-Mid Cap Core Equity ETF
PJUL,Innovator U.S. Equity Power Buffer ETF - July
PJUN,Innovator U.S. Equity Power Buffer ETF - June
PJUS,PGIM ETF Trust PGIM Jennison U.S. Core Equity ETF
PKB,Invesco Building & Construction ETF
PKW,Invesco BuyBack Achievers ETF
PLA,GraniteShares Autocallable PLTR ETF
PLTD,Direxion Daily PLTR Bear 1X ETF
PLTG,Leverage Shares 2X Long PLTR Daily ETF
PLTM,GraniteShares Platinum Shares ETF
PLTU,Direxion Daily PLTR Bull 2X ETF
PLTW,Roundhill ETF Trust Roundhill PLTR WeeklyPay ETF
PLTY,Tidal Trust II YieldMax PLTR Option Income Strategy ETF
PLTZ,Defiance Daily Target 2x Short PLTR ETF
PLU,Tidal Trust II Defiance Daily Target 2x Long PL ETF
PLUL,Leverage Shares 2X Long PLUG Daily ETF
PLYY,GraniteShares YieldBOOST PLTR ETF
PMAP,PGIM Rock ETF Trust PGIM S&P 500 Max Buffer ETF - April
PMAR,Innovator U.S. Equity Power Buffer ETF - March
PMAU,PGIM Rock ETF Trust PGIM S&P 500 Max Buffer ETF - August
PMAY,Innovator U.S. Equity Power Buffer ETF - May
PMBS,PIMCO Mortgage-Backed Securities Active Exchange-Traded Fund
PMDE,PGIM Rock ETF Trust PGIM S&P 500 Max Buffer ETF - December
PMFB,PGIM Rock ETF Trust PGIM S&P 500 Max Buffer ETF - February
PMIO,PGIM ETF Trust PGIM Municipal Income Opportunities ETF
PMJA,PGIM Rock ETF Trust PGIM S&P 500 Max Buffer ETF - January
PMJL,PGIM Rock ETF Trust PGIM S&P 500 Max Buffer ETF - July
PMJN,PGIM Rock ETF Trust PGIM S&P 500 Max Buffer ETF - June
PMMF,BlackRock ETF Trust iShares Prime Money Market ETF
PMMR,PGIM Rock ETF Trust PGIM S&P 500 Max Buffer ETF - March
PMMY,PGIM Rock ETF Trust PGIM S&P 500 Max Buffer ETF - May
PMNV,PGIM Rock ETF Trust PGIM S&P 500 Max Buffer ETF - November
PMOC,PGIM Rock ETF Trust PGIM S&P 500 Max Buffer ETF - October
PMSE,PGIM Rock ETF Trust PGIM S&P 500 Max Buffer ETF - September
PNOV,Innovator U.S. Equity Power Buffer ETF - November
PNQI,Invesco NASDAQ Internet ETF
POCT,Innovator U.S. Equity Power Buffer ETF - October
PONX,Investment Managers Series Trust II Tradr 2X Long PONY Daily E
POW,Tidal Trust III VistaShares Electrification Supercycle ETF
POWA,Invesco Bloomberg Pricing Power ETF
POWR,iShares U.S. Power Infrastructure ETF
PPA,Invesco Aerospace & Defense ETF
PPH,VanEck Pharmaceutical ETF
PPI,Astoria Real Assets ETF
PPLT,abrdn Physical Platinum Shares ETF
PPTY,U.S. Diversified Real Estate ETF
PQAP,PGIM Nasdaq-100 Buffer 12 ETF - April
PQDI,Principal Spectrum Preferred and Income ETF
PQJA,PGIM Nasdaq-100 Buffer 12 ETF - January
PQJL,PGIM Nasdaq-100 Buffer 12 ETF - July
PQNT,The 2023 ETF Series Trust Pictet AI Enhanced International Equ
PQOC,PGIM Nasdaq-100 Buffer 12 ETF - October
PQUS,The 2023 ETF Series Trust Pictet AI Enhanced US Equity ETF
PQV,PGIM Rock ETF Trust PGIM S&P 500 Quarterly Buffer 5 ETF
PQX,PGIM Rock ETF Trust PGIM S&P 500 Quarterly Buffer 10 ETF
PQXV,PGIM Rock ETF Trust PGIM S&P 500 Quarterly Buffer 15 ETF
PQXX,PGIM Rock ETF Trust PGIM S&P 500 Quarterly Buffer 20 ETF
PRAB,SSGA Active Trust State Street IG Public & Private ABS ETF
PRAE,PlanRock Equity Plus Alternatives ETF
PRAY,FIS Trust FIS Christian Stock Fund
PRCS,Parnassus Income Funds Parnassus Core Select ETF
PREF,Principal Spectrum Preferred Securities Active ETF
PRF,Invesco RAFI US 1000 ETF
PRFD,PIMCO U.S. Treasury Index Fund PIMCO Preferred and Capital Sec
PRFZ,Invesco RAFI US 1500 Small-Mid ETF
PRIV,State Street IG Public & Private Credit ETF
PRIZ,Zacks Trust Zacks Preferred Income ETF
PRMR,PeakShares RMR Prime Equity ETF
PRN,Invesco Dorsey Wright Industrials Momentum ETF
PRNT,3D Printing (The) ETF
PRVS,Parnassus Income Funds Parnassus Value Select ETF
PRXG,Praxis Funds Praxis Impact Large Cap Growth ETF
PRXI,Praxis Funds Praxis Impact International ETF
PRXV,Praxis Funds Praxis Impact Large Cap Value ETF
PSC,Principal U.S. Small-Cap ETF
PSCC,Invesco S&P SmallCap Consumer Staples ETF
PSCD,Invesco S&P SmallCap Consumer Discretionary ETF
PSCE,Invesco S&P SmallCap Energy ETF
PSCF,Invesco S&P SmallCap Financials ETF
PSCH,Invesco S&P SmallCap Health Care ETF
PSCI,Invesco S&P SmallCap Industrials ETF
PSCJ,Pacer Swan SOS Conservative (July) ETF
PSCM,Invesco S&P SmallCap Materials ETF
PSCQ,Pacer Swan SOS Conservative (October) ETF
PSCT,Invesco S&P SmallCap Information Technology ETF
PSCU,Invesco S&P SmallCap Utilities & Communication Services ETF
PSCW,Pacer Swan SOS Conservative (April) ETF
PSCX,Pacer Swan SOS Conservative (January) ETF
PSDM,PGIM ETF Trust PGIM Short Duration Multi-Sector Bond ETF
PSEP,Innovator U.S. Equity Power Buffer ETF - September
PSET,Principal Quality ETF
PSFD,Pacer Swan SOS Flex (January) ETF
PSFF,Pacer Swan SOS Fund of Funds ETF
PSFJ,Pacer Swan SOS Flex (July) ETF
PSFM,Pacer Swan SOS Flex (April) ETF
PSFO,Pacer Swan SOS Flex (October) ETF
PSH,PGIM ETF Trust PGIM Short Duration High Yield ETF
PSI,Invesco Semiconductors ETF
PSIL,AdvisorShares Psychedelics ETF
PSK,State Street SPDR ICE Preferred Securities ETF
PSL,Invesco Dorsey Wright Consumer Staples Momentum ETF
PSLV,Sprott Physical Silver Trust ETV
PSMD,Pacer Swan SOS Moderate (January) ETF
PSMJ,Pacer Swan SOS Moderate (July) ETF
PSMO,Pacer Swan SOS Moderate (October) ETF
PSMR,Pacer Swan SOS Moderate (April) ETF
PSP,Invesco Global Listed Private Equity ETF
PSQ,ProShares Short QQQ
PSQA,Palmer Square Funds Trust Palmer Square CLO Senior Debt ETF
PSQO,Palmer Square Funds Trust Palmer Square Credit Opportunities E
PSR,Invesco Active U.S. Real Estate Fund
PST,ProShares UltraShort Lehman 7-10 Year Treasury
PSTP,Innovator ETFs Trust Innovator Power Buffer Step-Up Strategy E
PSTR,PeakShares Sector Rotation ETF
PSWD,Xtrackers Cybersecurity Select Equity ETF
PTBD,Pacer Trendpilot US Bond ETF
PTEU,Pacer TrendpilotTM European Index ETF
PTF,Invesco Dorsey Wright Technology Momentum ETF
PTH,Invesco Dorsey Wright Healthcare Momentum ETF
PTIN,Pacer Trendpilot International ETF
PTIR,GraniteShares 2x Long PLTR Daily ETF
PTL,Northern Lights Fund Trust IV Inspire 500 ETF
PTLC,Pacer Fund Trust Pacer Trendpilot US Large Cap ETF
PTMC,Pacer Trendpilot US Mid Cap ETF
PTNQ,Pacer Trendpilot 100 ETF
PTRB,PGIM ETF Trust PGIM Total Return Bond ETF
PUI,Invesco Dorsey Wright Utilities Momentum ETF
PUL,GraniteShares 2x Long P Daily ETF
PULS,PGIM Ultra Short Bond ETF
PUSH,PGIM ETF Trust PGIM Ultra Short Municipal Bond ETF
PVAL,Putnam Focused Large Cap Value ETF
PVI,Invesco Floating Rate Municipal Income ETF
PWB,Invesco Large Cap Growth ETF
PWER,Nomura Energy Transition ETF
PWRD,TCW Transform Systems ETF
PWRZ,TrueShares Eagle Global Next Gen Power Infrastructure ETF
PWS,Pacer WealthShield ETF
PWV,Invesco Large Cap Value ETF
PWZ,Invesco California AMT-Free Municipal Bond Portfolio
PXE,Invesco Energy Exploration & Production ETF
PXF,Invesco RAFI Developed Markets ex-U.S. ETF
PXH,Invesco RAFI Emerging Markets ETF
PXI,Invesco Dorsey Wright Energy Momentum ETF
PXJ,Invesco Oil & Gas Services ETF
PY,Principal Value ETF
PYLD,PIMCO U.S. Treasury Index Fund PIMCO Multisector Bond Active E
PYPG,Leverage Shares 2X Long PYPL Daily ETF
PYPU,Direxion Shares ETF Trust Direxion Daily PYPL Bull 2X ETF
PYPY,Tidal Trust II YieldMax PYPL Option Income Strategy ETF
PYZ,Invesco Dorsey Wright Basic Materials Momentum ETF
PZA,Invesco National AMT-Free Municipal Bond ETFo
PZIV,Advisors Series Trust Pzena International Value ETF
PZLV,Advisors Series Trust Pzena U.S. Large Cap Value ETF
PZT,Invesco New York AMT-Free Municipal Bond ETF
QABA,First Trust NASDAQ ABA Community Bank Index Fund
QAI,NYLIM Hedge Multi-Strategy Tracker ETF
QALT,SEI DBi Multi-Strategy Alternative ETF
QARP,Xtrackers Russell 1000 US Quality at a Reasonable Price ETF ET
QAT,iShares MSCI Qatar ETF
QB,ProShares Nasdaq-100 Dynamic Buffer ETF
QBER,Elevation Series Trust TrueShares Quarterly Bear Hedge ETF
QBF,Innovator ETFs Trust Innovator Uncapped Bitcoin 20 Floor ETF -
QBIF,AIM ETF Products Trust AllianzIM International Equity Buffer15
QBIG,Invesco Top QQQ ETF
QBIV,AIM ETF Products Trust AllianzIM International Equity Buffer5
QBKF,AIM ETF Products Trust AllianzIM U.S. Small Cap Buffer15 ETF
QBKV,AIM ETF Products Trust AllianzIM U.S. Small Cap Buffer5 ETF
QBQF,AIM ETF Products Trust AllianzIM Growth-100 Buffer15 ETF
QBQV,AIM ETF Products Trust AllianzIM Growth-100 Buffer5 ETF
QBSF,AIM ETF Products Trust AllianzIM U.S. Equity Buffer15 ETF
QBSV,AIM ETF Products Trust AllianzIM U.S Equity Buffer5 ETF
QBTX,Tradr 2X Long QBTS Daily ETF
QBTZ,Defiance Daily Target 2x Short QBTS ETF
QBUF,Innovator Nasdaq-100 10 Buffer ETF Quarterly
QBUL,Elevation Series Trust TrueShares Quarterly Bull Hedge ETF
QBY,GraniteShares YieldBoost QBTS ETF
QCAP,First Trust Exchange-Traded Fund VIII FT Vest Nasdaq-100 Conse
QCJA,First Trust Exchange-Traded Fund VIII FT Vest Nasdaq-100 Conse
QCJL,First Trust Exchange-Traded Fund VIII FT Vest Nasdaq-100 Conse
QCLN,First Trust NASDAQ Clean Edge Green Energy Index Fund
QCLR,Global X Nasdaq 100 Collar 95-110 ETF
QCMD,Direxion Daily QCOM Bear 1X ETF
QCML,GraniteShares 2x Long QCOM Daily ETF
QCMU,Direxion Daily QCOM Bull 2X ETF
QCOC,First Trust Exchange-Traded Fund VIII FT Vest Nasdaq-100 Conse
QDEC,FT Vest Nasdaq-100 Buffer ETF - December
QDEF,Northern Trust Quality Dividend Defensive ETF
QDF,Northern Trust Quality Dividend ETF
QDIV,Global X S&P 500 Quality Dividend ETF
QDPL,Pacer Metaurus US Large Cap Dividend Multiplier 400 ETF
QDTE,Roundhill Nasdaq-100 0DTE Covered Call ETF Strategy ETF
QDTY,YieldMax Nasdaq 100 0DTE Covered Call Strategy ETF
QDVO,Amplify ETF Trust Amplify CWP Growth & Income ETF
QEFA,State Street SPDR MSCI EAFE StrategicFactors ETF
QEMM,State Street SPDR MSCI Emerging Markets StrategicFactors ETF
QETH,Invesco Galaxy Ethereum ETF
QEW,Invesco QQQ Equal Weight ETF
QFF,Qualivian Focus Fund ETF
QFHD,Pacer Funds Trust Pacer S&P 500 Quality FCF High Dividend ETF
QFLR,Innovator ETFs Trust Innovator Nasdaq-100 Managed Floor ETF
QGRD,Horizon Nasdaq-100 Defined Risk ETF
QGRO,American Century U.S. Quality Growth ETF
QGRW,WisdomTree Trust WisdomTree U.S. Quality Growth Fund
QHY,WisdomTree U.S. High Yield Corporate Bond Fund
QID,ProShares UltraShort QQQ
QIDX,Spinnaker ETF Series Indexperts Quality Earnings Focused ETF
QIG,WisdomTree U.S. Corporate Bond Fund
QINT,American Century Quality Diversified International ETF
QIS,Simplify Exchange Traded Funds Simplify Multi-QIS Alternative
QJUN,FT Vest Nasdaq-100 Buffer ETF - June
QLC,Northern Trust US Quality Large Cap ETF
QLD,ProShares Ultra QQQ
QLDY,Defiance Nasdaq 100 LightningSpread Income ETF
QLTA,iShares Aaa A Rated Corporate Bond ETF
QLTI,The 2023 ETF Series Trust II GMO International Quality ETF
QLTY,The 2023 ETF Series Trust II GMO U.S. Quality ETF
QLV,Northern Trust US Quality Low Volatility ETF
QLVD,Northern Trust Developed Markets ex-US Quality Low Volatility
QLVE,Northern Trust Emerging Markets Quality Low Volatility ETF
QMAG,First Trust Exchange-Traded Fund VIII FT Vest Nasdaq-100 Moder
QMAR,FT Vest Nasdaq-100 Buffer ETF - March
QMFE,First Trust Exchange-Traded Fund VIII FT Vest Nasdaq-100 Moder
QMID,WisdomTree U.S. MidCap Quality Growth Fund
QMMY,First Trust Exchange-Traded Fund VIII FT Vest Nasdaq-100 Moder
QMNV,First Trust Exchange-Traded Fund VIII FT Vest Nasdaq-100 Moder
QMOM,Alpha Architect U.S. Quantitative Momentum ETF
QNTU,Investment Managers Series Trust II Tradr 2X Long QNT Daily ET
QNXT,iShares Nasdaq-100 ex Top 30 ETF
QOWZ,Invesco Nasdaq Free Cash Flow Achievers ETF
QPUX,Defiance 2X Daily Long Pure Quantum ETF
QPX,AdvisorShares Q Dynamic Growth ETF
QQA,Invesco QQQ Income Advantage ETF
QQDN,ProShares UltraShort QQQ Mega
QQEW,First Trust Nasdaq-100 Select Equal Weight ETF
QQH,HCM Defender 100 Index ETF
QQHG,Invesco QQQ Hedged Advantage ETF
QQLV,Invesco QQQ Low Volatility ETF
QQMG,Invesco ESG NASDAQ 100 ETF
QQQ,Invesco QQQ Trust Series 1
QQQA,ProShares Nasdaq-100 Dorsey Wright Momentum ETF
UAPR,Innovator U.S. Equity Ultra Buffer ETF - April
UAUG,Innovator U.S. Equity Ultra Buffer ETF - August
UBEW,Roundhill ETF Trust Roundhill UBER WeeklyPay ETF
UBND,VictoryShares Core Plus Bond ETF
UBOT,Direxion Daily Robotics Artificial Intelligence & Automation
UBR,ProShares Ultra MSCI Brazil Capped
UBRL,GraniteShares 2x Long UBER Daily ETF
UBT,ProShares Ultra 20+ Year Treasury
UCC,ProShares Ultra Consumer Discretionary
UCIB,ETRACS CMCI Total Return ETN Series B
UCO,ProShares Ultra Bloomberg Crude Oil
UCON,First Trust Smith Unconstrained Bond ETF
UCOP,ProShares Trust ProShares Ultra Copper K-1 Free ETF
UCRD,VictoryShares Corporate Bond ETF
UCYB,ProShares Ultra Nasdaq Cybersecurity
UDEC,Innovator U.S. Equity Ultra Buffer ETF - December
UDI,USCF ETF Trust USCF Dividend Income Fund
UDIV,Franklin U.S. Core Dividend Tilt Index ETF
UDN,Invesco DB USD Index Bearish ETF
UDOW,ProShares UltraPro Dow30
UECG,Leverage Shares 2x Long UEC Daily ETF
UEVM,VictoryShares Emerging Markets Value Momentum ETF
UFEB,Innovator U.S. Equity Ultra Buffer ETF - February
UFIV,US Treasury 5 Year Note ETF
UFO,Procure Space ETF
UFOD,ETF Opportunities Trust Tuttle Capital UFO Disclosure ETF
UFOX,Defiance Space and Connective Tech ETF
UGA,United States Gasoline Fund LP
UGE,ProShares Ultra Consumer Staples
UGL,ProShares Ultra Gold
UITB,VictoryShares Core Intermediate Bond ETF
UIVM,VictoryShares International Value Momentum ETF
UJAN,Innovator U.S. Equity Ultra Buffer ETF - January
UJB,ProShares Ultra High Yield ETF
UJUL,Innovator U.S. Equity Ultra Buffer ETF - July
UJUN,Innovator U.S. Equity Ultra Buffer ETF - June
ULE,ProShares Ultra Euro
ULST,State Street Ultra Short Term Bond ETF
ULTI,REX IncomeMax Option Strategy ETF
ULTY,Tidal Trust II YieldMax Ultra Option Income Strategy ETF
ULVM,VictoryShares US Value Momentum ETF
UMAR,Innovator U.S. Equity Ultra Buffer ETF - March
UMAY,Innovator U.S. Equity Ultra Buffer ETF - May
UMDD,UltraPro MidCap400
UMI,USCF Midstream Energy Income Fund ETF
UMMA,Wahed Dow Jones Islamic World ETF
UN,Corgi ETF Trust I Corgi UNH 2x Daily ETF
UNG,United States Natural Gas Fund LP
UNHG,Leverage Shares 2X Long UNH Daily ETF
UNHU,Direxion Shares ETF Trust Direxion Daily UNH Bull 2X ETF
UNHW,Roundhill ETF Trust Roundhill UNH WeeklyPay ETF
UNIY,WisdomTree Voya Yield Enhanced USD Universal Bond Fund
UNL,United States 12 Month Natural Gas Fund
UNOV,Innovator U.S. Equity Ultra Buffer ETF - November
UNX,Investment Managers Series Trust II Tradr 2X Long U Daily ETF
UOCT,Innovator U.S. Equity Ultra Buffer ETF - October
UPAL,ProShares Trust ProShares Ultra Palladium K-1 Free ETF
UPAR,UPAR Ultra Risk Parity ETF
UPGD,Invesco Bloomberg Analyst Rating Improvers ETF
UPGR,Xtrackers US Green Infrastructure Select Equity ETF
UPLT,ProShares Trust ProShares Ultra Platinum K-1 Free ETF
UPRO,ProShares UltraPro S&P 500
UPSC,Corgi ETF Trust I Corgi UPST 2x Daily ETF
UPSD,ETF Series Solutions Aptus Large Cap Upside ETF
UPSX,Tradr 2X Long UPST Daily ETF
UPV,ProShares Ultra FTSE Europe
UPW,ProShares Ultra Utilities
URA,Global X Uranium ETF
URAA,Direxion Daily Uranium Industry Bull 2X ETF
URAN,Themes ETF Trust Themes Uranium & Nuclear ETF
URE,ProShares Ultra Real Estate
URNJ,Sprott Junior Uranium Miners ETF
URNM,Sprott Uranium Miners ETF
URTH,iShares Inc. iShares MSCI World ETF
URTY,ProShares UltraPro Russell2000
USAF,Atlas America Fund
USAI,Pacer American Energy Infrastructure ETF
USAX,Investment Managers Series Trust II Tradr 2X Long USAR Daily E
USCA,DBX ETF Trust Xtrackers MSCI USA Climate Action Equity ETF
USCI,United States Commodity Index Fund ETV
USCL,iShares Climate Conscious & Transition MSCI USA ETF
USD,ProShares Ultra Semiconductors
USDU,WisdomTree Bloomberg U.S. Dollar Bullish Fund
USDX,SGI Enhanced Core ETF
USE,USCF ETF Trust USCF Energy Commodity Strategy Absolute Return
USEP,Innovator U.S. Equity Ultra Buffer ETF - September
USEW,EA Series Trust Cambria US EW ETF
USFE,First Eagle ETF Trust First Eagle US Equity ETF
USFI,BrandywineGLOBAL - U.S. Fixed Income ETF
USFR,WisdomTree Floating Rate Treasury Fund
USG,USCF Gold Strategy Plus Income Fund
USGG,Leverage Shares 2X Long USAR Daily ETF
USGX,Corgi ETF Trust I Corgi U.S. Growth 2x Daily ETF
USHY,iShares Broad USD High Yield Corporate Bond ETF
USIG,iShares Broad USD Investment Grade Corporate Bond ETF
USIN,WisdomTree 7-10 Year Laddered Treasury Fund
USL,United States 12 Month Oil
USLN,iShares Trust iShares Broad USD Floating Rate Loan ETF
USLX,Corgi ETF Trust I Corgi U.S. Large-Cap 2x Daily ETF
USMC,Principal U.S. Mega-Cap ETF
USMD,Tidal Trust II CoreValues America First Technology ETF
USMF,WisdomTree U.S. Multifactor Fund
USMV,iShares MSCI USA Min Vol Factor ETF
USMX,Corgi ETF Trust I Corgi U.S. Mid-Cap 2x Daily ETF
USNG,Amplify ETF Trust Amplify Samsung U.S. Natural Gas Infrastruct
USNZ,DBX ETF Trust Xtrackers Net Zero Pathway Paris Aligned US Equi
USO,United States Oil Fund
USOI,X-Links Crude Oil Shares Covered Call ETN
USOY,Defiance Oil Enhanced Options Income ETF
USPX,Franklin U.S. Equity Index ETF
USRT,iShares Core U.S. REIT ETF
USSE,Segall Bryant & Hamill Trust Segall Bryant & Hamill Select Equ
USSG,Xtrackers MSCI USA Selection Equity ETF
USSH,WisdomTree 1-3 Year Laddered Treasury Fund
USSX,Corgi ETF Trust I Corgi U.S. Small-Cap 2x Daily ETF
UST,ProShares Ultra 7-10 Year Treasury
USTB,VictoryShares Short-Term Bond ETF
USVM,VictoryShares US Small Mid Cap Value Momentum ETF
USVN,US Treasury 7 Year Note ETF
USX,Corgi ETF Trust I Corgi Total U.S. Market 2x Daily ETF
USXF,iShares ESG Advanced MSCI USA ETF
UTEN,US Treasury 10 Year Note ETF
UTES,Virtus Reaves Utilities ETF
UTHY,US Treasury 30 Year Bond ETF
UTRE,US Treasury 3 Year Note ETF
UTSL,Direxion Daily Utilities Bull 3X ETF
UTWO,US Treasury 2 Year Note ETF
UTWY,US Treasury 20 Year Bond ETF
UUP,Invesco DB USD Index Bullish Fund ETF
UUPP,Principal Exchange-Traded Funds Principal CLO ETF
UUUC,Corgi ETF Trust I Corgi UUUU 2x Daily ETF
UUUG,Leverage Shares 2X Long UUUU Daily ETF
UVIX,VS TR 2x Long VIX Futures ETF
UVXY,ProShares Trust Ultra VIX Short Term Futures ETF
UWM,ProShares Ultra Russell2000
UX,Roundhill ETF Trust Roundhill Uranium ETF
UXAP,First Trust Exchange-Traded Fund VIII FT Vest U.S. Equity Unca
UXI,ProShares Ultra Industrials
UXJA,First Trust Exchange-Traded Fund VIII FT Vest U.S. Equity Unca
UXJL,First Trust Exchange-Traded Fund VIII FT Vest U.S. Equity Unca
UXOC,First Trust Exchange-Traded Fund VIII FT Vest U.S. Equity Unca
UXRP,ProShares Trust ProShares Ultra XRP ETF
UYG,ProShares Ultra Financials
UYLD,Angel Oak UltraShort Income ETF
UYM,ProShares Ultra Materials
VABS,Virtus Newfleet ABS/MBS ETF
VAIE,VegaShares ETF Trust VegaShares US Equity Autocallable Income
VALG,Leverage Shares 2X Long VALE Daily ETF
VALQ,American Century U.S. Quality Value ETF
VAMO,Cambria ETF Trust Cambria Value and Momentum ETF
VAVX,VanEck Avalanche ETF
VAW,Vanguard Materials ETF
VB,Vanguard Morningstar Small-Cap ETF
VBCA,Vanguard Target Maturity 2027 Corporate Bond ETF
VBCB,Vanguard Target Maturity 2028 Corporate Bond ETF
VBCC,Vanguard Target Maturity 2029 Corporate Bond ETF
VBCD,Vanguard Target Maturity 2030 Corporate Bond ETF
VBCE,Vanguard Target Maturity 2031 Corporate Bond ETF
VBCF,Vanguard Target Maturity 2032 Corporate Bond ETF
VBCG,Vanguard Target Maturity 2033 Corporate Bond ETF
VBCH,Vanguard Target Maturity 2034 Corporate Bond ETF
VBCI,Vanguard Target Maturity 2035 Corporate Bond ETF
VBCJ,Vanguard Target Maturity 2036 Corporate Bond ETF
VBIL,Vanguard 0-3 Month Treasury Bill ETF
VBK,Vanguard Morningstar Small-Cap Growth ETF
VBNB,Vaneck BNB ETF
VBND,Vident U.S. Bond Strategy ETF
VBR,Vanguard Morningstar Small-Cap Value ETF
VCEB,Vanguard ESG U.S. Corporate Bond ETF
VCIT,Vanguard Intermediate-Term Corporate Bond ETF
VCLN,Virtus Duff & Phelps Clean Energy ETF
VCLT,Vanguard Long-Term Corporate Bond ETF
VCOB,Tidal Trust IV Voya Core Bond ETF
VCR,Vanguard Consumer Discretion ETF
VCRB,Vanguard Core Bond ETF
VCRM,Vanguard Tax-Managed Funds Vanguard Core Tax-Exempt Bond ETF
VCSH,Vanguard Short-Term Corporate Bond ETF
VDC,Vanguard Consumer Staples ETF
VDE,Vanguard Energy ETF
VDG,Vanguard World Funds Vanguard Developed Markets ex-US Growth I
VDI,Virtus ETF Trust II Virtus International Dividend ETF
VDIG,Vanguard Wellington Dividend Growth Active ETF
VDV,Vanguard World Funds Vanguard Developed Markets ex-US Value In
VEA,Vanguard FTSE Developed Markets ETF
VEFA,VanEck MSCI EAFE Analyst Sentiment ETF
VEGA,AdvisorShares STAR Global Buy-Write ETF
VEGI,iShares MSCI Agriculture Producers ETF
VEGN,US Vegan Climate ETF
VEM,Virtus ETF Trust II Virtus Emerging Markets Dividend ETF
VEMY,Virtus ETF Trust II Virtus Stone Harbor Emerging Markets High
VERS,ProShares Trust ProShares Metaverse ETF
VETZ,Academy Veteran Bond ETF
VEU,Vanguard FTSE All World Ex US ETF
VFH,Vanguard Financials ETF
VFLO,VictoryShares Free Cash Flow ETF
VFMF,Vanguard U.S. Multifactor ETF
VFMO,Vanguard U.S. Momentum Factor ETF
VFMV,Vanguard U.S. Minimum Volatility ETF
VFQY,Vanguard U.S. Quality Factor ETF
VFVA,Vanguard U.S. Value Factor ETF
VGHY,Vanguard High-Yield Active ETF
VGIT,Vanguard Intermediate-Term Treasury ETF
VGK,Vanguard FTSEEuropean ETF
VGLT,Vanguard Long-Term Treasury ETF
VGMS,Vanguard Malvern Funds Vanguard Multi-Sector Income Bond ETF
VGRO,Virtus ETF Trust II Virtus Silvant Growth Opportunities ETF
VGSH,Vanguard Short-Term Treasury ETF
VGSR,Vert Global Sustainable Real Estate ETF
VGT,Vanguard Information Tech ETF
VGUS,Vanguard Ultra-Short Treasury ETF
VGVT,Vanguard Malvern Funds Vanguard Government Securities Active E
VHT,Vanguard Health Care ETF
VIDI,Vident International Equity Strategy ETF
VIG,Vanguard Div Appreciation ETF
VIGI,Vanguard International Dividend Appreciation ETF
VIOG,Vanguard S&P Small-Cap 600 Growth ETF
VIOO,Vanguard S&P Small-Cap 600 ETF
VIOV,Vanguard S&P Small-Cap 600 Value ETF
VIS,Vanguard Industrials ETF
VIXM,ProShares Trust VIX Mid-Term Futures ETF
VIXY,ProShares Trust VIX Short-Term Futures ETF
VLU,State Street SPDR S&P 1500 Value Tilt ETF
VLUE,iShares MSCI USA Value Factor ETF
VMAX,Lattice Strategies Trust Hartford US Value ETF
VMBS,Vanguard Mortgage-Backed Securities ETF
VMSB,Tidal Trust IV Voya Multi-Sector Income ETF
VNAM,Global X Funds Global X MSCI Vietnam ETF
VNIE,The Advisors Inner Circle Fund II Vontobel International Equit
VNLA,Janus Henderson Short Duration Income ETF
VNM,VanEck Vietnam ETF
VNQ,Vanguard Real Estate ETF
VNQI,Vanguard Global ex-U.S. Real Estate ETF
VNSE,Natixis Vaughan Nelson Select ETF
VO,Vanguard Morningstar Mid-Cap ETF
VOE,Vanguard Morningstar Mid-Cap Value ETF
VOLT,Tema Electrification ETF
VONE,Vanguard Russell 1000 ETF
VONG,Vanguard Russell 1000 Growth ETF
VONV,Vanguard Russell 1000 Value ETF
VOO,Vanguard S&P 500 ETF
VOOG,Vanguard S&P 500 Growth ETF
VOOV,Vanguard S&P 500 Value ETF
VOT,Vanguard Morningstar Mid-Cap Growth ETF
VOTE,TCW Transform 500 ETF
VOX,Vanguard Communication Services  ETF
VOXP,Advisors Series Trust Vox Populi ETF
VPC,Virtus Private Credit Strategy ETF
VPL,Vanguard FTSE Pacific ETF
VPLS,Vanguard Core Plus Bond ETF
VPU,Vanguard Utilities ETF
VPX,EA Series Trust Variant Perception Cycle Aware US Equity ETF
VRAI,Virtus Real Asset Income ETF
VRC,Corgi ETF Trust I Corgi VRT 2x Daily ETF
VRIG,Invesco Variable Rate Investment Grade ETF
VRP,Invesco Variable Rate Preferred ETF
VRTL,GraniteShares 2x Long VRT Daily ETF
VSDA,VictoryShares Dividend Accelerator ETF
VSDB,Vanguard Malvern Funds Vanguard Short Duration Bond ETF
VSDM,Vanguard Tax-Managed Funds Vanguard Short Duration Tax-Exempt
VSGX,Vanguard ESG International Stock ETF
VSHY,Virtus Newfleet Short Duration High Yield Bond ETF
VSLU,Applied Finance Valuation Large Cap ETF
VSMV,VictoryShares US Multi-Factor Minimum Volatility ETF
VSOL,VanEck Solana ETF
VSS,Vanguard FTSE All-Wld ex-US SmCp Idx ETF
VSTL,Defiance Daily Target 2X Long VST ETF
VT,Vanguard Total World Stock Index ETF
VTC,Vanguard Total Corporate Bond ETF
VTEB,Vanguard Tax-Exempt Bond ETF
VTEC,Vanguard California Tax-Exempt Bond ETF
VTEI,Vanguard Tax-Managed Funds Vanguard Intermediate-Term Tax-Exem
VTES,Vanguard Wellington Fund Vanguard Short-Term Tax Exempt Bond E
VTG,Vanguard Malvern Funds Vanguard Total Treasury ETF
VTHR,Vanguard Russell 3000 ETF
VTI,Vanguard Morningstar Total Stock Market ETF
VTIP,Vanguard Short-Term Inflation-Protected Securities Index Fund
VTV,Vanguard Morningstar Value ETF
VTWG,Vanguard Russell 2000 Growth ETF
VTWO,Vanguard Russell 2000 ETF
VTWV,Vanguard Russell 2000 Value ETF
VUG,Vanguard Morningstar Growth ETF
VUS,Virtus ETF Trust II Virtus US Dividend ETF
VUSB,Vanguard Ultra-Short Bond ETF
VUSE,Vident U.S. Equity Strategy ETF
VUSG,Vanguard Wellington U.S. Growth Active ETF
VUSI,Tidal Trust IV Voya Ultra Short Income ETF
VUSV,Vanguard Wellington U.S. Value Active ETF
VV,Vanguard Morningstar Large-Cap ETF
VWO,Vanguard FTSE Emerging Markets ETF
VWOB,Vanguard Emerging Markets Government Bond ETF
VXF,Vanguard Extended Market ETF
VXUS,Vanguard Total International Stock ETF
VXX,iPath S&P 500 VIX Short-Term Futures ETN
VXZ,iPath S&P 500 VIX Mid-Term Futures ETN
VYLD,J P Morgan Chase & Co Inverse VIX  Short-Term Futures ETNs due
VYM,Vanguard High Dividend Yield ETF
VYMI,Vanguard International High Dividend Yield ETF
WABF,Western Asset Bond ETF
WAGN,Professionally Managed Portfolios Pabrai Wagons ETF
WAMA,WisdomTree US Adaptive Moving Average Fund
WANT,Direxion Daily Consumer Discretionary Bull 3X ETF
WAR,ETF Series Solutions U.S. Global Technology and Aerospace & De
WARP,VanEck Space ETF
WBIF,WBI BullBear Value 3000 ETF
WBIG,WBI BullBear Yield 3000 ETF
WBIL,WBI BullBear Quality 3000 ETF
WBIY,WBI Power Factor High Dividend ETF
Data as of : 9/16/2026 8:00:00 PM,
