Symbol,Name,Sector,Industry
A,Agilent Technologies Inc. Common Stock,Industrials,Biotechnology: Laboratory Analytical Instruments
AA,Alcoa Corporation Common Stock,Industrials,Aluminum
AAC,Ares Acquisition Corporation III Class A Ordinary Shares,Industrials,Metal Fabrications
AACG,ATA Creativity Global American Depositary Shares,Real Estate,Other Consumer Services
AACI,Armada Acquisition Corp. III Class A Ordinary Share,Finance,Blank Checks
AACIU,Armada Acquisition Corp. III Units,Finance,Blank Checks
AACO,Abony Acquisition Corp. I Class A Ordinary Share,,
AACOU,Abony Acquisition Corp. I Units,,
AACOW,Abony Acquisition Corp. I Warrants,,
AACP,Apogee Acquisition Corp Class A Ordinary Shares,Finance,Blank Checks
AACPR,Apogee Acquisition Corp Rights,Finance,Blank Checks
AACPU,Apogee Acquisition Corp Units,Finance,Blank Checks
AACPW,Apogee Acquisition Corp Warrant,Finance,Blank Checks
AADX,Applied Aerospace & Defense Inc. Common Stock,Industrials,Military/Government/Technical
AAL,American Airlines Group Inc. Common Stock,Consumer Discretionary,Air Freight/Delivery Services
AAME,Atlantic American Corporation Common Stock,Finance,Life Insurance
AAMI,Acadian Asset Management Inc. Common Stock,Finance,Investment Managers
AAOI,Applied Optoelectronics Inc. Common Stock,Technology,Semiconductors
AAON,AAON Inc. Common Stock,Industrials,Industrial Machinery/Components
AAP,Advance Auto Parts Inc.,Consumer Discretionary,Auto & Home Supply Stores
AAPG,Ascentage Pharma Group International American Depository Shares,Health Care,Biotechnology: Pharmaceutical Preparations
AAPL,Apple Inc. Common Stock,Technology,Computer Manufacturing
AARD,Aardvark Therapeutics Inc. Common Stock,Health Care,Biotechnology: Pharmaceutical Preparations
AAT,American Assets Trust Inc. Common Stock,Real Estate,Real Estate Investment Trusts
AAUC,Allied Gold Corporation Common Shares,,
AB,AllianceBernstein Holding L.P.  Units,Finance,Investment Managers
ABAT,American Battery Technology Company Common Stock,Industrials,Mining & Quarrying of Nonmetallic Minerals (No Fuels)
ABBV,AbbVie Inc. Common Stock,Health Care,Biotechnology: Pharmaceutical Preparations
ABCB,Ameris Bancorp Common Stock,Finance,Major Banks
ABCL,AbCellera Biologics Inc. Common Shares,Health Care,Biotechnology: Pharmaceutical Preparations
ABEO,Abeona Therapeutics Inc. Common Stock,Health Care,Biotechnology: Pharmaceutical Preparations
ABEV,Ambev S.A. American Depositary Shares (Each representing 1 Common Share),Consumer Staples,Beverages (Production/Distribution)
ABG,Asbury Automotive Group Inc Common Stock,Consumer Discretionary,Retail-Auto Dealers and Gas Stations
ABLV,Able View Global Inc. Class B Ordinary Shares,Consumer Discretionary,Other Consumer Services
ABLVW,Able View Global Inc. Warrant,Consumer Discretionary,Other Consumer Services
ABM,ABM Industries Incorporated Common Stock,Consumer Discretionary,Diversified Commercial Services
ABNB,Airbnb Inc. Class A Common Stock,Consumer Discretionary,Diversified Commercial Services
ABOS,Acumen Pharmaceuticals Inc. Common Stock,Health Care,Biotechnology: Biological Products (No Diagnostic Substances)
ABR,Arbor Realty Trust Common Stock,Real Estate,Real Estate Investment Trusts
ABSI,Absci Corporation Common Stock,Health Care,Biotechnology: Commercial Physical & Biological Resarch
ABT,Abbott Laboratories Common Stock,Health Care,Biotechnology: Pharmaceutical Preparations
ABTC,American Bitcoin Corp. Class A Common Stock,Finance,Finance: Consumer Services
ABTS,Abits Group Inc Ordinary Shares,Finance,Finance: Consumer Services
ABUS,Arbutus Biopharma Corporation Common Stock,Health Care,Biotechnology: Pharmaceutical Preparations
ABVC,ABVC BioPharma Inc. Common Stock,Health Care,Biotechnology: Pharmaceutical Preparations
ABVX,Abivax SA American Depositary Shares,Health Care,Biotechnology: Pharmaceutical Preparations
ABX,Abacus Global Management Inc. Class A Common Stock,Finance,Investment Managers
ABXL,Abacus Global Management Inc. 9.875% Fixed Rate Senior Notes due 2028,Finance,Investment Managers
ACA,Arcosa Inc. Common Stock,Industrials,Metal Fabrications
ACAA,Averin Capital Acquisition Corp. Class A Ordinary Shares,Finance,Blank Checks
ACAAU,Averin Capital Acquisition Corp. Units,Finance,Blank Checks
ACAAW,Averin Capital Acquisition Corp. Warrants,Finance,Blank Checks
ACAD,ACADIA Pharmaceuticals Inc. Common Stock,Health Care,Biotechnology: Pharmaceutical Preparations
ACB,Aurora Cannabis Inc. Common Shares,Health Care,Medicinal Chemicals and Botanical Products
ACCL,Acco Group Holdings Limited Class A Ordinary Shares,Consumer Discretionary,Professional Services
ACCO,Acco Brands Corporation Common Stock,Consumer Discretionary,Publishing
ACCS,ACCESS Newswire Inc. Common Stock,Consumer Discretionary,Professional Services
ACDC,ProFrac Holding Corp. Class A Common Stock,Energy,Oilfield Services/Equipment
ACEL,Accel Entertainment Inc.,Consumer Discretionary,Services-Misc. Amusement & Recreation
ACET,Adicet Bio Inc. Common Stock,Health Care,Biotechnology: Pharmaceutical Preparations
ACFN,Acorn Energy Inc. Common Stock,Consumer Discretionary,Military/Government/Technical
ACGC,ACP Holdings Acquisition Corp. Class A Ordinary Shares,Finance,Blank Checks
ACGCU,ACP Holdings Acquisition Corp. Units,Finance,Blank Checks
ACGCW,ACP Holdings Acquisition Corp. Warrants,Finance,Blank Checks
ACGL,Arch Capital Group Ltd. Common Stock,Finance,Property-Casualty Insurers
ACGLN,Arch Capital Group Ltd. Depositary Shares each Representing a 1/1000th Interest in a 4.550% Non-Cumulative Preferred Share Series G,Finance,Property-Casualty Insurers
ACGLO,Arch Capital Group Ltd. Depositary Shares Each Representing 1/1000th Interest in a Share of 5.45% Non-Cumulative Preferred Shares Series F,Finance,Property-Casualty Insurers
ACH,Accendra Health Inc. Common Stock,Health Care,Medical Specialities
ACHC,Acadia Healthcare Company Inc. Common Stock,Health Care,Medical Specialities
ACHR,Archer Aviation Inc. Class A Common Stock,Industrials,Aerospace
ACHV,Achieve Life Sciences Inc. Common Shares,Health Care,Biotechnology: In Vitro & In Vivo Diagnostic Substances
ACI,Albertsons Companies Inc. Class A Common Stock,Consumer Staples,Food Chains
ACIC,American Coastal Insurance Corporation Common Stock,Finance,Property-Casualty Insurers
ACIU,AC Immune SA Common Stock,Health Care,Biotechnology: Pharmaceutical Preparations
ACIW,ACI Worldwide Inc. Common Stock,Technology,Computer Software: Prepackaged Software
ACLS,Axcelis Technologies Inc. Common Stock,Technology,Industrial Machinery/Components
ACM,AECOM Common Stock,Consumer Discretionary,Military/Government/Technical
ACMR,ACM Research Inc. Class A Common Stock,Technology,Industrial Machinery/Components
ACN,Accenture plc Class A Ordinary Shares (Ireland),Consumer Discretionary,Business Services
ACNB,ACNB Corporation Common Stock,Finance,Major Banks
ACNT,Ascent Industries Co. Common Stock,Industrials,Major Chemicals
ACOG,Alpha Cognition Inc. Common Stock,,
ACON,Aclarion Inc. Common Stock,Health Care,Medical Specialities
ACP,abrdn Income Credit Strategies Fund Common Shares,Finance,Investment Managers
ACR,ACRES Commercial Realty Corp. Common Stock,Real Estate,Real Estate Investment Trusts
ACRE,Ares Commercial Real Estate Corporation Common Stock,Real Estate,Real Estate Investment Trusts
ACRS,Aclaris Therapeutics Inc. Common Stock,Health Care,Biotechnology: Pharmaceutical Preparations
ACRV,Acrivon Therapeutics Inc. Common Stock,Health Care,Biotechnology: Pharmaceutical Preparations
ACT,Enact Holdings Inc. Common Stock,Finance,Specialty Insurers
ACTG,Acacia Research Corporation (Acacia Tech) Common Stock,Miscellaneous,Multi-Sector Companies
ACTU,Actuate Therapeutics Inc. Common stock,Health Care,Biotechnology: Pharmaceutical Preparations
ACU,Acme United Corporation. Common Stock,Consumer Discretionary,Industrial Machinery/Components
ACV,Virtus Diversified Income & Convertible Fund Common Shares of Beneficial Interest,Finance,Finance/Investors Services
ACVA,ACV Auctions Inc. Class A Common Stock,Consumer Discretionary,Business Services
ACXP,Acurx Pharmaceuticals Inc. Common Stock,Health Care,Biotechnology: Pharmaceutical Preparations
AD,Array Digital Infrastructure Inc. Common Shares,Telecommunications,Telecommunications Equipment
ADAC,American Drive Acquisition Company Class A Ordinary Shares,,
ADAG,Adagene Inc. American Depositary Shares,Health Care,Biotechnology: Pharmaceutical Preparations
ADAM,Adamas Trust Inc. Common Stock,Real Estate,Real Estate Investment Trusts
ADAMG,Adamas Trust Inc. 9.125% Senior Notes Due 2030,Real Estate,Real Estate Investment Trusts
ADAMH,Adamas Trust Inc. 9.875% Senior Notes Due 2030,Real Estate,Real Estate Investment Trusts
ADAMI,Adamas Trust Inc. 9.125% Senior Notes Due 2029,Real Estate,Real Estate Investment Trusts
ADAMK,Adamas Trust Inc. 9.600% Senior Notes Due 2031,Real Estate,Real Estate Investment Trusts
ADAML,Adamas Trust Inc. 6.875% Series F Fixed-to-Floating Rate Cumulative Redeemable Preferred Stock $0.01 par value per share,Real Estate,Real Estate Investment Trusts
ADAMM,Adamas Trust Inc. 7.875% Series E Fixed-to-Floating Rate Cumulative Redeemable Preferred Stock,Real Estate,Real Estate Investment Trusts
ADAMN,Adamas Trust Inc. 8.00% Series D Fixed-to-Floating Rate Cumulative Redeemable Preferred Stock,Real Estate,Real Estate Investment Trusts
ADAMO,Adamas Trust Inc. 9.250% Senior Notes Due 2031,Real Estate,Real Estate Investment Trusts
ADAMZ,Adamas Trust Inc. 7.000% Series G Cumulative Redeemable Preferred Stock $0.01 par value per share,Real Estate,Real Estate Investment Trusts
ADBE,Adobe Inc. Common Stock,Technology,Computer Software: Prepackaged Software
ADBT,Advasa Holdings Inc. Common Stock,Technology,Computer Software: Prepackaged Software
ADC,Agree Realty Corporation Common Stock,Real Estate,Real Estate Investment Trusts
ADCT,ADC Therapeutics SA Common Shares,Health Care,Biotechnology: Pharmaceutical Preparations
ADEA,Adeia Inc. Common Stock,Telecommunications,Cable & Other Pay Television Services
ADGM,Adagio Medical Holdings Inc Common Stock,Health Care,Medical/Dental Instruments
ADI,Analog Devices Inc. Common Stock,Technology,Semiconductors
ADIG,ADI Global Distribution Inc. Common Stock,Industrials,Wholesale Distributors
ADIL,Adial Pharmaceuticals Inc Common Stock,Health Care,Biotechnology: Pharmaceutical Preparations
ADM,Archer-Daniels-Midland Company Common Stock,Consumer Staples,Packaged Foods
ADMA,ADMA Biologics Inc Common Stock,Health Care,Biotechnology: Biological Products (No Diagnostic Substances)
ADNT,Adient plc Ordinary Shares,Consumer Discretionary,Auto Parts:O.E.M.
ADP,Automatic Data Processing Inc. Common Stock,Technology,EDP Services
ADPT,Adaptive Biotechnologies Corporation Common Stock,Health Care,Biotechnology: Biological Products (No Diagnostic Substances)
ADSE,ADS-TEC ENERGY PLC Ordinary Shares,Consumer Discretionary,Industrial Specialties
ADSK,Autodesk Inc. Common Stock,Technology,Computer Software: Prepackaged Software
ADT,ADT Inc. Common Stock,Consumer Discretionary,Diversified Commercial Services
ADTN,ADTRAN Holdings Inc. Common Stock,Utilities,Telecommunications Equipment
ADUR,Aduro Clean Technologies Inc. Common Stock,Industrials,Major Chemicals
ADUS,Addus HomeCare Corporation Common Stock,Health Care,Medical/Nursing Services
ADV,Advantage Solutions Inc. Class A Common Stock,Consumer Discretionary,Business Services
ADVB,Advanced Biomed Inc. Common Stock,Health Care,Medical Specialities
ADX,Adams Diversified Equity Fund Inc.,Finance,Investment Managers
ADXN,Addex Therapeutics Ltd American Depositary Shares,Health Care,Biotechnology: Pharmaceutical Preparations
AEAQ,Activate Energy Acquisition Corp. Class A Ordinary Share,,
AEAQW,Activate Energy Acquisition Corp. Warrant,,
AEBI,Aebi Schmidt Holding AG Common Stock,Industrials,Auto Manufacturing
AEC,Anfield Energy Inc. Common Shares,Basic Materials,Metal Mining
AEE,Ameren Corporation Common Stock,Utilities,Power Generation
AEF,abrdn Emerging Markets ex-China Fund Inc. Common Stock,Finance,Finance/Investors Services
AEFC,Aegon Funding Company LLC 5.10% Subordinated Notes due 2049,,
AEG,Aegon Ltd. New York Registry Shares,Finance,Life Insurance
AEHL,Antelope Enterprise Holdings Limited Class A Ordinary Shares,Consumer Discretionary,Telecommunications Equipment
AEHR,Aehr Test Systems Common Stock,Industrials,Electrical Products
AEI,Alset Inc. Common Stock (TX),Finance,Real Estate
AEIS,Advanced Energy Industries Inc. Common Stock,Technology,Industrial Machinery/Components
AEM,Agnico Eagle Mines Limited Common Stock,Basic Materials,Precious Metals
AEMD,Aethlon Medical Inc. Common Stock,Health Care,Medical/Dental Instruments
AENT,Alliance Entertainment Holding Corporation Class A Common Stock,Consumer Discretionary,Durable Goods
AENTW,Alliance Entertainment Holding Corporation Warrant,Consumer Discretionary,Durable Goods
AEO,American Eagle Outfitters Inc. Common Stock,Consumer Discretionary,Clothing/Shoe/Accessory Stores
AEON,AEON Biopharma Inc. Class A Common Stock,Health Care,Biotechnology: Pharmaceutical Preparations
AEP,American Electric Power Company Inc. Common Stock,Utilities,Electric Utilities: Central
AER,AerCap Holdings N.V. Ordinary Shares,Consumer Discretionary,Diversified Commercial Services
AERO,Grupo Aeromexico S.A.B. de C.V. American Depositary Shares (each representing ten (10) Common Shares),Consumer Discretionary,Air Freight/Delivery Services
AERT,Aeries Technology Inc. Class A Ordinary Share,Consumer Discretionary,Professional Services
AES,The AES Corporation Common Stock,Industrials,Electric Utilities: Central
AESI,Atlas Energy Solutions Inc. Common Stock,Industrials,Mining & Quarrying of Nonmetallic Minerals (No Fuels)
AESP,Aeon Acquisition I Corp. Class A Ordinary Shares,Finance,Blank Checks
AESPR,Aeon Acquisition I Corp. Rights,Finance,Blank Checks
AESPU,Aeon Acquisition I Corp. Units,,
AEVA,Aeva Technologies Inc. Common Stock,Consumer Discretionary,Auto Parts:O.E.M.
AEXA,American Exceptionalism Acquisition Corp. A Class A Ordinary Shares,,
AEYE,AudioEye Inc. Common Stock,Technology,Computer Software: Prepackaged Software
AFB,AllianceBernstein National Municipal Income Fund Inc,Finance,Trusts Except Educational Religious and Charitable
AFCG,Advanced Flower Capital Inc. Common Stock,Finance,Real Estate
AFG,American Financial Group Inc. Common Stock,Finance,Property-Casualty Insurers
AFGB,American Financial Group Inc. 5.875% Subordinated Debentures due 2059,Finance,Property-Casualty Insurers
AFGC,American Financial Group Inc. 5.125% Subordinated Debentures due 2059,Finance,Property-Casualty Insurers
AFGD,American Financial Group Inc. 5.625% Subordinated Debentures due 2060,Finance,Property-Casualty Insurers
AFGE,American Financial Group Inc. 4.500% Subordinated Debentures due 2060,Finance,Property-Casualty Insurers
AFJK,Aimei Health Technology Co. Ltd Ordinary Share,,
AFJKU,Aimei Health Technology Co. Ltd Unit,,
AFL,AFLAC Incorporated Common Stock,Finance,Accident &Health Insurance
AFRI,Forafric Global PLC Ordinary Shares,Consumer Staples,Packaged Foods
AFRIW,Forafric Global PLC Warrants,Consumer Staples,Packaged Foods
AFRM,Affirm Holdings Inc. Class A Common Stock,Finance,Finance: Consumer Services
AFYA,Afya Limited Class A Common Shares,Real Estate,Other Consumer Services
AG,First Majestic Silver Corp. Ordinary Shares (Canada),Basic Materials,Precious Metals
AGBK,AGI Inc Class A Common Shares,Finance,Commercial Banks
AGCC,Agencia Comercial Spirits Ltd Class A Ordinary Shares,Consumer Staples,Beverages (Production/Distribution)
AGCO,AGCO Corporation Common Stock,Industrials,Industrial Machinery/Components
AGD,abrdn Global Dynamic Dividend Fund Common Shares of Beneficial Interest,Finance,Trusts Except Educational Religious and Charitable
AGEN,Agenus Inc. Common Stock,Health Care,Biotechnology: Biological Products (No Diagnostic Substances)
AGI,Alamos Gold Inc. Class A Common Shares,Basic Materials,Precious Metals
AGIG,Abundia Global Impact Group Inc. Common stock,Energy,Oil & Gas Production
AGIO,Agios Pharmaceuticals Inc. Common Stock,Health Care,Biotechnology: Pharmaceutical Preparations
AGL,agilon health inc. Common Stock,Health Care,Misc Health and Biotechnology Services
AGM,Federal Agricultural Mortgage Corporation Common Stock,Finance,Finance Companies
AGMB,AgomAb Therapeutics NV American Depositary Shares,Health Care,Biotechnology: Biological Products (No Diagnostic Substances)
AGMH,AGM Group Holdings Inc. Class A Ordinary Shares,Technology,EDP Services
AGNC,AGNC Investment Corp. Common Stock,Real Estate,Real Estate Investment Trusts
AGNCL,AGNC Investment Corp. Depositary Shares Each Representing a 1/1000th Interest in a Share of 7.75% Series G Fixed-Rate Reset Cumulative Redeemable Preferred Stock,Real Estate,Real Estate Investment Trusts
AGNCM,AGNC Investment Corp. Depositary Shares rep 6.875% Series D Fixed-to-Floating Cumulative Redeemable Preferred Stock,Real Estate,Real Estate Investment Trusts
AGNCN,AGNC Investment Corp. Depositary Shares Each Representing a 1/1000th Interest in a Share of 7.00% Series C Fixed-To-Floating Rate Cumulative Redeemable Preferred Stock,Real Estate,Real Estate Investment Trusts
AGNCO,AGNC Investment Corp. Depositary Shares each representing a 1/1000th interest in a share of 6.50% Series E Fixed-to-Floating Cumulative Redeemable Preferred Stock,Real Estate,Real Estate Investment Trusts
AGNCP,AGNC Investment Corp. Depositary Shares Each Representing a 1/1000th Interest in a Share of 6.125% Series F Fixed-to-Floating Rate Cumulative Redeemable Preferred Stock,Real Estate,Real Estate Investment Trusts
AGNCZ,AGNC Investment Corp. Depositary Shares Each Representing a 1/1000th Interest in a Share of 8.75% Series H Fixed-Rate Cumulative Redeemable Preferred Stock,Real Estate,Real Estate Investment Trusts
AGNT,AGNT Inc. Common Stock,Finance,Real Estate
AGO,Assured Guaranty Ltd. Common Stock,Finance,Property-Casualty Insurers
AGPU,Axe Compute Inc. Common Stock,Health Care,Industrial Specialties
AGRO,Adecoagro S.A. Common Shares,Consumer Staples,Farming/Seeds/Milling
AGRZ,Agroz Inc. Class A Ordinary Shares,Consumer Staples,Farming/Seeds/Milling
AGX,Argan Inc. Common Stock,Consumer Discretionary,Engineering & Construction
AGYS,Agilysys Inc. Common Stock (DE),Technology,EDP Services
AHCO,AdaptHealth Corp. Common Stock,Health Care,Medical/Nursing Services
AHG,Akso Health Group ADS,Consumer Discretionary,Business Services
AHMA,Ambitions Enterprise Management Co. L.L.C Class A Ordinary Shares,Consumer Discretionary,Services-Misc. Amusement & Recreation
AHR,American Healthcare REIT Inc. Common Stock,Real Estate,Real Estate Investment Trusts
AHRT,AH Realty Trust Inc. Common Stock,Finance,Real Estate
AHT,Ashford Hospitality Trust Inc Common Stock,Real Estate,Real Estate Investment Trusts
AHT.F,Ashford Hospitality Trust Inc 7.375% Series F Cumulative Preferred Stock,,
AI,C3.ai Inc. Class A Common Stock,Technology,Computer Software: Prepackaged Software
AIAI,AIAI Holdings Corporation Class A Common Stock,Technology,EDP Services
AIB,AIB Data Centers Inc. Common Stock,Finance,Investment Bankers/Brokers/Service
AIBZ,Bitzero Holdings Inc. Common Shares,Consumer Discretionary,Services-Misc. Amusement & Recreation
AIDX,20/20 Biolabs Inc. Common Stock,Health Care,Precision Instruments
AIFA,All In FutureTech Alliance Inc. Common Stock,Consumer Discretionary,Services-Misc. Amusement & Recreation
AIFC,AI Financial Corporation Common Stock,Finance,Investment Bankers/Brokers/Service
AIFF,Firefly Neuroscience Inc. Common Stock,Technology,Computer Software: Prepackaged Software
AIFU,AIFU Inc. Class A Ordinary Share,Finance,Specialty Insurers
AIG,American International Group Inc. New Common Stock,Finance,Property-Casualty Insurers
AII,American Integrity Insurance Group Inc. Common Stock,Finance,Property-Casualty Insurers
AIIA,AI Infrastructure Acquisition Corp. Class A Ordinary Shares,Finance,Blank Checks
AIIO,Robo.ai Inc. Class B Ordinary Shares,Industrials,Auto Manufacturing
AIIOW,Robo.ai Inc. Warrant,Industrials,Auto Manufacturing
AIIR,Air Global PLC Ordinary Shares,Consumer Discretionary,Tobacco
AIM,AIM ImmunoTech Inc. Common Stock,Health Care,Biotechnology: Biological Products (No Diagnostic Substances)
AIMD,Ainos Inc. Common Stock,Technology,Computer peripheral equipment
AIMDW,Ainos Inc. Warrants,Technology,Computer peripheral equipment
AIN,Albany International Corporation Common Stock,Consumer Discretionary,Textiles
AIO,Virtus Artificial Intelligence & Technology Opportunities Fund Common Shares of Beneficial Interest,Finance,Finance/Investors Services
AIOS,AIOS Tech Inc. Class A Common Shares,Industrials,Metal Fabrications
AIOT,PowerFleet Inc. Common Stock,Telecommunications,Telecommunications Equipment
AIP,Arteris Inc. Common Stock,Technology,Semiconductors
AIR,AAR Corp. Common Stock,Industrials,Aerospace
AIRE,reAlpha Tech Corp. Common Stock,Finance,Real Estate
AIRG,Airgain Inc. Common Stock,Technology,Radio And Television Broadcasting And Communications Equipment
AIRI,Air Industries Group Common Stock,Industrials,Military/Government/Technical
AIRJ,AirJoule Technologies Corporation Class A Common Stock,Industrials,Industrial Machinery/Components
AIRJW,AirJoule Technologies Corporation Warrant,Industrials,Industrial Machinery/Components
AIRO,AIRO Group Holdings Inc. Common Stock,Industrials,Aerospace
AIRS,AirSculpt Technologies Inc. Common Stock,Health Care,Medical/Nursing Services
AIRT,Air T Inc. Common Stock,Consumer Discretionary,Air Freight/Delivery Services
AIRTP,Air T Inc. Air T Funding Alpha Income Trust Preferred Securities,Consumer Discretionary,Air Freight/Delivery Services
AISP,Airship AI Holdings Inc. Class A Common Stock,Technology,Computer Software: Prepackaged Software
AISPW,Airship AI Holdings Inc. Warrants,Technology,Computer Software: Prepackaged Software
AIT,Applied Industrial Technologies Inc. Common Stock,Consumer Discretionary,Industrial Specialties
AIV,Apartment Investment and Management Company Common Stock,Real Estate,Real Estate Investment Trusts
AIXC,AIxCrypto Holdings Inc. Common Stock,Finance,Finance: Consumer Services
AIXI,XIAO-I Corporation American Depositary Shares,Technology,Computer Software: Prepackaged Software
AIZ,Assurant Inc. Common Stock,Finance,Property-Casualty Insurers
AIZN,Assurant Inc. 5.25% Subordinated Notes due 2061,Finance,Property-Casualty Insurers
AJG,Arthur J. Gallagher & Co. Common Stock,Finance,Specialty Insurers
AKA,a.k.a. Brands Holding Corp. Common Stock,Consumer Discretionary,Catalog/Specialty Distribution
AKAM,Akamai Technologies Inc. Common Stock,Consumer Discretionary,Business Services
AKAN,Akanda Corp. Common Shares,Health Care,Medicinal Chemicals and Botanical Products
AKBA,Akebia Therapeutics Inc. Common Stock,Health Care,Biotechnology: Pharmaceutical Preparations
AKO-A,Embotelladora Andina S.A.,,
AKO-B,Embotelladora Andina S.A.,,
AKR,Acadia Realty Trust Common Stock,Real Estate,Real Estate Investment Trusts
AKTS,Aktis Oncology Inc. Common stock,Health Care,Biotechnology: Pharmaceutical Preparations
AKTX,Akari Therapeutics plc ADS,Health Care,Biotechnology: Pharmaceutical Preparations
ALAB,Astera Labs Inc. Common Stock,Technology,Semiconductors
ALAR,Alarum Technologies Ltd. American Depositary Share,Technology,Computer Software: Prepackaged Software
ALB,Albemarle Corporation Common Stock,Industrials,Major Chemicals
ALC,Alcon Inc. Ordinary Shares,Health Care,Ophthalmic Goods
ALCO,Alico Inc. Common Stock,Consumer Staples,Farming/Seeds/Milling
ALDF,Aldel Financial II Inc. Class A Ordinary Shares,,
ALDFW,Aldel Financial II Inc. Warrants,Finance,Blank Checks
ALDX,Aldeyra Therapeutics Inc. Common Stock,Health Care,Biotechnology: Pharmaceutical Preparations
ALEC,Alector Inc. Common Stock,Health Care,Biotechnology: Biological Products (No Diagnostic Substances)
ALF,Centurion Acquisition Corp. Class A Ordinary Shares,,
ALFUW,Centurion Acquisition Corp. Warrant,Finance,Blank Checks
ALG,Alamo Group Inc. Common Stock,Industrials,Industrial Machinery/Components
ALGM,Allegro MicroSystems Inc. Common Stock,Technology,Semiconductors
ALGN,Align Technology Inc. Common Stock,Health Care,Industrial Specialties
ALGS,Aligos Therapeutics Inc. Common Stock,Health Care,Biotechnology: Biological Products (No Diagnostic Substances)
ALGT,Allegiant Travel Company Common Stock,Consumer Discretionary,Air Freight/Delivery Services
ALH,Alliance Laundry Holdings Inc. Common Stock,Industrials,Industrial Machinery/Components
ALHC,Alignment Healthcare Inc. Common Stock,Health Care,Medical Specialities
ALIS,Calisa Acquisition Corp Ordinary shares,,
ALISR,Calisa Acquisition Corp Right,Finance,Blank Checks
ALISU,Calisa Acquisition Corp Units,,
ALIT,Alight Inc. Class A Common Stock,Consumer Discretionary,Business Services
ALK,Alaska Air Group Inc. Common Stock,Consumer Discretionary,Air Freight/Delivery Services
ALKS,Alkermes plc Ordinary Shares,Health Care,Biotechnology: Pharmaceutical Preparations
ALKT,Alkami Technology Inc. Common Stock,Technology,Computer Software: Prepackaged Software
ALL,Allstate Corporation (The) Common Stock,Finance,Property-Casualty Insurers
ALLE,Allegion plc Ordinary Shares,Consumer Discretionary,Diversified Commercial Services
ALLO,Allogene Therapeutics Inc. Common Stock,Health Care,Biotechnology: Biological Products (No Diagnostic Substances)
ALLR,Allarity Therapeutics Inc. Common Stock,Health Care,Biotechnology: Pharmaceutical Preparations
ALLT,Allot Ltd. Ordinary Shares,Telecommunications,Computer Communications Equipment
ALLY,Ally Financial Inc. Common Stock,Finance,Major Banks
ALM,Almonty Industries Inc. Common Shares,Basic Materials,Other Metals and Minerals
ALMR,Alamar Biosciences Inc. Common Stock,Industrials,Biotechnology: Laboratory Analytical Instruments
ALMS,Alumis Inc. Common Stock,Health Care,Biotechnology: Pharmaceutical Preparations
ALMU,Aeluma Inc. Common Stock,Technology,Semiconductors
ALNT,Allient Inc. Common Stock,Industrials,Electrical Products
ALNY,Alnylam Pharmaceuticals Inc. Common Stock,Health Care,Biotechnology: Pharmaceutical Preparations
ALOV,Aldabra 4 Liquidity Opportunity Vehicle Inc. Class A Ordinary Shares,,
ALOVU,Aldabra 4 Liquidity Opportunity Vehicle Inc. Units,Finance,Blank Checks
ALOVW,Aldabra 4 Liquidity Opportunity Vehicle Inc. Warrants,,
ALOY,REalloys Inc. Common Stock,Basic Materials,Metal Mining
ALP,Alpha Compute Corp Ordinary Shares,Finance,Finance: Consumer Services
ALPS,ALPS Group Inc Ordinary Share,Health Care,Medical/Nursing Services
ALPX,Alpex Acquisition Corporation Class A Ordinary Shares,Finance,Blank Checks
ALPXU,Alpex Acquisition Corporation Unit,Finance,Blank Checks
ALRM,Alarm.com Holdings Inc. Common Stock,Technology,Computer Software: Prepackaged Software
ALRS,Alerus Financial Corporation Common Stock,Finance,Major Banks
ALSN,Allison Transmission Holdings Inc. Common Stock,Consumer Discretionary,Auto Parts:O.E.M.
ALT,Altimmune Inc. Common Stock,Health Care,Biotechnology: Pharmaceutical Preparations
ALTG,Alta Equipment Group Inc. Class A Common Stock,Industrials,Industrial Machinery/Components
ALTI,AlTi Global Inc. Class A Common Stock,Finance,Investment Managers
ALTO,Alto Ingredients Inc. Common Stock,Industrials,Major Chemicals
ALUB,Alussa Energy Acquisition Corp. II Class A Ordinary Shares,,
ALV,Autoliv Inc. Common Stock,Consumer Discretionary,Auto Parts:O.E.M.
ALVO,Alvotech Ordinary Shares,Health Care,Biotechnology: Biological Products (No Diagnostic Substances)
ALVOW,Alvotech Warrant,Health Care,Biotechnology: Biological Products (No Diagnostic Substances)
ALX,Alexander's Inc. Common Stock,Real Estate,Real Estate Investment Trusts
ALXO,ALX Oncology Holdings Inc. Common Stock,Health Care,Biotechnology: Pharmaceutical Preparations
ALZN,Alzamend Neuro Inc. Common Stock,Health Care,Biotechnology: Pharmaceutical Preparations
AM,Antero Midstream Corporation Common Stock,Utilities,Natural Gas Distribution
AMAC,AMR Resources Acquisition Corp Class A Ordinary Shares,Finance,Blank Checks
AMACU,AMR Resources Acquisition Corp Units,Finance,Blank Checks
AMAL,Amalgamated Financial Corp. Common Stock (DE),Finance,Major Banks
AMAN,Amanat Acquisition Corp Class A Ordinary Shares,Finance,Blank Checks
AMAT,Applied Materials Inc. Common Stock,Technology,Semiconductors
AMBA,Ambarella Inc. Ordinary Shares,Technology,Semiconductors
AMBO,Ambow Education Holding Ltd. American Depository Shares (each representing twenty (20) Class A Ordinary Shares),Real Estate,Other Consumer Services
AMBP,Ardagh Metal Packaging S.A. Ordinary Shares,Industrials,Containers/Packaging
AMBQ,Ambiq Micro Inc. Common Stock,Technology,Semiconductors
AMBR,Amber International Holding Limited American Depositary Shares,Finance,Finance: Consumer Services
AMC,AMC Entertainment Holdings Inc. Class A Common Stock,Consumer Discretionary,Movies/Entertainment
AMCI,AMC Robotics Corporation Common Stock,Consumer Discretionary,Home Furnishings
AMCR,Amcor plc Ordinary Shares,Consumer Discretionary,Miscellaneous manufacturing industries
AMCX,AMC Global Media Inc. Class A Common Stock,Telecommunications,Cable & Other Pay Television Services
AMD,Advanced Micro Devices Inc. Common Stock,Technology,Semiconductors
AME,AMETEK Inc.,Industrials,Industrial Machinery/Components
AMG,Affiliated Managers Group Inc. Common Stock,Finance,Investment Managers
AMGN,Amgen Inc. Common Stock,Health Care,Biotechnology: Biological Products (No Diagnostic Substances)
AMH,American Homes 4 Rent Common Shares of Beneficial Interest,Real Estate,Real Estate Investment Trusts
AMIX,Autonomix Medical Inc. Common Stock,Health Care,Medical/Dental Instruments
AMKR,Amkor Technology Inc. Common Stock,Technology,Semiconductors
AMLX,Amylyx Pharmaceuticals Inc. Common Stock,Health Care,Biotechnology: Pharmaceutical Preparations
AMN,AMN Healthcare Services Inc,Consumer Discretionary,Professional Services
AMOD,Alpha Modus Holdings Inc. Class A Common Stock,Miscellaneous,Multi-Sector Companies
AMODW,Alpha Modus Holdings Inc. Warrant,Miscellaneous,Multi-Sector Companies
AMP,Ameriprise Financial Inc. Common Stock,Finance,Investment Managers
AMPG,Amplitech Group Inc. Common Stock,Telecommunications,Telecommunications Equipment
AMPGZ,Amplitech Group Inc. Series B Right,Telecommunications,Telecommunications Equipment
AMPH,Amphastar Pharmaceuticals Inc. Common Stock,Health Care,Biotechnology: Pharmaceutical Preparations
AMPL,Amplitude Inc. Class A Common Stock,Technology,Computer Software: Prepackaged Software
AMPX,Amprius Technologies Inc. Common Stock,Miscellaneous,Industrial Machinery/Components
AMPY,Amplify Energy Corp. Common Stock,Energy,Oil & Gas Production
AMR,Alpha Metallurgical Resources Inc. Common Stock,Energy,Coal Mining
AMRC,Ameresco Inc. Class A Common Stock,Consumer Discretionary,Engineering & Construction
AMRN,Amarin Corporation plc,Health Care,Biotechnology: Pharmaceutical Preparations
AMRX,Amneal Pharmaceuticals Inc. Class A Common Stock,Health Care,Biotechnology: Pharmaceutical Preparations
AMRZ,Amrize Ltd Ordinary Shares,Industrials,Building Materials
AMS,American Shared Hospital Services Common Stock,Health Care,Medical Specialities
AMSC,American Superconductor Corporation Common Stock,Consumer Discretionary,Metal Fabrications
AMSF,AMERISAFE Inc. Common Stock,Finance,Property-Casualty Insurers
AMSS,AMASS Brands Inc. Common Stock,Consumer Staples,Beverages (Production/Distribution)
AMST,Amesite Inc. Common Stock,Technology,Computer Software: Prepackaged Software
AMT,American Tower Corporation (REIT) Common Stock,Real Estate,Real Estate Investment Trusts
AMTB,Amerant Bancorp Inc. Class A Common Stock,Finance,Major Banks
AMTD,AMTD IDEA Group American Depositary Shares each representing six (6) Class A Ordinary Shares,Finance,Finance: Consumer Services
AMTM,Amentum Holdings Inc. Common Stock,Consumer Discretionary,Business Services
AMTX,Aemetis Inc. (DE) Common Stock,Industrials,Major Chemicals
AMWL,American Well Corporation Class A Common Stock,Consumer Discretionary,Business Services
AMX,America Movil S.A.B. de C.V. American Depositary Shares (each representing the right to receive twenty (20) Series B Shares,Telecommunications,Telecommunications Equipment
AMZE,Amaze Holdings Inc. Common Stock,Consumer Discretionary,Catalog/Specialty Distribution
AMZN,Amazon.com Inc. Common Stock,Consumer Discretionary,Catalog/Specialty Distribution
AN,AutoNation Inc. Common Stock,Consumer Discretionary,Retail-Auto Dealers and Gas Stations
ANAB,AnaptysBio Inc. Common Stock,Health Care,Biotechnology: Pharmaceutical Preparations
ANDE,Andersons Inc. (The) Common Stock,Industrials,Farming/Seeds/Milling
ANDG,Andersen Group Inc. Class A Common Stock,Consumer Discretionary,Business Services
ANET,Arista Networks Inc. Common Stock,Telecommunications,Computer Communications Equipment
ANF,Abercrombie & Fitch Company Common Stock,Consumer Discretionary,Clothing/Shoe/Accessory Stores
ANGH,Anghami Inc. Ordinary Shares,Consumer Discretionary,Telecommunications Equipment
ANGHW,Anghami Inc. Warrants,Consumer Discretionary,Telecommunications Equipment
ANGI,Angi Inc. Class A Common Stock,Consumer Discretionary,Advertising
ANGO,AngioDynamics Inc. Common Stock,Health Care,Medical/Dental Instruments
ANGX,Angel Studios Inc. Class A Common Stock,Consumer Discretionary,Movies/Entertainment
ANIK,Anika Therapeutics Inc. Common Stock,Health Care,Medical/Dental Instruments
ANIP,ANI Pharmaceuticals Inc.,Health Care,Biotechnology: Pharmaceutical Preparations
ANIX,Anixa Biosciences Inc. Common Stock,Health Care,Biotechnology: Pharmaceutical Preparations
ANL,Adlai Nortye Group Ltd. American Depositary Shares,Health Care,Biotechnology: Pharmaceutical Preparations
ANNA,AleAnna Inc. Class A Common Stock,Energy,Oil & Gas Production
ANNAW,AleAnna Inc. Warrant,Energy,Oil & Gas Production
ANNX,Annexon Inc. Common Stock,Health Care,Biotechnology: Pharmaceutical Preparations
ANPA,Rich Sparkle Holdings Limited Ordinary Shares,Consumer Discretionary,Other Consumer Services
ANRO,Alto Neuroscience Inc. Common Stock,Health Care,Biotechnology: Pharmaceutical Preparations
ANTA,Antalpha Platform Holding Company Class A Ordinary Shares,Finance,Investment Bankers/Brokers/Service
ANTX,AN2 Therapeutics Inc. Common Stock,Health Care,Biotechnology: Pharmaceutical Preparations
ANVS,Annovis Bio Inc. Common Stock,Health Care,Biotechnology: Pharmaceutical Preparations
AOD,abrdn Total Dynamic Dividend Fund Common Shares of Beneficial Interest,Finance,Investment Managers
AOMD,Angel Oak Mortgage REIT Inc. 9.750% Senior Notes due 2030,Finance,Real Estate
AOMN,Angel Oak Mortgage REIT Inc. 9.500% Senior Notes due 2029,Finance,Real Estate
AOMR,Angel Oak Mortgage REIT Inc. Common Stock,Finance,Real Estate
AON,Aon plc Class A Ordinary Shares (Ireland),Finance,Specialty Insurers
AORT,Artivion Inc. Common Stock,Health Care,Medical/Dental Instruments
AOS,A.O. Smith Corporation Common Stock,Consumer Discretionary,Consumer Electronics/Appliances
AOSL,Alpha and Omega Semiconductor Limited Common Shares,Technology,Semiconductors
AOUT,American Outdoor Brands Inc. Common Stock,Consumer Discretionary,Recreational Games/Products/Toys
AP,Ampco-Pittsburgh Corporation Common Stock,Industrials,Fluid Controls
APA,APA Corporation Common Stock,Energy,Oil & Gas Production
APAC,StoneBridge Acquisition II Corporation Class A Ordinary Shares,Finance,Blank Checks
APACU,StoneBridge Acquisition II Corporation Units,Finance,Blank Checks
APAM,Artisan Partners Asset Management Inc. Class A Common Stock,Finance,Investment Managers
APC,ARKO Petroleum Corp. Class A Common Stock,Energy,Oil Refining/Marketing
APD,Air Products and Chemicals Inc. Common Stock,Basic Materials,Major Chemicals
APEI,American Public Education Inc. Common Stock,Real Estate,Other Consumer Services
APG,APi Group Corporation Common Stock,Consumer Discretionary,Diversified Commercial Services
APH,Amphenol Corporation Common Stock,Technology,Electrical Products
API,Agora Inc. American Depositary Shares,Technology,Computer Software: Prepackaged Software
APLD,Applied Digital Corporation Common Stock,Technology,EDP Services
APLE,Apple Hospitality REIT Inc. Common Shares,Real Estate,Real Estate Investment Trusts
APLM,Apollomics Inc. Class A Ordinary Shares,Health Care,Biotechnology: Pharmaceutical Preparations
APLMW,Apollomics Inc. Warrant,Health Care,Biotechnology: Pharmaceutical Preparations
APMC,AmperCap Acquisition Company Ordinary Shares,Finance,Blank Checks
APMCR,AmperCap Acquisition Company Right,Finance,Blank Checks
APMCU,AmperCap Acquisition Company Unit,Finance,Blank Checks
APMD,Apnimed Inc. Common Stock,Health Care,Biotechnology: Pharmaceutical Preparations
APO,Apollo Global Management Inc. (New) Common Stock,Finance,Investment Managers
APOG,Apogee Enterprises Inc. Common Stock,Consumer Discretionary,Auto Parts:O.E.M.
APOS,Apollo Global Management Inc. 7.625% Fixed-Rate Resettable Junior Subordinated Notes due 2053,Finance,Investment Managers
APP,Applovin Corporation Class A Common Stock,Technology,Computer Software: Programming Data Processing
APPF,AppFolio Inc. Class A Common Stock,Technology,Computer Software: Prepackaged Software
APPN,Appian Corporation Class A Common Stock,Technology,Computer Software: Prepackaged Software
APPS,Digital Turbine Inc. Common Stock,Miscellaneous,Multi-Sector Companies
APRE,Aprea Therapeutics Inc. Common stock,Health Care,Biotechnology: Pharmaceutical Preparations
APT,Alpha Pro Tech Ltd. Common Stock,Health Care,Industrial Specialties
APTV,Aptiv PLC Ordinary Shares,Consumer Discretionary,Auto Parts:O.E.M.
APUR,Aperture AC Class A Ordinary Shares,Finance,Blank Checks
APURR,Aperture AC Rights,Finance,Blank Checks
APUS,Apimeds Pharmaceuticals US Inc. Common Stock,Health Care,Biotechnology: Pharmaceutical Preparations
APVO,Aptevo Therapeutics Inc. Common Stock,Health Care,Biotechnology: Pharmaceutical Preparations
APWC,Asia Pacific Wire & Cable Corporation Ltd. Ordinary Shares (Bermuda),Industrials,Telecommunications Equipment
APXT,Apex Treasury Corporation Class A Ordinary Share,Finance,Blank Checks
APXTW,Apex Treasury Corporation Warrants,Finance,Blank Checks
APYX,Apyx Medical Corporation Common Stock,Health Care,Medical/Dental Instruments
AQB,AquaBounty Technologies Inc. Common Stock,Consumer Staples,Meat/Poultry/Fish
AQMS,Aqua Metals Inc. Common Stock,Industrials,Metal Fabrications
AQN,Algonquin Power & Utilities Corp. Common Shares,Utilities,Electric Utilities: Central
AQNB,Algonquin Power & Utilities Corp. 6.20% Fixed-to-Floating Subordinated Notes Series 2019-A due July 1 2079,Utilities,Electric Utilities: Central
AQST,Aquestive Therapeutics Inc. Common Stock,Health Care,Biotechnology: Pharmaceutical Preparations
AR,Antero Resources Corporation Common Stock,Energy,Oil & Gas Production
ARAI,Arrive AI Inc. Common Stock,Consumer Discretionary,Diversified Commercial Services
ARAY,Accuray Incorporated Common Stock,Health Care,Medical/Dental Instruments
ARBB,ARB IOT Group Limited Ordinary Shares,Technology,EDP Services
ARBE,Arbe Robotics Ltd. Ordinary Shares,Technology,EDP Services
ARBEW,Arbe Robotics Ltd. Warrant,Technology,EDP Services
ARBK,Argo Blockchain plc American Depositary Shares,Finance,Finance: Consumer Services
ARCB,ArcBest Corporation Common Stock,Industrials,Trucking Freight/Courier Services
ARCC,Ares Capital Corporation Common Stock,Finance,Finance: Consumer Services
ARCI,Archimedes Tech SPAC Partners III Co. Ordinary Share,,
ARCIW,Archimedes Tech SPAC Partners III Co. Warrant,,
ARCL,ARC Group Acquisition I Corp Class A Ordinary Shares,Finance,Blank Checks
ARCLU,ARC Group Acquisition I Corp Unit,Finance,Blank Checks
ARCLW,ARC Group Acquisition I Corp Warrants,Finance,Blank Checks
ARCO,Arcos Dorados Holdings Inc. Class A Shares,Consumer Discretionary,Restaurants
ARCT,Arcturus Therapeutics Holdings Inc. Common Stock,Health Care,Biotechnology: Pharmaceutical Preparations
ARDC,Ares Dynamic Credit Allocation Fund Inc. Common Shares,Finance,Investment Managers
ARDT,Ardent Health Inc. Common Stock,Health Care,Hospital/Nursing Management
ARDX,Ardelyx Inc. Common Stock,Health Care,Biotechnology: Pharmaceutical Preparations
ARE,Alexandria Real Estate Equities Inc. Common Stock,Real Estate,Real Estate Investment Trusts
AREC,American Resources Corporation Class A Common Stock,Energy,Coal Mining
ARES,Ares Management Corporation Class A Common Stock,Finance,Investment Managers
ARGX,argenx SE American Depositary Shares,Health Care,Biotechnology: Biological Products (No Diagnostic Substances)
ARHS,Arhaus Inc. Class A Common Stock,Consumer Discretionary,Other Specialty Stores
ARI,Apollo Commercial Real Estate Finance Inc,Real Estate,Real Estate Investment Trusts
ARIS,Aris Mining Corporation Common Shares,,
ARKO,ARKO Corp. Common Stock,Consumer Staples,Food Chains
ARKR,Ark Restaurants Corp. Common Stock,Consumer Discretionary,Restaurants
ARL,American Realty Investors Inc. Common Stock,Finance,Real Estate
ARLO,Arlo Technologies Inc. Common Stock,Consumer Discretionary,Diversified Commercial Services
ARLP,Alliance Resource Partners L.P. Common Units representing Limited Partners Interests,Energy,Coal Mining
ARM,Arm Holdings plc American Depositary Shares,Technology,Semiconductors
ARMK,Aramark Common Stock,Consumer Discretionary,Restaurants
ARMP,Armata Pharmaceuticals Inc. Common Stock,Health Care,Biotechnology: Biological Products (No Diagnostic Substances)
AROC,Archrock Inc. Common Stock,Utilities,Natural Gas Distribution
AROW,Arrow Financial Corporation Common Stock,Finance,Major Banks
ARQ,Arq Inc. Common Stock,Industrials,Major Chemicals
ARQQ,Arqit Quantum Inc. Ordinary Shares,Technology,Computer Software: Prepackaged Software
ARQT,Arcutis Biotherapeutics Inc. Common Stock,Health Care,Biotechnology: Pharmaceutical Preparations
ARR,ARMOUR Residential REIT Inc.,Real Estate,Real Estate Investment Trusts
ARRY,Array Technologies Inc. Common Stock,Technology,Semiconductors
ARTC,Art Technology Acquisition Corp. Class A Ordinary Shares,Finance,Blank Checks
ARTL,Artelo Biosciences Inc. Common Stock,Health Care,Biotechnology: Pharmaceutical Preparations
ARTNA,Artesian Resources Corporation Class A Common Stock,Utilities,Water Supply
ARTV,Artiva Biotherapeutics Inc. Common Stock,Health Care,Biotechnology: Biological Products (No Diagnostic Substances)
ARTW,Art's-Way Manufacturing Co. Inc. Common Stock,Industrials,Industrial Machinery/Components
ARVN,Arvinas Inc. Common Stock,Health Care,Biotechnology: Pharmaceutical Preparations
ARW,Arrow Electronics Inc. Common Stock,Technology,Electronic Components
ARWR,Arrowhead Pharmaceuticals Inc. Common Stock,Health Care,Biotechnology: Pharmaceutical Preparations
ARX,Accelerant Holdings Class A Common Shares,Finance,Specialty Insurers
ARXS,Arxis Inc. Class A Common Stock,Industrials,Military/Government/Technical
AS,Amer Sports Inc. Ordinary Shares,Consumer Discretionary,Apparel
ASA,ASA  Gold and Precious Metals Limited,Industrials,Precious Metals
ASAN,Asana Inc. Class A Common Stock,Technology,Computer Software: Prepackaged Software
ASB,Associated Banc-Corp Common Stock,Finance,Major Banks
ASBA,Associated Banc-Corp 6.625% Fixed-Rate Reset Subordinated Notes due 2033,Finance,Major Banks
ASBH,American Savings Bank N.A. Common Stock,,
ASBP,Aspire-Lakewood Holdings Inc. Common Stock,Health Care,Biotechnology: Pharmaceutical Preparations
ASBPW,Aspire-Lakewood Holdings Inc. Warrant,Health Care,Biotechnology: Pharmaceutical Preparations
ASC,Ardmore Shipping Corporation Common Stock,Consumer Discretionary,Marine Transportation
ASG,Liberty All-Star Growth Fund Inc.,Finance,Investment Managers
ASGI,abrdn Global Infrastructure Income Fund Common Shares of Beneficial Interest,Finance,Investment Managers
ASH,Ashland Inc. Common Stock,Consumer Discretionary,Specialty Chemicals
ASIC,Ategrity Specialty Insurance Company Holdings Common Stock,Finance,Property-Casualty Insurers
ASIX,AdvanSix Inc. Common Stock,Industrials,Major Chemicals
ASLE,AerSale Corporation Common Stock,Consumer Discretionary,Industrial Specialties
ASM,Avino Silver & Gold Mines Ltd. Common Shares (Canada),Basic Materials,Metal Mining
ASMB,Assembly Biosciences Inc. Common Stock,Health Care,Biotechnology: Pharmaceutical Preparations
ASML,ASML Holding N.V. New York Registry Shares,Technology,Industrial Machinery/Components
ASND,Ascendis Pharma A/S Ordinary Share,Health Care,Biotechnology: Pharmaceutical Preparations
ASO,Academy Sports and Outdoors Inc. Common Stock,Consumer Discretionary,Other Specialty Stores
ASPC,A SPAC III Acquisition Corp. Class A Ordinary Shares,Finance,Blank Checks
ASPCR,A SPAC III Acquisition Corp. Right,Finance,Blank Checks
ASPCU,A SPAC III Acquisition Corp. Unit,Finance,Blank Checks
ASPI,ASP Isotopes Inc. Common Stock,Industrials,Major Chemicals
ASPN,Aspen Aerogels Inc. Common Stock,Consumer Discretionary,RETAIL: Building Materials
ASPS,Altisource Portfolio Solutions S.A. Common Stock,Consumer Discretionary,Other Consumer Services
ASPSW,Altisource Portfolio Solutions S.A. Net Settle Stakeholder Warrants,Consumer Discretionary,Other Consumer Services
ASPSZ,Altisource Portfolio Solutions S.A. Cash Exercise Stakeholder Warrants,Consumer Discretionary,Other Consumer Services
ASR,Grupo Aeroportuario del Sureste S.A. de C.V. Common Stock,Consumer Discretionary,Aerospace
ASRV,AmeriServ Financial Inc. Common Stock,Finance,Major Banks
ASST,Strive Inc. Class A Common Stock,Finance,Finance: Consumer Services
ASTC,Astrotech Corporation (DE) Common Stock,Industrials,Biotechnology: Laboratory Analytical Instruments
ASTE,Astec Industries Inc. Common Stock,Industrials,Construction/Ag Equipment/Trucks
ASTH,Astrana Health Inc. Common Stock,Consumer Discretionary,Professional Services
ASTI,Ascent Solar Technologies Inc. Common Stock,Technology,Semiconductors
ASTL,Algoma Steel Group Inc. Common Shares,Industrials,Steel/Iron Ore
ASTLW,Algoma Steel Group Inc. Warrant,Industrials,Steel/Iron Ore
ASTS,AST SpaceMobile Inc. Class A Common Stock,Consumer Discretionary,Telecommunications Equipment
ASUR,Asure Software Inc Common Stock,Technology,EDP Services
ASX,ASE Technology Holding Co. Ltd. American Depositary Shares (each representing Two Common Shares),Technology,Semiconductors
ASYS,Amtech Systems Inc. Common Stock,Technology,Industrial Machinery/Components
ATAT,Atour Lifestyle Holdings Limited American Depositary Shares,Consumer Discretionary,Hotels/Resorts
ATCH,AtlasClear Holdings Inc. Common Stock,Finance,Finance: Consumer Services
ATCX,Atlas Critical Minerals Corporation Common Stock,Basic Materials,Precious Metals
ATEC,Alphatec Holdings Inc. Common Stock,Health Care,Medical/Dental Instruments
ATEN,A10 Networks Inc. Common Stock,Telecommunications,Computer Communications Equipment
ATER,Aterian Inc. Common Stock,Consumer Discretionary,Home Furnishings
ATEX,Anterix Inc. Common Stock,Telecommunications,Telecommunications Equipment
ATGL,Alpha Technology Group Limited Class A Ordinary Shares,Technology,EDP Services
ATHE,Alterity Therapeutics Limited American Depositary Shares,Health Care,Biotechnology: Pharmaceutical Preparations
ATHM,Autohome Inc. American Depositary Shares each representing four class A ordinary shares.,Technology,EDP Services
ATHR,Aether Holdings Inc. Common Stock,Technology,Computer Software: Prepackaged Software
ATHS,Athene Holding Ltd. 7.250% Fixed-Rate Reset Junior Subordinated Debentures due 2064,Finance,Life Insurance
ATI,ATI Inc. Common Stock,Industrials,Steel/Iron Ore
ATII,Archimedes Tech SPAC Partners II Co. Ordinary Shares,,
ATIIU,Archimedes Tech SPAC Partners II Co. Unit,Finance,Blank Checks
ATIIW,Archimedes Tech SPAC Partners II Co. Warrant,Finance,Blank Checks
ATKR,Atkore Inc. Common Stock,Miscellaneous,Industrial Machinery/Components
ATLC,Atlanticus Holdings Corporation Common Stock,Finance,Finance: Consumer Services
ATLCL,Atlanticus Holdings Corporation 6.125% Senior Notes due 2026,Finance,Finance: Consumer Services
ATLCP,Atlanticus Holdings Corporation 7.625% Series B Cumulative Perpetual Preferred Stock no par value per share,Finance,Finance: Consumer Services
ATLCZ,Atlanticus Holdings Corporation 9.25% Senior Notes due 2029,Finance,Finance: Consumer Services
ATLO,Ames National Corporation Common Stock,Finance,Major Banks
ATLQ,JAB Acquisition Corp I Class A Ordinary Shares,Finance,Blank Checks
ATLQR,JAB Acquisition Corp I Rights,Finance,Blank Checks
ATLQU,JAB Acquisition Corp I Unit,Finance,Blank Checks
ATLQW,JAB Acquisition Corp I Warrants,Finance,Blank Checks
ATLX,Atlas Lithium Corporation Common Stock,Industrials,Mining & Quarrying of Nonmetallic Minerals (No Fuels)
ATMU,Atmus Filtration Technologies Inc. Common Stock,Consumer Discretionary,Auto Parts:O.E.M.
ATNI,ATN International Inc. Common Stock,Telecommunications,Telecommunications Equipment
ATNM,Actinium Pharmaceuticals Inc. (Delaware) Common Stock,Health Care,Biotechnology: Pharmaceutical Preparations
ATO,Atmos Energy Corporation Common Stock,Utilities,Oil/Gas Transmission
ATOM,Atomera Incorporated Common Stock,Technology,Semiconductors
ATOS,Atossa Therapeutics Inc. Common Stock,Health Care,Biotechnology: Pharmaceutical Preparations
ATPC,Agape ATP Corporation Common Stock,Health Care,Medical/Nursing Services
ATR,AptarGroup Inc. Common Stock,Industrials,Plastic Products
ATRA,Atara Biotherapeutics Inc. Common Stock,Health Care,Biotechnology: Biological Products (No Diagnostic Substances)
ATRC,AtriCure Inc. Common Stock,Health Care,Medical/Dental Instruments
ATRO,Astronics Corporation Common Stock,Industrials,Military/Government/Technical
ATS,ATS Corporation Common Shares,Industrials,Industrial Machinery/Components
ATTO,Attovia Therapeutics Inc. Common Stock,Health Care,Biotechnology: Biological Products (No Diagnostic Substances)
ATTT,Atlas Trinity Tech Limited Ordinary Shares,Consumer Discretionary,Consumer Electronics/Appliances
ATXG,Addentax Group Corp. Common Stock,Consumer Discretionary,Professional Services
ATYR,aTyr Pharma Inc. Common Stock,Health Care,Biotechnology: Biological Products (No Diagnostic Substances)
AU,AngloGold Ashanti PLC Ordinary Shares,Basic Materials,Precious Metals
AUB,Atlantic Union Bankshares Corporation Common Stock,Finance,Major Banks
AUBN,Auburn National Bancorporation Inc. Common Stock,Finance,Major Banks
AUC,ATIF Holdings Limited Ordinary Shares,Consumer Discretionary,Professional Services
AUDC,AudioCodes Ltd. Common Stock,Utilities,Telecommunications Equipment
AUGO,Aura Minerals Inc. Common Shares,Basic Materials,Metal Mining
AUID,authID Inc. Common Stock,Technology,Computer Software: Prepackaged Software
AUNA,Auna SA Class A Ordinary Shares,Health Care,Medical/Nursing Services
AUPH,Aurinia Pharmaceuticals Inc Ordinary Shares,Health Care,Biotechnology: Pharmaceutical Preparations
AUR,Aurora Innovation Inc. Class A Common Stock,Technology,EDP Services
AURA,Aura Biosciences Inc. Common Stock,Health Care,Biotechnology: Biological Products (No Diagnostic Substances)
AURE,Aurelion Inc. Class A Ordinary Shares,Finance,Finance: Consumer Services
AUROW,Aurora Innovation Inc. Warrant,Technology,EDP Services
AUST,Austin Gold Corp. Common Shares,Basic Materials,Precious Metals
AUTL,Autolus Therapeutics plc American Depositary Share,Health Care,Biotechnology: Biological Products (No Diagnostic Substances)
AUUD,Auddia Inc. Common Stock,Technology,EDP Services
AUXX,Gold X2 Mining Inc. Common Shares,,
AVA,Avista Corporation Common Stock,Utilities,Power Generation
AVAH,Aveanna Healthcare Holdings Inc. Common Stock,Health Care,Medical/Nursing Services
AVAL,Grupo Aval Acciones y Valores S.A. ADR (Each representing 20 preferred shares),Finance,Commercial Banks
AVAT,Avalanche Treasury Corporation Class A Common Stock,Finance,Finance: Consumer Services
AVAV,AeroVironment Inc. Common Stock,Industrials,Aerospace
AVBC,Avidia Bancorp Inc. Common Stock,Finance,Banks
AVBH,Avidbank Holdings Inc. Common stock,Finance,Commercial Banks
AVBP,ArriVent BioPharma Inc. Common Stock,Health Care,Biotechnology: Pharmaceutical Preparations
AVD,American Vanguard Corporation Common Stock ($0.10 Par Value),Industrials,Agricultural Chemicals
AVEX,AEVEX Corp. Class A Common Stock,Industrials,Aerospace
AVGO,Broadcom Inc. Common Stock,Technology,Semiconductors
AVIR,Atea Pharmaceuticals Inc. Common Stock,Health Care,Biotechnology: Pharmaceutical Preparations
AVK,Advent Convertible and Income Fund,Finance,Trusts Except Educational Religious and Charitable
AVLN,Avalyn Pharma Inc. Common Stock,Health Care,Biotechnology: Pharmaceutical Preparations
AVNT,Avient Corporation Common Stock,Industrials,Major Chemicals
AVNW,Aviat Networks Inc. Common Stock,Technology,Radio And Television Broadcasting And Communications Equipment
AVO,Mission Produce Inc. Common Stock,Consumer Staples,Farming/Seeds/Milling
AVPT,AvePoint Inc. Class A Common Stock,Technology,Computer Software: Prepackaged Software
AVR,Anteris Technologies Global Corp. Common Stock,Health Care,Industrial Specialties
AVT,Avnet Inc. Common Stock,Technology,Electronic Components
AVTR,Avantor Inc. Common Stock,Industrials,Biotechnology: Laboratory Analytical Instruments
AVTX,Avalo Therapeutics Inc. Common Stock,Health Care,Biotechnology: Pharmaceutical Preparations
AVX,Avax One Technology Ltd. Common Shares,Finance,Finance: Consumer Services
AVXL,Anavex Life Sciences Corp. Common Stock,Health Care,Biotechnology: Biological Products (No Diagnostic Substances)
AVY,Avery Dennison Corporation Common Stock,Consumer Discretionary,Containers/Packaging
AWF,Alliancebernstein Global High Income Fund,Finance,Trusts Except Educational Religious and Charitable
AWI,Armstrong World Industries Inc Common Stock,Industrials,Plastic Products
AWK,American Water Works Company Inc. Common Stock,Utilities,Water Supply
AWP,abrdn Global Premier Properties Fund Common Shares of Beneficial Interest,Finance,Trusts Except Educational Religious and Charitable
AWR,American States Water Company Common Stock,Utilities,Water Supply
AWRE,Aware Inc. Common Stock,Technology,Computer Software: Prepackaged Software
AWX,Avalon Holdings Corporation Common Stock,Utilities,Environmental Services
AX,Axos Financial Inc. Common Stock,Finance,Savings Institutions
AXG,Solowin Holdings Class A Ordinary Share,Finance,Investment Bankers/Brokers/Service
AXGN,Axogen Inc. Common Stock,Health Care,Biotechnology: Electromedical & Electrotherapeutic Apparatus
AXIL,AXIL Brands Inc. Common Stock,Consumer Discretionary,Package Goods/Cosmetics
AXIN,Axiom Intelligence Acquisition Corp 1 Class A Ordinary Shares,Finance,Blank Checks
AXINR,Axiom Intelligence Acquisition Corp 1 Right,Finance,Blank Checks
AXINU,Axiom Intelligence Acquisition Corp 1 Units,Finance,Blank Checks
AXON,Axon Enterprise Inc. Common Stock,Industrials,Ordnance And Accessories
AXP,American Express Company Common Stock,Finance,Finance: Consumer Services
AXR,AMREP Corporation Common Stock,Real Estate,Homebuilding
AXS,Axis Capital Holdings Limited Common Stock,Finance,Property-Casualty Insurers
AXSM,Axsome Therapeutics Inc. Common Stock,Health Care,Biotechnology: Pharmaceutical Preparations
AXTA,Axalta Coating Systems Ltd. Common Shares,Consumer Discretionary,Paints/Coatings
AXTI,AXT Inc Common Stock,Technology,Semiconductors
AYA,Aya Gold & Silver Inc. Common Shares,Basic Materials,Precious Metals
AYI,Acuity Inc. Common Stock,Consumer Discretionary,Building Products
AYTU,Aytu BioPharma Inc.  Common Stock,Health Care,Biotechnology: Pharmaceutical Preparations
AZ,A2Z Cust2Mate Solutions Corp. Common Shares,Industrials,Industrial Machinery/Components
AZI,Autozi Internet Technology (Global) Ltd. Class A Ordinary Shares,Consumer Discretionary,Automotive Aftermarket
AZIO,Azio AI Holdings Inc. Common Stock,Consumer Discretionary,Auto Parts:O.E.M.
AZN,AstraZeneca PLC Ordinary Shares,Health Care,Biotechnology: Pharmaceutical Preparations
AZO,AutoZone Inc. Common Stock,Consumer Discretionary,Auto & Home Supply Stores
AZTA,Azenta Inc.,Technology,Industrial Machinery/Components
AZTR,Azitra Inc Common Stock,Health Care,Biotechnology: Pharmaceutical Preparations
AZUL,Azul S.A. American Depositary Shares each representing two (2) Common Shares,Consumer Discretionary,Air Freight/Delivery Services
AZZ,AZZ Inc.,Industrials,Industrial Specialties
B,Barrick Mining Corporation Common Shares,Basic Materials,Precious Metals
BA,Boeing Company (The) Common Stock,Industrials,Aerospace
BABA,Alibaba Group Holding Limited American Depositary Shares each representing eight Ordinary share,Consumer Discretionary,Business Services
BAC,Bank of America Corporation Common Stock,Finance,Major Banks
BACC,Blue Acquisition Corp. Class A Ordinary Shares,Finance,Blank Checks
BACCR,Blue Acquisition Corp. Right,Finance,Blank Checks
BACCU,Blue Acquisition Corp. Unit,Finance,Blank Checks
BAER,Bridger Aerospace Group Holdings Inc. Common Stock,Industrials,Aerospace
BAERW,Bridger Aerospace Group Holdings Inc. Warrant,Industrials,Aerospace
BAFN,BayFirst Financial Corp. Common Stock,Finance,Major Banks
BAH,Booz Allen Hamilton Holding Corporation Common Stock,Consumer Discretionary,Professional Services
BAK,Braskem SA ADR,Industrials,Major Chemicals
BALL,Ball Corporation Common Stock,Industrials,Containers/Packaging
BALY,Bally's Corporation Common Stock,Consumer Discretionary,Hotels/Resorts
BAM,Brookfield Asset Management Inc Class A Limited Voting Shares,Real Estate,Building operators
BANC,Banc of California Inc. Common Stock,Finance,Major Banks
BAND,Bandwidth Inc. Class A Common Stock,Technology,Computer Software: Prepackaged Software
BANF,BancFirst Corporation Common Stock,Finance,Major Banks
BANFP,BancFirst Corporation - BFC Capital Trust II Cumulative Trust Preferred Securities,Finance,Major Banks
BANL,CBL International Limited Class B Ordinary Shares,Energy,Oil Refining/Marketing
BANR,Banner Corporation Common Stock,Finance,Major Banks
BANX,ArrowMark Financial Corp. Common Stock,Finance,Trusts Except Educational Religious and Charitable
BAOS,Baosheng Media Group Holdings Limited Ordinary shares,Consumer Discretionary,Business Services
BAP,Credicorp Ltd. Common Stock,Finance,Commercial Banks
BARK,BARK Inc. Class A Common Stock,Consumer Discretionary,Other Specialty Stores
BATL,Battalion Oil Corporation Common Stock,Energy,Oil & Gas Production
BATRA,Atlanta Braves Holdings Inc. Series A Common Stock,Consumer Discretionary,Services-Misc. Amusement & Recreation
BATRK,Atlanta Braves Holdings Inc. Series C Common Stock,Consumer Discretionary,Services-Misc. Amusement & Recreation
BAX,Baxter International Inc. Common Stock,Health Care,Medical/Dental Instruments
BB,BlackBerry Limited Common Stock,Technology,Computer Software: Prepackaged Software
BBAI,BigBear.ai Inc. Common Stock,Technology,Computer Software: Prepackaged Software
BBAR,Banco BBVA Argentina S.A. ADS,Finance,Commercial Banks
BBBYW,Neighborhood Intelligence Inc. Warrants,Consumer Discretionary,Catalog/Specialty Distribution
BBCP,Concrete Pumping Holdings Inc. Common Stock,Consumer Discretionary,Engineering & Construction
BBD,Banco Bradesco Sa American Depositary Shares,Finance,Major Banks
BBDC,Barings BDC Inc. Common Stock,Finance,Diversified Financial Services
BBDO,Banco Bradesco Sa American Depositary Shares (each representing one Common Share),Finance,Major Banks
BBGI,Beasley Broadcast Group Inc. Class A Common Stock,Consumer Discretionary,Broadcasting
BBIO,BridgeBio Pharma Inc. Common Stock,Health Care,Biotechnology: Pharmaceutical Preparations
BBLG,Bone Biologics Corp Common Stock,Health Care,Industrial Specialties
BBLGW,Bone Biologics Corp Warrants,Health Care,Industrial Specialties
BBN,BlackRock Taxable Municipal Bond Trust Common Shares of Beneficial Interest,Finance,Finance Companies
BBNX,Beta Bionics Inc. Common Stock,Health Care,Medical/Dental Instruments
BBOT,BridgeBio Oncology Therapeutics Inc. Common Stock,Health Care,Biotechnology: Pharmaceutical Preparations
BBSI,Barrett Business Services Inc. Common Stock,Consumer Discretionary,Professional Services
BBT,Beacon Financial Corporation Common stock,Finance,Banks
BBUC,Brookfield Business Corporation Class A Subordinate Voting Shares,Consumer Discretionary,Engineering & Construction
BBVA,Banco Bilbao Vizcaya Argentaria S.A. Common Stock,Finance,Commercial Banks
BBW,Build-A-Bear Workshop Inc. Common Stock,Consumer Discretionary,Recreational Games/Products/Toys
BBWI,Bath & Body Works Inc.,Consumer Discretionary,Other Specialty Stores
BBY,Best Buy Co. Inc. Common Stock,Consumer Discretionary,Consumer Electronics/Video Chains
BC,Brunswick Corporation Common Stock,Industrials,Industrial Machinery/Components
BCAL,California BanCorp Common Stock,Finance,Major Banks
BCAT,BlackRock Capital Allocation Term Trust Common Shares of Beneficial Interest,Finance,Finance/Investors Services
BCAX,Bicara Therapeutics Inc. Common Stock,Health Care,Biotechnology: Pharmaceutical Preparations
BCBP,BCB Bancorp Inc. (NJ) Common Stock,Finance,Savings Institutions
BCC,Boise Cascade L.L.C. Common Stock,Consumer Discretionary,RETAIL: Building Materials
BCCQ,Bleichroeder Acquisition Corp. III Class A Ordinary Shares,Finance,Blank Checks
BCCQU,Bleichroeder Acquisition Corp. III Units,Finance,Blank Checks
BCCQW,Bleichroeder Acquisition Corp. III Warrant,Finance,Blank Checks
BCDA,BioCardia Inc. Common Stock,Health Care,Biotechnology: Biological Products (No Diagnostic Substances)
BCE,BCE Inc. Common Stock,Telecommunications,Telecommunications Equipment
BCG,Binah Capital Group Inc. Common Stock,Finance,Finance: Consumer Services
BCH,Banco De Chile ADS,Finance,Commercial Banks
BCHT,Birchtech Corp. Common Stock,Industrials,Industrial Machinery/Components
BCIC,BCP Investment Corporation Common Stock,Finance,Finance: Consumer Services
BCML,BayCom Corp Common Stock,Finance,Major Banks
BCO,Brinks Company (The) Common Stock,Industrials,Integrated Freight & Logistics
BCPC,Balchem Corporation Common Stock,Industrials,Major Chemicals
BCRX,BioCryst Pharmaceuticals Inc. Common Stock,Health Care,Biotechnology: Biological Products (No Diagnostic Substances)
BCS,Barclays PLC Common Stock,Finance,Commercial Banks
BCSF,Bain Capital Specialty Finance Inc. Common Stock,Finance,Finance/Investors Services
BCSS,Bain Capital GSS Investment Corp. Class A Ordinary Shares,,
BCTX,BriaCell Therapeutics Corp. Common Shares,Health Care,Biotechnology: Pharmaceutical Preparations
BCTXL,BriaCell Therapeutics Corp. Warrant expiring 2031,Health Care,Biotechnology: Pharmaceutical Preparations
BCTXZ,BriaCell Therapeutics Corp. Warrant expiring 2030,Health Care,Biotechnology: Pharmaceutical Preparations
BCV,Bancroft Fund Ltd.,Finance,Finance/Investors Services
BCX,BlackRock Resources Common Shares of Beneficial Interest,Finance,Finance/Investors Services
BCYC,Bicycle Therapeutics plc American Depositary Shares,Health Care,Biotechnology: Pharmaceutical Preparations
BDC,Belden Inc Common Stock,Industrials,Telecommunications Equipment
BDCI,BTC Development Corp. Class A Ordinary Shares,Finance,Blank Checks
BDJ,Blackrock Enhanced Equity Dividend Trust,Finance,Finance Companies
BDL,Flanigan's Enterprises Inc. Common Stock,Consumer Discretionary,Restaurants
BDMD,Baird Medical Investment Holdings Ltd Ordinary Share,Health Care,Medical/Dental Instruments
BDN,Brandywine Realty Trust Common Stock,Real Estate,Real Estate Investment Trusts
BDRX,Biodexa Pharmaceuticals plc American Depositary Shs,Health Care,Biotechnology: Pharmaceutical Preparations
BDSX,Biodesix Inc. Common Stock,Health Care,Medical Specialities
BDTX,Black Diamond Therapeutics Inc. Common Stock,Health Care,Biotechnology: Biological Products (No Diagnostic Substances)
BDX,Becton Dickinson and Company Common Stock,Health Care,Medical/Dental Instruments
BE,Bloom Energy Corporation Class A Common Stock,Energy,Industrial Machinery/Components
BEAG,Bold Eagle Acquisition Corp. Class A Ordinary Shares,,
BEAGR,Bold Eagle Acquisition Corp. Right,,
BEAM,Beam Therapeutics Inc. Common Stock,Health Care,Biotechnology: Biological Products (No Diagnostic Substances)
BEAT,Heartbeam Inc. Common Stock,Health Care,Medical/Dental Instruments
BEATW,Heartbeam Inc. Warrant,Health Care,Medical/Dental Instruments
BEBE,TGE Value Creative Solutions Corp Class A Ordinary Shares,Consumer Discretionary,Diversified Commercial Services
BEEM,Beam Global Common Stock,Miscellaneous,Industrial Machinery/Components
BEEP,Mobile Infrastructure Corporation Common Stock,Finance,Real Estate
BEKE,KE Holdings Inc American Depositary Shares (each representing three Class A Ordinary Shares),Finance,Real Estate
BELFA,Bel Fuse Inc. Class A Common Stock,,
BELFB,Bel Fuse Inc. Class B Common Stock,,
BEN,Franklin Templeton Inc. Common Stock,Finance,Investment Managers
BENF,Beneficient Class A Common Stock,Finance,Finance: Consumer Services
BENFW,Beneficient Warrant,Finance,Finance: Consumer Services
BEP,Brookfield Renewable Partners L.P. Limited Partnership Units,Utilities,Electric Utilities: Central
BEPC,Brookfield Renewable Corporation Brookfield Renewable Corporation Class A Subordinate Voting Shares,Utilities,Electric Utilities: Central
BEPH,Brookfield BRP Holdings (Canada) Inc. 4.625% Perpetual Subordinated Notes,Utilities,Electric Utilities: Central
BEPI,Brookfield BRP Holdings (Canada) Inc. 4.875% Perpetual Subordinated Notes,Utilities,Electric Utilities: Central
BEPJ,Brookfield BRP Holdings (Canada) Inc. 7.250% Perpetual Subordinated Notes,Utilities,Electric Utilities: Central
BESS,Bimergen Energy Corporation Common Stock,Utilities,Electric Utilities: Central
BETA,Beta Technologies Inc. Class A Common Stock,Industrials,Aerospace
BETR,Better Home & Finance Holding Company Class A Common Stock,Finance,Finance: Consumer Services
BETRW,Better Home & Finance Holding Company Warrant,Finance,Finance: Consumer Services
BF-A,Brown Forman Corporation,,
BF-B,Brown Forman Corporation,,
BFAM,Bright Horizons Family Solutions Inc. Common Stock,Consumer Discretionary,Other Consumer Services
BFC,Bank First Corporation Common Stock,Finance,Major Banks
BFH,Bread Financial Holdings Inc. Common Stock,Consumer Discretionary,Business Services
BFLY,Butterfly Network Inc. Class A Common Stock,Health Care,Medical Electronics
BFRG,Bullfrog AI Holdings Inc. Common Stock,Health Care,Biotechnology: Pharmaceutical Preparations
BFRGW,Bullfrog AI Holdings Inc. Warrants,Health Care,Biotechnology: Pharmaceutical Preparations
BFRI,Biofrontera Inc. Common Stock,Health Care,Biotechnology: Pharmaceutical Preparations
BFRIW,Biofrontera Inc. Warrants,Health Care,Biotechnology: Pharmaceutical Preparations
BFS,Saul Centers Inc. Common Stock,Real Estate,Real Estate Investment Trusts
BFST,Business First Bancshares Inc. Common Stock,Finance,Major Banks
BG,Bunge Limited Common Shares,Consumer Staples,Packaged Foods
BGB,Blackstone Strategic Credit 2027 Term Fund Common Shares of Beneficial Interest,Finance,Trusts Except Educational Religious and Charitable
BGC,BGC Group Inc. Class A Common Stock,Finance,Investment Bankers/Brokers/Service
BGDE,Big Digital Energy Inc. Common Stock,Finance,Finance: Consumer Services
BGH,Barings Global Short Duration High Yield Fund Common Shares of Beneficial Interests,Finance,Investment Managers
BGIN,Bgin Blockchain Limited Class A Ordinary Shares,Finance,Finance: Consumer Services
BGL,Blue Gold Limited Class A Ordinary Shares,Basic Materials,Metal Mining
BGLC,BioNexus Gene Lab Corp Common stock,Health Care,Medical Specialities
BGLWW,Blue Gold Limited Warrant,Basic Materials,Metal Mining
BGM,BGM Group Ltd. Class A Ordinary Shares,Health Care,Biotechnology: Pharmaceutical Preparations
BGMS,Bio Green Med Solution Inc. Common Stock,Health Care,Biotechnology: Pharmaceutical Preparations
BGR,BlackRock Energy and Resources Trust,Finance,Trusts Except Educational Religious and Charitable
BGS,B&G Foods Inc. Common Stock,Consumer Staples,Packaged Foods
BGSF,BGSF Inc. Common Stock,Consumer Discretionary,Professional Services
BGSI,Boyd Group Services Inc. Common Shares,,
BGT,BlackRock Floating Rate Income Trust,Finance,Trusts Except Educational Religious and Charitable
BGX,Blackstone Long Short Credit Income Fund Common Shares,Finance,Trusts Except Educational Religious and Charitable
BGY,Blackrock Enhanced International Dividend Trust,Finance,Trusts Except Educational Religious and Charitable
BH,Biglari Holdings Inc. Class B Common Stock,Consumer Discretionary,Restaurants
BHAV,BHAV Acquisition Corp Class A Ordinary Shares,Finance,Blank Checks
BHAVU,BHAV Acquisition Corp Units,Finance,Blank Checks
BHB,Bar Harbor Bankshares Inc. Common Stock,Finance,Major Banks
BHC,Bausch Health Companies Inc. Common Stock,Health Care,Biotechnology: Pharmaceutical Preparations
BHE,Benchmark Electronics Inc. Common Stock,Technology,Electrical Products
BHF,Brighthouse Financial Inc. Common Stock,Finance,Life Insurance
BHFAL,Brighthouse Financial Inc. 6.25% Junior Subordinated Debentures due 2058,Finance,Life Insurance
BHFAM,Brighthouse Financial Inc. Depositary shares each representing a 1/1000th Interest in a Share of 4.625% Non-Cumulative Preferred Stock Series D,Finance,Life Insurance
BHFAN,Brighthouse Financial Inc. Depositary shares each representing a 1/1000th interest in a share of 5.375% Non-Cumulative Preferred Stock Series C,Finance,Life Insurance
BHFAO,Brighthouse Financial Inc. Depositary Shares 6.75% Non-Cumulative Preferred Stock Series B,Finance,Life Insurance
BHFAP,Brighthouse Financial Inc. Depositary Shares 6.6% Non-Cumulative Preferred Stock Series A,Finance,Life Insurance
BHK,Blackrock Core Bond Trust,Finance,Finance Companies
BHM,Bluerock Homes Trust Inc. Class A Common Stock,Real Estate,Real Estate Investment Trusts
BHP,BHP Group Limited American Depositary Shares (Each representing two Ordinary Shares),Energy,Coal Mining
BHR,Braemar Hotels & Resorts Inc. Common Stock,Real Estate,Real Estate Investment Trusts
BHRB,Burke & Herbert Financial Services Corp. Common Stock,Finance,Major Banks
BHST,BioHarvest Sciences Inc. Common Stock,,
BHV,BlackRock Virginia Municipal Bond Trust,Finance,Finance/Investors Services
BHVN,Biohaven Ltd. Common Shares,Health Care,Biotechnology: Pharmaceutical Preparations
BIAF,bioAffinity Technologies Inc. Common Stock,Health Care,Biotechnology: Commercial Physical & Biological Resarch
BIAFW,bioAffinity Technologies Inc. Warrant,Health Care,Biotechnology: Commercial Physical & Biological Resarch
BID,Tribeca Strategic Acquisition Corp. Class A Ordinary Shares,Finance,Blank Checks
BIDU,Baidu Inc. ADS,Technology,Computer Software: Programming Data Processing
BIDWR,Tribeca Strategic Acquisition Corp. Rights,Finance,Blank Checks
BIDWU,Tribeca Strategic Acquisition Corp. Unit,Finance,Blank Checks
BIIB,Biogen Inc. Common Stock,Health Care,Biotechnology: Biological Products (No Diagnostic Substances)
BIII,Black Spade Acquisition III Co Class A Ordinary Shares,Finance,Blank Checks
BILI,Bilibili Inc. American Depositary Shares,Technology,EDP Services
BILL,BILL Holdings Inc. Common Stock,Technology,Computer Software: Prepackaged Software
BIO,Bio-Rad Laboratories Inc. Class A Common Stock,Industrials,Biotechnology: Laboratory Analytical Instruments
BIO-B,Bio-Rad Laboratories Inc.,,
BIOA,BioAge Labs Inc. Common Stock,Health Care,Biotechnology: Pharmaceutical Preparations
BIOT,Instinct Bio Technical Company Holdings Inc. Ordinary Shares,Consumer Discretionary,Package Goods/Cosmetics
BIOTW,Instinct Bio Technical Company Holdings Inc. Warrants,Consumer Discretionary,Package Goods/Cosmetics
BIOX,Bioceres Crop Solutions Corp. Ordinary Shares,Industrials,Agricultural Chemicals
BIP,Brookfield Infrastructure Partners LP Limited Partnership Units,Consumer Discretionary,Marine Transportation
BIPC,Brookfield Infrastructure Corporation Brookfield Infrastructure Corporation,Consumer Discretionary,Marine Transportation
BIPH,Brookfield Infrastructure Corporation 5.000% Subordinated Notes due 2081,Consumer Discretionary,Marine Transportation
BIPI,BIP Bermuda Holdings I Limited 5.125% Perpetual Subordinated Notes,Consumer Discretionary,Marine Transportation
BIPJ,Brookfield Infrastructure Corporation 7.250% Subordinated Notes due 2084,Consumer Discretionary,Marine Transportation
BIRD,Smartbird Inc. Class A Common Stock,Consumer Discretionary,Apparel
BIRK,Birkenstock Holding plc Ordinary Shares,Consumer Discretionary,Shoe Manufacturing
BIT,BlackRock Multi-Sector Income Trust Common Shares of Beneficial Interest,Finance,Trusts Except Educational Religious and Charitable
BIVI,BioVie Inc. Class A Common Stock,Health Care,Biotechnology: Pharmaceutical Preparations
BIVIW,BioVie Inc. Warrant,Health Care,Biotechnology: Pharmaceutical Preparations
BIXI,Bitcoin Infrastructure Acquisition Corp Ltd. Class A Ordinary Shares,,
BIXIW,Bitcoin Infrastructure Acquisition Corp Ltd. Warrant,,
BIYA,Baiya International Group Inc Class A Ordinary Shares,Consumer Discretionary,Diversified Commercial Services
BJ,BJ's Wholesale Club Holdings Inc. Common Stock,Consumer Discretionary,Department/Specialty Retail Stores
BJDX,Bluejay Diagnostics Inc. Common Stock,Health Care,Medical/Dental Instruments
BJRI,BJ's Restaurants Inc. Common Stock,Consumer Discretionary,Restaurants
BKD,Brookdale Senior Living Inc. Common Stock,Health Care,Hospital/Nursing Management
BKE,Buckle Inc. (The) Common Stock,Consumer Discretionary,Clothing/Shoe/Accessory Stores
BKH,Black Hills Corporation Common Stock,Utilities,Electric Utilities: Central
BKHA,Black Hawk Acquisition Corporation Class A Ordinary Shares,Health Care,Biotechnology: Biological Products (No Diagnostic Substances)
BKHAR,Black Hawk Acquisition Corporation Rights,Health Care,Biotechnology: Biological Products (No Diagnostic Substances)
BKHAU,Black Hawk Acquisition Corporation Units,,
BKKT,Bakkt Inc. Class A Common Stock,Finance,Finance: Consumer Services
BKNG,Booking Holdings Inc. Common Stock,Consumer Discretionary,Transportation Services
BKR,Baker Hughes Company Class A Common Stock,Consumer Discretionary,Oil and Gas Field Machinery
BKSY,BlackSky Technology Inc. Class A Common Stock,Technology,Radio And Television Broadcasting And Communications Equipment
BKT,BlackRock Income Trust Inc. (The),Finance,Investment Bankers/Brokers/Service
BKTI,BK Technologies Corporation Common Stock,Technology,Radio And Television Broadcasting And Communications Equipment
BKU,BankUnited Inc. Common Stock,Finance,Savings Institutions
BKV,BKV Corporation Common Stock,Energy,Oil & Gas Production
BKYI,BIO-key International Inc. Common Stock,Technology,Computer Software: Prepackaged Software
BL,BlackLine Inc. Common Stock,Technology,Computer Software: Prepackaged Software
BLBD,Blue Bird Corporation Common Stock,Consumer Discretionary,Construction/Ag Equipment/Trucks
BLCO,Bausch + Lomb Corporation Common Shares,Health Care,Ophthalmic Goods
BLDP,Ballard Power Systems Inc. Common Shares,Energy,Industrial Machinery/Components
BLDR,Builders FirstSource Inc. Common Stock,Consumer Discretionary,RETAIL: Building Materials
BLFS,BioLife Solutions Inc. Common Stock,Health Care,Biotechnology: Electromedical & Electrotherapeutic Apparatus
BLIN,Bridgeline Digital Inc. Common Stock,Technology,Computer Software: Prepackaged Software
BLIV,BeLive Holdings Ordinary Share,Technology,EDP Services
BLK,BlackRock Inc. Common Stock,Finance,Investment Bankers/Brokers/Service
BLKB,Blackbaud Inc. Common Stock,Technology,Computer Software: Prepackaged Software
BLLN,BillionToOne Inc. Class A Common Stock,Health Care,Medical Specialities
BLMN,Bloomin' Brands Inc. Common Stock,Consumer Discretionary,Restaurants
BLND,Blend Labs Inc. Class A Common Stock,Technology,Computer Software: Programming Data Processing
BLNE,Beeline Holdings Inc. Common Stock,Finance,Finance: Consumer Services
BLNK,Blink Charging Co. Common Stock,Miscellaneous,Industrial Machinery/Components
BLRK,Bluerock Acquisition Corp. Class A Ordinary Shares,,
BLRKU,Bluerock Acquisition Corp. Unit,,
BLRKW,Bluerock Acquisition Corp. Warrants,,
BLRX,BioLineRx Ltd. American Depositary Shares,Health Care,Biotechnology: Pharmaceutical Preparations
BLSH,Bullish Ordinary Shares,Finance,Finance: Consumer Services
BLSM,BlossomHill Therapeutics Inc. Common Stock,Health Care,Biotechnology: Pharmaceutical Preparations
BLTE,Belite Bio Inc American Depositary Shares,Health Care,Biotechnology: Pharmaceutical Preparations
BLUW,Blue Water Acquisition Corp. III Class A Ordinary Shares,,
BLUWU,Blue Water Acquisition Corp. III Unit.,Health Care,Biotechnology: Biological Products (No Diagnostic Substances)
BLW,Blackrock Limited Duration Income Trust,Consumer Discretionary,Other Consumer Services
BLX,Bladex Inc. Class E Common Stock,Finance,Commercial Banks
BLZE,Backblaze Inc. Class A Common Stock,Technology,Computer Software: Prepackaged Software
BLZR,Trailblazer Acquisition Corp. Class A Ordinary Shares,Finance,Blank Checks
BLZRU,Trailblazer Acquisition Corp. Unit,,
BLZRW,Trailblazer Acquisition Corp. Warrant,Finance,Blank Checks
BMA,Banco Macro S.A.  ADR (representing Ten Class B Common Shares),Finance,Commercial Banks
BMBL,Bumble Inc. Class A Common Stock,Technology,Computer Software: Programming Data Processing
BME,Blackrock Health Sciences Trust,Finance,Trusts Except Educational Religious and Charitable
BMEA,Biomea Fusion Inc. Common Stock,Health Care,Biotechnology: Pharmaceutical Preparations
BMEZ,BlackRock Health Sciences Term Trust Common Shares of Beneficial Interest,Finance,Trusts Except Educational Religious and Charitable
BMGL,Basel Medical Group Ltd Ordinary Shares,Health Care,Medical/Nursing Services
BMHL,Bluemount Holdings Limited Class B Ordinary Shares,Finance,Finance: Consumer Services
BMI,Badger Meter Inc. Common Stock,Industrials,Industrial Machinery/Components
BMM,Blue Moon Metals Inc. Common Shares,,
BMN,BlackRock 2037 Municipal Target Term Trust Common Shares of Beneficial Interest,Finance,Trusts Except Educational Religious and Charitable
BMNP,BitMine Immersion Technologies Inc. 9.5% Series A Perpetual Preferred Stock,Finance,Finance: Consumer Services
BMNR,BitMine Immersion Technologies Inc. Common Stock,Finance,Finance: Consumer Services
BMO,Bank Of Montreal Common Stock,Finance,Commercial Banks
BMR,Beamr Imaging Ltd. Ordinary Share,Technology,Computer Software: Prepackaged Software
BMRA,Biomerica Inc. Common Stock,Health Care,Biotechnology: In Vitro & In Vivo Diagnostic Substances
BMRC,Bank of Marin Bancorp Common Stock,Finance,Major Banks
BMRN,BioMarin Pharmaceutical Inc. Common Stock,Health Care,Biotechnology: Pharmaceutical Preparations
BMY,Bristol-Myers Squibb Company Common Stock,Health Care,Biotechnology: Pharmaceutical Preparations
BN,Brookfield Corporation Class A Limited Voting Shares,Real Estate,Building operators
BNAI,Brand Engagement Network Inc. Common Stock,Technology,EDP Services
BNAIW,Brand Engagement Network Inc. Warrant,Technology,EDP Services
BNC,CEA Industries Inc. Common Stock,Consumer Staples,Farming/Seeds/Milling
BNCWW,CEA Industries Inc. Warrant,Consumer Staples,Farming/Seeds/Milling
BNCWZ,CEA Industries Inc. Warrant,Consumer Staples,Farming/Seeds/Milling
BNED,Barnes & Noble Education Inc Common Stock,Consumer Discretionary,Other Specialty Stores
BNGO,Bionano Genomics Inc. Common Stock,Industrials,Biotechnology: Laboratory Analytical Instruments
BNH,Brookfield Finance Inc. 4.625% Subordinated Notes due October 16 2080,Real Estate,Building operators
BNJ,Brookfield Finance Inc. 4.50% Perpetual Subordinated Notes,Real Estate,Building operators
BNKK,Bonk Inc. Common Stock,Consumer Discretionary,Package Goods/Cosmetics
BNL,Broadstone Net Lease Inc. Common Stock,Real Estate,Real Estate Investment Trusts
BNR,Burning Rock Biotech Limited American Depositary Shares,Health Care,Medical Specialities
BNS,Bank Nova Scotia Halifax Pfd 3 Ordinary Shares,Finance,Major Banks
BNT,Brookfield Wealth Solutions Ltd. Class A Exchangeable Limited Voting Shares,Finance,Property-Casualty Insurers
BNTC,Benitec Biopharma Inc. Common Stock,Health Care,Biotechnology: Pharmaceutical Preparations
BNTX,BioNTech SE American Depositary Share,Health Care,Biotechnology: Biological Products (No Diagnostic Substances)
BNY,The Bank of New York Mellon Corporation Common Stock,Finance,Major Banks
BOBS,Bob's Discount Furniture Inc. Common Stock,Consumer Discretionary,Other Specialty Stores
BOC,Boston Omaha Corporation Class A Common Stock,Finance,Real Estate
BODI,The Beachbody Company Inc. Class A Common Stock,Consumer Discretionary,Other Consumer Services
BOE,Blackrock Enhanced Global Dividend Trust Common Shares of Beneficial Interest,Finance,Trusts Except Educational Religious and Charitable
BOF,BranchOut Food Inc. Common Stock,Consumer Staples,Packaged Foods
BOH,Bank of Hawaii Corporation Common Stock,Finance,Major Banks
BOKF,BOK Financial Corporation Common Stock,Finance,Major Banks
BOLD,Boundless Bio Inc. Common Stock,Health Care,Biotechnology: Pharmaceutical Preparations
BOLT,Bolt Biotherapeutics Inc. Common Stock,Health Care,Biotechnology: Pharmaceutical Preparations
BON,Bon Natural Life Limited Class A Ordinary Shares,Health Care,Medicinal Chemicals and Botanical Products
BOOM,DMC Global Inc. Common Stock,Industrials,Industrial Specialties
BOOT,Boot Barn Holdings Inc. Common Stock,Consumer Discretionary,Clothing/Shoe/Accessory Stores
BORR,Borr Drilling Limited Common Shares,Energy,Oil & Gas Production
BOSC,B.O.S. Better Online Solutions Common Stock,Telecommunications,Computer Communications Equipment
BOT,RoboStrategy Inc. Common Stock,,
BOTJ,Bank of the James Financial Group Inc. Common Stock,Finance,Major Banks
BOW,Bowhead Specialty Holdings Inc. Common Stock,Finance,Property-Casualty Insurers
BOX,Box Inc. Class A Common Stock,Technology,Computer Software: Prepackaged Software
BOXL,Boxlight Corporation Class A Common Stock,Real Estate,Other Consumer Services
BP,BP p.l.c. Common Stock,Energy,Integrated oil Companies
BPAC,Blueport Acquisition Ltd Class A Ordinary Shares,,
BPOP,Popular Inc. Common Stock,Finance,Major Banks
BPOPM,Popular Inc. Popular Capital Trust II - 6.125% Cumulative Monthly Income Trust Preferred Securities,Finance,Major Banks
BPRE,Bluerock Private Real Estate Fund Common Shares of Beneficial Interest,,
BPRN,Princeton Bancorp Inc. Common Stock (PA),Finance,Major Banks
BPYPM,Brookfield Property Partners L.P. 6.25% Class A Cumulative Redeemable Preferred Units Series 1,Finance,Real Estate
BPYPN,Brookfield Property Partners L.P. 5.750% Class A Cumulative Redeemable Perpetual Preferred Units Series 3,Finance,Real Estate
BPYPO,Brookfield Property Partners L.P. 6.375% Class A Cumulative Redeemable Perpetual Preferred Units Series 2,Finance,Real Estate
BPYPP,Brookfield Property Partners L.P. 6.50% Class A Cumulative Redeemable Perpetual Preferred Units,Finance,Real Estate
BQ,Boqii Holding Limited Class A Ordinary Shares,Consumer Discretionary,Other Specialty Stores
BR,Broadridge Financial Solutions Inc. Common Stock,Consumer Discretionary,Business Services
BRAG,Bragg Gaming Group Inc. Common Shares,Technology,Office Equipment/Supplies/Services
BRAI,Braiin Limited Common Stock,Technology,EDP Services
BRBI,BRBI BR Partners S.A. ADSs,Finance,Finance: Consumer Services
BRBR,BellRing Brands Inc. Common Stock,Consumer Staples,Packaged Foods
BRBS,Blue Ridge Bankshares Inc. Common Stock,Finance,Major Banks
BRC,Brady Corporation Common Stock,Consumer Discretionary,Miscellaneous manufacturing industries
BRCB,Black Rock Coffee Bar Inc. Class A Common Stock,Consumer Discretionary,Restaurants
BRCC,BRC Inc. Class A Common Stock,Consumer Staples,Beverages (Production/Distribution)
BREZ,Breeze Acquisition Corp. II Ordinary Shares,Finance,Blank Checks
BREZR,Breeze Acquisition Corp. II Right,Finance,Blank Checks
BRFH,Barfresh Food Group Inc. Common Stock,Consumer Staples,Packaged Foods
BRIA,BrilliA Inc Class A Ordinary Shares,Consumer Discretionary,Apparel
BRID,Bridgford Foods Corporation Common Stock,Consumer Staples,Specialty Foods
BRK-A,Berkshire Hathaway Inc.,,
BRK-B,Berkshire Hathaway Inc.,,
BRKH,Burtech Acquisition Corp II Class A Ordinary Shares,Finance,Blank Checks
BRKHU,Burtech Acquisition Corp II Unit,Technology,Semiconductors
BRKR,Bruker Corporation Common Stock,Industrials,Biotechnology: Laboratory Analytical Instruments
BRKRP,Bruker Corporation 6.375% Mandatory Convertible Preferred Stock Series A,Industrials,Biotechnology: Laboratory Analytical Instruments
BRLS,Borealis Foods Inc. Class A Common Shares,Consumer Staples,Packaged Foods
BRLT,Brilliant Earth Group Inc. Class A Common Stock,Consumer Discretionary,Consumer Specialties
BRN,Barnwell Industries Inc. Common Stock,Energy,Oil & Gas Production
BRNX,BrenX Ltd. Ordinary Shares,Industrials,Building Products
BRO,Brown & Brown Inc. Common Stock,Finance,Specialty Insurers
BROS,Dutch Bros Inc. Class A Common Stock,Consumer Discretionary,Restaurants
BRR,ProCap Financial Inc. Common Stock,Finance,Finance: Consumer Services
BRRWW,ProCap Financial Inc. Warrant,Finance,Finance: Consumer Services
BRSL,Brightstar Lottery PLC Trading under the Legal Name to begin at the market open on July 21 2025. Ordinary Shares,Consumer Discretionary,Services-Misc. Amusement & Recreation
BRSP,BrightSpire Capital Inc. Class A Common Stock,Real Estate,Real Estate Investment Trusts
BRT,BRT Apartments Corp. (MD) Common Stock,Real Estate,Real Estate Investment Trusts
BRTM,B&R Technology Merger Corp. Class A Ordinary Shares,Finance,Blank Checks
BRTMU,B&R Technology Merger Corp. Units,,
BRTX,BioRestorative Therapies Inc. Common Stock (NV),Health Care,Managed Health Care
BRUN,Boost Run Inc. Class A Common Stock,Technology,EDP Services
BRVE,Braveheart Bio Inc. Common Stock,Health Care,Biotechnology: Pharmaceutical Preparations
BRW,Saba Capital Income & Opportunities Fund SBI,Finance,Trusts Except Educational Religious and Charitable
BRX,Brixmor Property Group Inc. Common Stock,Real Estate,Real Estate Investment Trusts
BRZE,Braze Inc. Class A Common Stock,Technology,Computer Software: Prepackaged Software
BSAA,BEST SPAC I Acquisition Corp. Class A Ordinary Shares,Finance,Blank Checks
BSAAU,BEST SPAC I Acquisition Corp. Unit,Finance,Blank Checks
BSAC,Banco Santander - Chile ADS,Finance,Commercial Banks
BSBK,Bogota Financial Corp. Common Stock,Finance,Banks
BSBR,Banco Santander Brasil SA American Depositary Shares each representing one unit,Finance,Commercial Banks
BSEM,BioStem Technologies Inc. Common Stock,Health Care,Biotechnology: Biological Products (No Diagnostic Substances)
BSET,Bassett Furniture Industries Incorporated Common Stock,Consumer Discretionary,Home Furnishings
BSIN,Big Sky Industrial Inc. Common Stock,Energy,Oil & Gas Production
BSL,Blackstone Senior Floating Rate 2027 Term Fund Common Shares of Beneficial Interest,Finance,Trusts Except Educational Religious and Charitable
BSM,Black Stone Minerals L.P. Common units representing limited partner interests,Energy,Oil & Gas Production
BSP,Bending Spoons S.p.A. Ordinary Shares,Technology,Computer Software: Programming Data Processing
BSRR,Sierra Bancorp Common Stock,Finance,Major Banks
BST,BlackRock Science and Technology Trust Common Shares of Beneficial Interest,Finance,Finance Companies
BSTZ,BlackRock Science and Technology Term Trust Common Shares of Beneficial Interest,Finance,Trusts Except Educational Religious and Charitable
BSVN,Bank7 Corp. Common stock,Finance,Major Banks
BSX,Boston Scientific Corporation Common Stock,Health Care,Medical/Dental Instruments
BSY,Bentley Systems Incorporated Class B Common Stock,Technology,Computer Software: Prepackaged Software
BTBD,BT Brands Inc. Common Stock,Consumer Discretionary,Restaurants
BTBT,Bit Digital Inc. Ordinary Shares,Finance,Finance: Consumer Services
BTCS,BTCS Inc. Common Stock,Finance,Finance: Consumer Services
BTCT,BTC Digital Ltd. Ordinary Shares,Finance,Finance: Consumer Services
BTDR,Bitdeer Technologies Group Class A Ordinary Shares,Finance,Finance: Consumer Services
BTE,Baytex Energy Corp Common Shares,Energy,Oil & Gas Production
BTG,B2Gold Corp Common shares (Canada),Basic Materials,Precious Metals
BTGO,BitGo Holdings Inc. Class A Common Stock,Finance,Finance: Consumer Services
BTI,British American Tobacco  Industries p.l.c. Common Stock ADR,Health Care,Medicinal Chemicals and Botanical Products
BTLN,Brightline Interactive Inc. Common Stock,Technology,EDP Services
BTMD,Biote Corp. Class A Common Stock,Health Care,Medicinal Chemicals and Botanical Products
BTO,John Hancock Financial Opportunities Fund Common Stock,Finance,Investment Managers
BTOC,Armlogi Holding Corp. Common Stock,Consumer Discretionary,Office Equipment/Supplies/Services
BTQ,BTQ Technologies Corp. Common Stock,,
BTSG,BrightSpring Health Services Inc. Common Stock,Health Care,Medical/Nursing Services
BTSGU,BrightSpring Health Services Inc. Tangible Equity Unit,Health Care,Medical/Nursing Services
BTT,BlackRock Municipal 2030 Target Term Trust,Finance,Investment Managers
BTTC,Black Titan Corporation Ordinary Shares,Health Care,Biotechnology: Biological Products (No Diagnostic Substances)
BTU,Peabody Energy Corporation Common Stock,Energy,Coal Mining
BTX,BlackRock Technology and Private Equity Term Trust Common Shares of Beneficial Interest,,
BTZ,BlackRock Credit Allocation Income Trust,Finance,Finance/Investors Services
BUD,Anheuser-Busch Inbev SA Sponsored ADR (Belgium),Consumer Staples,Beverages (Production/Distribution)
BUDA,Buda Juice Inc. Common Stock,Consumer Staples,Beverages (Production/Distribution)
BUI,BlackRock Utility Infrastructure & Power Opportunities Trust,Finance,Trusts Except Educational Religious and Charitable
BULL,Webull Corporation Class A Ordinary Shares,Finance,Investment Bankers/Brokers/Service
BULLW,Webull Corporation Warrants,Finance,Investment Bankers/Brokers/Service
BUR,Burford Capital Limited Ordinary Shares,Finance,Finance: Consumer Services
BURL,Burlington Stores Inc. Common Stock,Consumer Discretionary,Department/Specialty Retail Stores
BURU,Nuburu Inc. Common Stock,Miscellaneous,Industrial Machinery/Components
BUSE,First Busey Corporation Class A Common Stock,Finance,Major Banks
BUSEP,First Busey Corporation Depositary Shares Each Representing a 1/40thInterest in a Share of 8.25% Fixed-Rate Series B Non-Cumulative Perpetual Preferred Stock $0.001 par value,Finance,Major Banks
BUUU,BUUU Group Limited Class A Ordinary Share,Consumer Discretionary,Services-Misc. Amusement & Recreation
BV,BrightView Holdings Inc. Common Stock,Consumer Staples,Farming/Seeds/Milling
BVC,BitVentures Limited Ordinary Shares,Finance,Investment Managers
BVFL,BV Financial Inc. Common Stock,Finance,Savings Institutions
BVN,Buenaventura Mining Company Inc.,Basic Materials,Metal Mining
BVS,Bioventus Inc. Class A Common Stock,Health Care,Medical/Dental Instruments
BW,Babcock & Wilcox Enterprises Inc. Common Stock,Industrials,Building Products
BWA,BorgWarner Inc. Common Stock,Consumer Discretionary,Auto Parts:O.E.M.
BWAY,BrainsWay Ltd. American Depositary Shares,Health Care,Medical/Dental Instruments
BWB,Bridgewater Bancshares Inc. Common Stock,Finance,Major Banks
BWBBP,Bridgewater Bancshares Inc. Depositary Shares Each Representing a 1/100th Interest in a Share of 5.875% Non-Cumulative Perpetual Preferred Stock Series A,Finance,Major Banks
BWEN,Broadwind Inc. Common Stock,Telecommunications,Metal Fabrications
BWFG,Bankwell Financial Group Inc. Common Stock,Finance,Major Banks
BWG,BrandywineGLOBAL Global Income Opportunities Fund Inc.,Finance,Finance/Investors Services
BWIN,The Baldwin Insurance Group Inc. Class A Common Stock,Finance,Specialty Insurers
BWIV,Blue Water Acquisition Corp. IV Class A Ordinary Shares,Finance,Blank Checks
BWLP,BW LPG Limited Common Shares,Consumer Discretionary,Transportation Services
BWMN,Bowman Consulting Group Ltd. Common Stock,Consumer Discretionary,Professional Services
BWMX,Betterware de Mexico S.A.P.I. de C.V. Ordinary Shares,Consumer Discretionary,Catalog/Specialty Distribution
BWXT,BWX Technologies Inc. Common Stock,Industrials,Industrial Machinery/Components
BX,Blackstone Inc. Common Stock,Finance,Investment Managers
BXBL,BOXABL Inc. Common stock,Consumer Discretionary,Homebuilding
BXC,Bluelinx Holdings Inc. Common Stock,Consumer Discretionary,Wholesale Distributors
BXDC,Blackstone Digital Infrastructure Trust Inc. Common Stock,Finance,Real Estate
BXMT,Blackstone Mortgage Trust Inc. Common Stock,Real Estate,Real Estate Investment Trusts
BXP,BXP Inc. Common Stock,Real Estate,Real Estate Investment Trusts
BXSL,Blackstone Secured Lending Fund Common Shares of Beneficial Interest,Finance,Trusts Except Educational Religious and Charitable
BY,Byline Bancorp Inc. Common Stock,Finance,Major Banks
BYAH,Park Ha Biological Technology Co. Ltd. Class A Ordinary Shares,Consumer Discretionary,Package Goods/Cosmetics
BYD,Boyd Gaming Corporation Common Stock,Consumer Discretionary,Hotels/Resorts
BYFC,Broadway Financial Corporation Class A Common Stock,Finance,Savings Institutions
BYND,Beyond Meat Inc. Common Stock,Consumer Staples,Packaged Foods
BYRN,Byrna Technologies Inc. Common Stock,Miscellaneous,Industrial Machinery/Components
BYSI,BeyondSpring Inc. Ordinary Shares,Health Care,Biotechnology: Pharmaceutical Preparations
BZ,KANZHUN LIMITED American Depository Shares,Technology,Computer Software: Programming Data Processing
BZAI,Blaize Holdings Inc. Common Stock,Technology,Semiconductors
BZAIW,Blaize Holdings Inc. Warrants,Technology,Semiconductors
BZFD,BuzzFeed Inc. Class A Common Stock,Consumer Discretionary,Telecommunications Equipment
BZFDW,BuzzFeed Inc. Warrant,Consumer Discretionary,Telecommunications Equipment
BZH,Beazer Homes USA Inc. Common Stock,Consumer Discretionary,Homebuilding
BZUN,Baozun Inc. American Depositary Shares,Consumer Discretionary,Catalog/Specialty Distribution
C,Citigroup Inc. Common Stock,Finance,Major Banks
CAAP,Corporacion America Airports SA Common Shares,Consumer Discretionary,Aerospace
CAAS,China Automotive Systems Inc. Ordinary Share,Consumer Discretionary,Auto Parts:O.E.M.
CABA,Cabaletta Bio Inc. Common Stock,Health Care,Biotechnology: Biological Products (No Diagnostic Substances)
CABO,Cable One Inc. Common Stock,Telecommunications,Cable & Other Pay Television Services
CABR,Caring Brands Inc. Common Stock,Consumer Discretionary,Package Goods/Cosmetics
CAC,Camden National Corporation Common Stock,Finance,Major Banks
CACC,Credit Acceptance Corporation Common Stock,Finance,Finance: Consumer Services
CACI,CACI International Inc. Class A Common Stock,Technology,EDP Services
CADL,Candel Therapeutics Inc. Common Stock,Health Care,Biotechnology: Biological Products (No Diagnostic Substances)
CAE,CAE Inc. Common Shares,Miscellaneous,Industrial Machinery/Components
CAES,Cantor Equity Partners VII Inc. Class A Ordinary Shares,Finance,Blank Checks
CAF,Morgan Stanley China A Share Fund Inc. Common Stock,Finance,Investment Managers
CAG,ConAgra Brands Inc. Common Stock,Consumer Staples,Packaged Foods
CAH,Cardinal Health Inc. Common Stock,Health Care,Other Pharmaceuticals
CAI,Caris Life Sciences Inc. Common Stock,Health Care,Medical Specialities
CAII,Collective Acquisition Corp. II Class A Ordinary Shares,Finance,Blank Checks
CAIIW,Collective Acquisition Corp. II Warrants,Finance,Blank Checks
CAKE,Cheesecake Factory Incorporated (The) Common Stock,Consumer Discretionary,Restaurants
CAL,Caleres Inc. Common Stock,Consumer Discretionary,Shoe Manufacturing
CALC,CalciMedica Inc. Common Stock,Health Care,Biotechnology: Pharmaceutical Preparations
CALM,Cal-Maine Foods Inc. Common Stock,Consumer Staples,Farming/Seeds/Milling
CALX,Calix Inc Common Stock,Consumer Discretionary,Telecommunications Equipment
CALY,Callaway Golf Company Common Stock,Consumer Discretionary,Recreational Games/Products/Toys
CAMP,CAMP4 Therapeutics Corporation Common Stock,Health Care,Biotechnology: Pharmaceutical Preparations
CAMT,Camtek Ltd. Ordinary Shares,Technology,Electronic Components
CAN,Canaan Inc. American Depositary Shares,Finance,Finance: Consumer Services
CANF,Can-Fite Biopharma Ltd American Depositary Shares each representing two (2) Ordinary Shares,Health Care,Biotechnology: Pharmaceutical Preparations
CANG,Cango Inc. Class A Ordinary Shares,Finance,Finance: Consumer Services
CAPL,CrossAmerica Partners LP Common Units representing limited partner interests,Energy,Oil Refining/Marketing
CAPN,Cayson Acquisition Corp Ordinary shares,,
CAPNR,Cayson Acquisition Corp Right,Finance,Blank Checks
CAPNU,Cayson Acquisition Corp Unit,,
CAPR,Capricor Therapeutics Inc. Common Stock,Health Care,Biotechnology: Pharmaceutical Preparations
CAPS,Capstone Holding Corp. Common Stock,Consumer Discretionary,RETAIL: Building Materials
CAQ,Cambridge Acquisition Corp. Class A Ordinary Shares,,
CAQUU,Cambridge Acquisition Corp. Unit,,
CAR,Avis Budget Group Inc. Common Stock,Consumer Discretionary,Rental/Leasing Companies
CARE,Carter Bankshares Inc. Common Stock,Finance,Major Banks
CARG,CarGurus Inc. Class A Common Stock,Technology,EDP Services
CARL,Carlsmed Inc. Common Stock,Health Care,Medical/Dental Instruments
CARR,Carrier Global Corporation Common Stock,Industrials,Industrial Machinery/Components
CARS,Cars.com Inc. Common Stock,Technology,EDP Services
CART,Maplebear Inc. Common Stock,Consumer Discretionary,Business Services
CASH,Pathward Financial Inc. Common Stock,Finance,Major Banks
CASS,Cass Information Systems Inc Common Stock,Consumer Discretionary,Business Services
CAST,FreeCast Inc. Class A Common Stock,Technology,EDP Services
CASY,Casey's General Stores Inc. Common Stock,Consumer Discretionary,Retail-Auto Dealers and Gas Stations
CAT,Caterpillar Inc. Common Stock,Industrials,Construction/Ag Equipment/Trucks
CATL,Catalyst Acquisition Corp. Class A Ordinary Share,,
CATLR,Catalyst Acquisition Corp. Rights,,
CATLU,Catalyst Acquisition Corp. Units,Finance,Blank Checks
CATO,Cato Corporation (The) Class A Common Stock,Consumer Discretionary,Clothing/Shoe/Accessory Stores
CATX,Perspective Therapeutics Inc. Common Stock,Health Care,Biotechnology: Pharmaceutical Preparations
CATY,Cathay General Bancorp Common Stock,Finance,Major Banks
CAVA,CAVA Group Inc. Common Stock,Consumer Discretionary,Restaurants
CB,Chubb Limited  Common Stock,Finance,Property-Casualty Insurers
CBAN,Colony Bankcorp Inc. Common Stock,Finance,Major Banks
CBAT,CBAK Energy Technology Limited Ordinary Shares,Miscellaneous,Industrial Machinery/Components
CBC,Central Bancompany Inc. Class A Common Stock,Finance,Major Banks
CBFV,CB Financial Services Inc. Common Stock,Finance,Major Banks
CBIO,Crescent Biopharma Inc. Common Stock,Health Care,Biotechnology: Pharmaceutical Preparations
CBK,Commercial Bancgroup Inc. Common Stock,Finance,Major Banks
CBL,CBL & Associates Properties Inc. Common Stock,Real Estate,Real Estate Investment Trusts
CBLL,CeriBell Inc. Common Stock,Health Care,Biotechnology: Electromedical & Electrotherapeutic Apparatus
CBNA,Chain Bridge Bancorp Inc. Class A Common Stock,Finance,Major Banks
CBNK,Capital Bancorp Inc. Common Stock,Finance,Major Banks
CBOE,Cboe Global Markets Inc. Common Stock,Finance,Investment Bankers/Brokers/Service
CBRE,CBRE Group Inc Common Stock Class A,Finance,Real Estate
CBRL,Cracker Barrel Old Country Store Inc Common Stock,Consumer Discretionary,Restaurants
CBRS,Cerebras Systems Inc. Class A Common Stock,Technology,Semiconductors
CBSH,Commerce Bancshares Inc. Common Stock,Finance,Major Banks
CBT,Cabot Corporation Common Stock,Industrials,Major Chemicals
CBU,Community Financial System Inc. Common Stock,Finance,Major Banks
CBUS,Cibus Inc. Class A Common Stock,Industrials,Agricultural Chemicals
CBZ,CBIZ Inc. Common Stock,Consumer Discretionary,Business Services
CC,Chemours Company (The) Common Stock,Industrials,Major Chemicals
CCAP,Crescent Capital BDC Inc. Common stock,Finance,Finance: Consumer Services
CCAQ,Collective Acquisition Corp. Class A Ordinary Shares,Finance,Blank Checks
CCAQU,Collective Acquisition Corp. Units,Finance,Blank Checks
CCAQW,Collective Acquisition Corp. Warrants,Finance,Blank Checks
CCB,Coastal Financial Corporation Common Stock,Finance,Major Banks
CCBG,Capital City Bank Group Common Stock,Finance,Major Banks
CCC,CCC Intelligent Solutions Holdings Inc. Common Stock,Technology,Computer Software: Prepackaged Software
CCCC,C4 Therapeutics Inc. Common Stock,Health Care,Biotechnology: Biological Products (No Diagnostic Substances)
CCCT,Columbus Circle Capital Corp III Class A Ordinary Shares,,
CCCTU,Columbus Circle Capital Corp III Units,,
CCCTW,Columbus Circle Capital Corp III Warrants,,
CCD,Calamos Dynamic Convertible & Income Fund Common Stock,Finance,Trusts Except Educational Religious and Charitable
CCEC,Capital Clean Energy Carriers Corp. Common Share,Consumer Discretionary,Marine Transportation
CCEL,Cryo-Cell International Inc. Common Stock,Health Care,Misc Health and Biotechnology Services
CCEP,Coca-Cola Europacific Partners plc Ordinary Shares,Consumer Staples,Beverages (Production/Distribution)
CCG,Cheche Group Inc. Class A Ordinary Shares,Finance,Specialty Insurers
CCHH,CCH Holdings Ltd Class A Ordinary Shares,Consumer Discretionary,Restaurants
CCI,Crown Castle Inc. Common Stock,Real Estate,Real Estate Investment Trusts
CCID,Carlyle Credit Income Fund 7.375% Series D Term Preferred Shares due 2028,,
CCIF,Carlyle Credit Income Fund Shares of Beneficial Interest,Finance,Finance/Investors Services
CCII,Cohen Circle Acquisition Corp. II Class A Ordinary Shares,,
CCIIU,Cohen Circle Acquisition Corp. II Unit,,
CCIIW,Cohen Circle Acquisition Corp. II Warrant,,
CCJ,Cameco Corporation Common Stock,Basic Materials,Other Metals and Minerals
CCK,Crown Holdings Inc.,Industrials,Containers/Packaging
CCL,Carnival Corporation Ltd. Common Shares,Consumer Discretionary,Marine Transportation
CCLD,CareCloud Inc. Common Stock,Technology,Computer Software: Prepackaged Software
CCM,Concord Medical Services Holdings Limited American Depositary Shares (Each represents thirty (30) Class A ordinary shares),Health Care,Medical/Nursing Services
CCNE,CNB Financial Corporation Common Stock,Finance,Major Banks
CCNEP,CNB Financial Corporation Depositary Shares each representing a 1/40th ownership interest in a share of 7.125% Series A Fixed-Rate Non-Cumulative Perpetual Preferred Stock,Finance,Major Banks
CCO,Clear Channel Outdoor Holdings Inc. Common Stock,Consumer Discretionary,Advertising
CCOI,Cogent Communications Holdings Inc.,Consumer Discretionary,Telecommunications Equipment
CCS,Century Communities Inc. Common Stock,Consumer Discretionary,Homebuilding
CCSI,Consensus Cloud Solutions Inc. Common Stock,Technology,Computer Software: Prepackaged Software
CCTG,CCSC Technology International Holdings Limited Class A Ordinary Shares,Consumer Discretionary,Building Products
CCU,Compania Cervecerias Unidas S.A. Common Stock,Consumer Staples,Beverages (Production/Distribution)
CCXI,Churchill Capital Corp XI Class A Ordinary Shares,Finance,Blank Checks
CCXIU,Churchill Capital Corp XI Units,Finance,Blank Checks
CCXIW,Churchill Capital Corp XI Warrants,,
CCZ,Comcast Holdings ZONES,Telecommunications,Cable & Other Pay Television Services
CD,Chaince Digital Holdings Inc. Ordinary Shares,Finance,Finance: Consumer Services
CDE,Coeur Mining Inc. Common Stock,Basic Materials,Precious Metals
CDIO,Cardio Diagnostics Holdings Inc. Common stock,Health Care,Biotechnology: In Vitro & In Vivo Diagnostic Substances
CDIOW,Cardio Diagnostics Holdings Inc. Warrant,Health Care,Biotechnology: In Vitro & In Vivo Diagnostic Substances
CDLR,Cadeler A/S American Depositary Share (each representing four (4) Ordinary Shares),Consumer Discretionary,Marine Transportation
CDLX,Cardlytics Inc. Common Stock,Technology,Computer Software: Programming Data Processing
CDNA,CareDx Inc. Common Stock,Health Care,Medical Specialities
CDNL,Cardinal Infrastructure Group Inc. Class A Common Stock,Industrials,Military/Government/Technical
CDNS,Cadence Design Systems Inc. Common Stock,Technology,Computer Software: Prepackaged Software
CDP,COPT Defense Properties Common Shares of Beneficial Interest,Real Estate,Real Estate Investment Trusts
CDRE,Cadre Holdings Inc. Common Stock,Health Care,Industrial Specialties
CDRO,Codere Online Luxembourg S.A. Ordinary Shares,Consumer Discretionary,Services-Misc. Amusement & Recreation
CDROW,Codere Online Luxembourg S.A. Warrants,Consumer Discretionary,Services-Misc. Amusement & Recreation
CDT,CDT Equity Inc. Common Stock,Health Care,Biotechnology: Pharmaceutical Preparations
CDTG,CDT Environmental Technology Investment Holdings Limited ordinary shares,Industrials,Miscellaneous
CDTTW,CDT Equity Inc. Warrant,Health Care,Biotechnology: Pharmaceutical Preparations
CDW,CDW Corporation Common Stock,Consumer Discretionary,Catalog/Specialty Distribution
CDXS,Codexis Inc. Common Stock,Industrials,Major Chemicals
CDZI,CADIZ Inc. Common Stock,Utilities,Water Supply
CDZIP,Cadiz Inc. Depositary Shares,Utilities,Water Supply
CE,Celanese Corporation Common Stock,Industrials,Major Chemicals
CECO,CECO Environmental Corp. Common Stock,Industrials,Pollution Control Equipment
CEE,The Central and Eastern Europe Fund Inc. (The) Common Stock,Finance,Finance Companies
CEG,Constellation Energy Corporation Common Stock,Utilities,Electric Utilities: Central
CELC,Celcuity Inc. Common Stock,Health Care,Medical Specialities
CELH,Celsius Holdings Inc. Common Stock,Consumer Staples,Beverages (Production/Distribution)
CELU,Celularity Inc. Class A Common Stock,Health Care,Biotechnology: Pharmaceutical Preparations
CELZ,Creative Medical Technology Holdings Inc. Common Stock,Health Care,Biotechnology: Biological Products (No Diagnostic Substances)
CENN,Cenntro Inc. Common Stock,Industrials,Auto Manufacturing
CENT,Central Garden & Pet Company Common Stock,Consumer Discretionary,Consumer Specialties
CENTA,Central Garden & Pet Company Class A Common Stock Nonvoting,Consumer Discretionary,Consumer Specialties
CENX,Century Aluminum Company Common Stock,Industrials,Aluminum
CEPF,Cantor Equity Partners IV Inc. Class A Ordinary Shares,Finance,Blank Checks
CEPL,Capstone Energy Plus Inc. Common Stock,Industrials,Industrial Machinery/Components
CEPO,Cantor Equity Partners I Inc. Class A Ordinary Shares,Finance,Blank Checks
CEPS,Cantor Equity Partners VI Inc. Class A Ordinary Shares,Finance,Blank Checks
CEPU,Central Puerto S.A. American Depositary Shares (each represents ten Common Shares),Utilities,Electric Utilities: Central
CEPV,Cantor Equity Partners V Inc. Class A Ordinary Shares,,
CERS,Cerus Corporation Common Stock,Health Care,Medical/Dental Instruments
CERT,Certara Inc. Common Stock,Technology,Computer Software: Prepackaged Software
CET,Central Securities Corporation Common Stock,Finance,Finance/Investors Services
CETX,Cemtrex Inc. Common Stock,Technology,Electrical Products
CETY,Clean Energy Technologies Inc. Common Stock,Utilities,Oil/Gas Transmission
CEV,Eaton Vance California Municipal Income Trust Shares of Beneficial Interest,Finance,Finance/Investors Services
CEVA,CEVA Inc. Common Stock,Technology,Computer Software: Programming Data Processing
CF,CF Industries Holdings Inc. Common Stock,Industrials,Agricultural Chemicals
CFBK,CF Bankshares Inc. Common Stock,Finance,Major Banks
CFFI,C&F Financial Corporation Common Stock,Finance,Major Banks
CFFN,Capitol Federal Financial Inc. Common Stock,Finance,Savings Institutions
CFG,Citizens Financial Group Inc. Common Stock,Finance,Major Banks
CFND,C1 Fund Inc. Common Stock,,
CFR,Cullen/Frost Bankers Inc. Common Stock,Finance,Major Banks
CG,The Carlyle Group Inc. Common Stock,Finance,Investment Managers
CGABL,The Carlyle Group Inc. 4.625% Subordinated Notes due 2061,Finance,Investment Managers
CGAU,Centerra Gold Inc. Common Shares,Basic Materials,Precious Metals
CGBD,Carlyle Secured Lending Inc. Common Stock,Finance,Finance: Consumer Services
CGC,Canopy Growth Corporation Common Shares,Health Care,Medicinal Chemicals and Botanical Products
CGCF,Cartesian Growth Corporation IV Class A Ordinary Shares,Finance,Blank Checks
CGCFU,Cartesian Growth Corporation IV Unit,Finance,Blank Checks
CGCFW,Cartesian Growth Corporation IV Warrants,Finance,Blank Checks
CGEM,Cullinan Therapeutics Inc. Common Stock,Health Care,Biotechnology: Biological Products (No Diagnostic Substances)
CGEN,Compugen Ltd. Ordinary Shares,Health Care,Biotechnology: Biological Products (No Diagnostic Substances)
CGNT,Cognyte Software Ltd. Ordinary Shares,Technology,Computer Software: Prepackaged Software
CGNX,Cognex Corporation Common Stock,Industrials,Industrial Machinery/Components
CGO,Calamos Global Total Return Fund Common Stock,Finance,Investment Managers
CGON,CG Oncology Inc. Common stock,Health Care,Biotechnology: Biological Products (No Diagnostic Substances)
CGTL,Creative Global Technology Holdings Limited Class A Ordinary Shares,Technology,Retail: Computer Software & Peripheral Equipment
CGTX,Cognition Therapeutics Inc. Common Stock,Health Care,Biotechnology: Biological Products (No Diagnostic Substances)
CHA,Chagee Holdings Limited American Depositary Shares,Consumer Discretionary,Restaurants
CHAD,DeFi Development Corp. Variable Rate Series C Perpetual Preferred Stock,Finance,Finance: Consumer Services
CHAI,Core AI Holdings Inc. Common Shares,Telecommunications,Telecommunications Equipment
CHAR,Charlton Aria Acquisition Corporation Class A Ordinary Shares,,
CHCI,Comstock Holding Companies Inc. Class A Common Stock,Finance,Real Estate
CHCO,City Holding Company Common Stock,Finance,Major Banks
CHCT,Community Healthcare Trust Incorporated Common Stock,Real Estate,Real Estate Investment Trusts
CHD,Church & Dwight Company Inc. Common Stock,Consumer Discretionary,Package Goods/Cosmetics
CHDN,Churchill Downs Incorporated Common Stock,Consumer Discretionary,Services-Misc. Amusement & Recreation
CHE,Chemed Corp,Health Care,Medical/Nursing Services
CHEC,Chenghe Acquisition III Co. Class A Ordinary Share,,
CHECW,Chenghe Acquisition III Co. Warrants,,
CHEF,The Chefs' Warehouse Inc. Common Stock,Consumer Discretionary,Food Distributors
CHGA,Change Agents Corporation Common Stock,Technology,EDP Services
CHGG,Chegg Inc. Common Stock,Real Estate,Other Consumer Services
CHH,Choice Hotels International Inc. Common Stock,Consumer Discretionary,Hotels/Resorts
CHI,Calamos Convertible Opportunities and Income Fund Common Stock,Finance,Investment Managers
CHKP,Check Point Software Technologies Ltd. Ordinary Shares,Technology,Computer Software: Prepackaged Software
CHMG,Chemung Financial Corp Common Stock,Finance,Major Banks
CHMI,Cherry Hill Mortgage Investment Corporation Common Stock,Real Estate,Real Estate Investment Trusts
CHNR,China Natural Resources Inc. Common Stock,Basic Materials,Precious Metals
CHOW,ChowChow Cloud International Holdings Limited Ordinary Shares,Technology,Computer Software: Prepackaged Software
CHPG,ChampionsGate Acquisition Corporation Class A Ordinary Share,,
CHPGR,ChampionsGate Acquisition Corporation Rights,,
CHPT,ChargePoint Holdings Inc. Common Stock,Miscellaneous,Industrial Machinery/Components
CHR,Cheer Holding Inc. Class A Ordinary Share,Technology,EDP Services
CHRD,Chord Energy Corporation Common Stock,Energy,Oil & Gas Production
CHRN,ChronoScale Holdings Corporation Common Stock,Industrials,Industrial Machinery/Components
CHRS,Coherus Oncology Inc. Common Stock,Health Care,Biotechnology: Biological Products (No Diagnostic Substances)
CHRW,C.H. Robinson Worldwide Inc. Common Stock,Industrials,Integrated Freight & Logistics
CHSCL,CHS Inc Class B Cumulative Redeemable Preferred Stock Series 4,Industrials,Farming/Seeds/Milling
CHSCM,CHS Inc Class B Reset Rate Cumulative Redeemable Preferred Stock Series 3,Industrials,Farming/Seeds/Milling
CHSCN,CHS Inc Preferred Class B Series 2 Reset Rate,Industrials,Farming/Seeds/Milling
CHSCO,CHS Inc. Class B Cumulative Redeemable Preferred Stock,Industrials,Farming/Seeds/Milling
CHSCP,CHS Inc. 8%  Cumulative Redeemable Preferred Stock,Industrials,Farming/Seeds/Milling
CHSN,Chanson International Holding Class A Ordinary Shares,Consumer Staples,Packaged Foods
CHT,Chunghwa Telecom Co. Ltd.,Telecommunications,Telecommunications Equipment
CHTR,Charter Communications Inc. Class A Common Stock New,Telecommunications,Cable & Other Pay Television Services
CHTRP,Charter Communications Inc. Series A Cumulative Redeemable Preferred Stock,Telecommunications,Cable & Other Pay Television Services
CHW,Calamos Global Dynamic Income Fund Common Stock,Finance,Investment Managers
CHWY,Chewy Inc. Class A Common Stock,Consumer Discretionary,Catalog/Specialty Distribution
CHY,Calamos Convertible and High Income Fund Common Stock,Finance,Investment Managers
CHYM,Chime Financial Inc. Class A Common Stock,Finance,Finance: Consumer Services
CI,The Cigna Group Common Stock,Health Care,Medical Specialities
CIA,Citizens Inc. Class A Common Stock ($1.00 Par),Finance,Life Insurance
CIB,Grupo Cibest S.A. American Depositary Shares each representing four Preferred Shares,Finance,Commercial Banks
CICB,CION Investment Corporation 7.50% Notes due 2029,Finance,Finance/Investors Services
CICC,CION Investment Corporation 7.50% Notes due 2031,Finance,Finance/Investors Services
CIEN,Ciena Corporation Common Stock,Utilities,Telecommunications Equipment
CIFR,Cipher Digital Inc. Common Stock,Finance,Finance: Consumer Services
CIG,Comp En De Mn Cemig ADS American Depositary Shares,Utilities,Electric Utilities: Central
CIGI,Colliers International Group Inc. Subordinate Voting Shares,Finance,Real Estate
CIGL,Concorde International Group Ltd Class A Ordinary Shares,Consumer Discretionary,Diversified Commercial Services
CII,BlackRock Enhanced Large Cap Core Fund Inc. Common Stock,Finance,Investment Bankers/Brokers/Service
CIIT,Tianci International Inc. Common Stock,Telecommunications,Computer Communications Equipment
CIK,UBS Asset Management Income Fund Inc. Common Stock,Finance,Finance/Investors Services
CIM,Chimera Investment Corporation Common Stock,Real Estate,Real Estate Investment Trusts
CIMN,Chimera Investment Corporation 9.000% Senior Notes due 2029,Real Estate,Real Estate Investment Trusts
CIMO,Chimera Investment Corporation 9.250% Senior Notes due 2029,Real Estate,Real Estate Investment Trusts
CIMP,Chimera Investment Corporation 8.875% Senior Notes due 2030,Real Estate,Real Estate Investment Trusts
CINF,Cincinnati Financial Corporation Common Stock,Finance,Property-Casualty Insurers
CING,Cingulate Inc. Common Stock,Health Care,Biotechnology: Pharmaceutical Preparations
CINT,CI&T Inc Class A Common Shares,Technology,EDP Services
CION,CION Investment Corporation Common Stock,Finance,Finance/Investors Services
CIRC,Circle8 Group Inc. Common Stock,Industrials,Biotechnology: Laboratory Analytical Instruments
CISO,CISO Global Inc. Common Stock,Consumer Discretionary,Professional Services
CISS,C3is Inc. Common Stock,Consumer Discretionary,Marine Transportation
CITR,CitroTech Inc. Common Stock,Industrials,Major Chemicals
CIVB,Civista Bancshares Inc. Common Stock,Finance,Major Banks
CIX,CompX International Inc. Common Stock,Consumer Discretionary,Industrial Machinery/Components
CJMB,Callan JMB Inc. Common Stock,Consumer Discretionary,Business Services
CKX,CKX Lands Inc. Common Stock,Energy,Oil & Gas Production
CL,Colgate-Palmolive Company Common Stock,Consumer Discretionary,Package Goods/Cosmetics
CLAR,Clarus Corporation Common Stock,Consumer Discretionary,Recreational Games/Products/Toys
CLB,Core Laboratories Inc. Common Stock,Energy,Oilfield Services/Equipment
CLBK,Columbia Financial Inc. Common Stock,Finance,Savings Institutions
CLBR,Colombier Acquisition Corp. III Class A Ordinary Shares,,
CLBT,Cellebrite DI Ltd. Ordinary Shares,Technology,Computer Software: Prepackaged Software
CLDI,Calidi Biotherapeutics Inc. Common Stock,Health Care,Biotechnology: Biological Products (No Diagnostic Substances)
CLDT,Chatham Lodging Trust (REIT) Common Shares of Beneficial Interest,Real Estate,Real Estate Investment Trusts
CLDX,Celldex Therapeutics Inc.,Health Care,Biotechnology: In Vitro & In Vivo Diagnostic Substances
CLF,Cleveland-Cliffs Inc. Common Stock,Basic Materials,Metal Mining
CLFD,Clearfield Inc. Common Stock,Utilities,Telecommunications Equipment
CLGN,CollPlant Biotechnologies Ltd Ordinary Shares,Health Care,Industrial Specialties
CLH,Clean Harbors Inc. Common Stock,Industrials,Environmental Services
CLIK,Click Holdings Limited Class A Ordinary Share,Consumer Discretionary,Diversified Commercial Services
CLIR,ClearSign Technologies Corporation Common Stock (DE),Industrials,Industrial Machinery/Components
CLLS,Cellectis S.A. American Depositary Shares,Health Care,Biotechnology: Pharmaceutical Preparations
CLM,Cornerstone Strategic Investment Fund Inc. Common Shares,Finance,Finance/Investors Services
CLMB,Climb Global Solutions Inc. Common Stock,Technology,Retail: Computer Software & Peripheral Equipment
CLMT,Calumet Inc. Common Stock,Energy,Integrated oil Companies
CLNE,Clean Energy Fuels Corp. Common Stock,Utilities,Natural Gas Distribution
CLNN,Clene Inc. Common Stock,Health Care,Biotechnology: Pharmaceutical Preparations
CLOV,Clover Health Investments Corp. Class A Common Stock,Health Care,Medical Specialities
CLPR,Clipper Realty Inc. Common Stock,Real Estate,Real Estate Investment Trusts
CLPS,CLPS Incorporation Common Stock,Technology,Computer Software: Prepackaged Software
CLPT,ClearPoint Neuro Inc. Common Stock,Health Care,Medical/Dental Instruments
CLRB,Cellectar Biosciences Inc.  Common Stock,Health Care,Biotechnology: Pharmaceutical Preparations
CLRO,ClearOne Inc. Common Stock,Utilities,Telecommunications Equipment
CLS,Celestica Inc. Common Stock,Technology,Electrical Products
CLSK,CleanSpark Inc. Common Stock,Finance,Finance: Consumer Services
CLSKW,CleanSpark Inc. Warrant,Finance,Finance: Consumer Services
CLST,Catalyst Bancorp Inc. Common Stock,Finance,Savings Institutions
CLVT,Clarivate Plc Ordinary Shares,Technology,EDP Services
CLW,Clearwater Paper Corporation Common Stock,Basic Materials,Paper
CLWT,Euro Tech Holdings Company Limited Common Stock,Consumer Discretionary,Professional and commerical equipment
CLX,Clorox Company (The) Common Stock,Consumer Discretionary,Specialty Chemicals
CLYM,Climb Bio Inc. Common Stock,Health Care,Biotechnology: Pharmaceutical Preparations
CM,Canadian Imperial Bank of Commerce Common Stock,Finance,Commercial Banks
CMBT,CMB.TECH NV Ordinary Shares,Consumer Discretionary,Marine Transportation
CMC,Commercial Metals Company Common Stock,Industrials,Steel/Iron Ore
CMCL,Caledonia Mining Corporation Plc Common Shares,Basic Materials,Precious Metals
CMCM,Cheetah Mobile Inc. American Depositary Shares each representing fifty (50) Class A Ordinary Shares,Technology,Computer Software: Prepackaged Software
CMCO,Columbus McKinnon Corporation Common Stock,Industrials,Construction/Ag Equipment/Trucks
CMCSA,Comcast Corporation Class A Common Stock,Telecommunications,Cable & Other Pay Television Services
CMCT,Creative Media & Community Trust Corporation Common stock,Real Estate,Real Estate Investment Trusts
CMDB,Costamare Bulkers Holdings Limited Common Stock,Consumer Discretionary,Marine Transportation
CME,CME Group Inc. Class A Common Stock,Finance,Investment Bankers/Brokers/Service
CMG,Chipotle Mexican Grill Inc. Common Stock,Consumer Discretionary,Restaurants
CMI,Cummins Inc. Common Stock,Industrials,Industrial Machinery/Components
CMMB,Chemomab Therapeutics Ltd. American Depositary Share,Health Care,Biotechnology: Pharmaceutical Preparations
CMND,Clearmind Medicine Inc. Common Shares,Health Care,Biotechnology: Pharmaceutical Preparations
CMP,Compass Minerals Intl Inc Common Stock,Industrials,Mining & Quarrying of Nonmetallic Minerals (No Fuels)
CMPR,Cimpress plc Ordinary Shares (Ireland),Consumer Discretionary,Publishing
CMPS,COMPASS Pathways Plc American Depository Shares,Health Care,Biotechnology: Pharmaceutical Preparations
CMPX,Compass Therapeutics Inc. Common Stock,Health Care,Biotechnology: Biological Products (No Diagnostic Substances)
CMRC,Commerce.com Inc. Series 1 Common Stock,Technology,Computer Software: Prepackaged Software
CMRE,Costamare Inc. Common Stock $0.0001 par value,Consumer Discretionary,Marine Transportation
CMS,CMS Energy Corporation Common Stock,Utilities,Power Generation
CMSA,CMS Energy Corporation 5.625% Junior Subordinated Notes due 2078,Utilities,Power Generation
CMSC,CMS Energy Corporation 5.875% Junior Subordinated Notes due 2078,Utilities,Power Generation
CMSD,CMS Energy Corporation 5.875% Junior Subordinated Notes due 2079,Utilities,Power Generation
CMT,Core Molding Technologies Inc Common Stock,Industrials,Plastic Products
CMTG,Claros Mortgage Trust Inc. Common Stock,Finance,Real Estate
CMTL,Comtech Telecommunications Corp. Common Stock,Technology,Radio And Television Broadcasting And Communications Equipment
CMTV,Community Bancorp. Common Stock,Finance,Major Banks
CNA,CNA Financial Corporation Common Stock,Finance,Property-Casualty Insurers
CNC,Centene Corporation Common Stock,Health Care,Medical Specialities
CNCK,Coincheck Group N.V. Ordinary Shares,Finance,Finance: Consumer Services
CNDT,Conduent Incorporated Common Stock,Consumer Discretionary,Business Services
CNET,ZW Data Action Technologies Inc. Common Stock,Technology,Computer Software: Programming Data Processing
CNEY,CN Energy Group Inc. Class A Ordinary Shares,Industrials,Major Chemicals
CNF,CNFinance Holdings Limited American Depositary Shares each representing two hundred (200) Ordinary Shares,Finance,Finance: Consumer Services
CNH,CNH Industrial N.V. Common Shares,Industrials,Construction/Ag Equipment/Trucks
CNI,Canadian National Railway Company Common Stock,Industrials,Railroads
CNK,Cinemark Holdings Inc Cinemark Holdings Inc. Common Stock,Consumer Discretionary,Movies/Entertainment
CNL,Collective Mining Ltd. Common Shares,,
CNM,Core & Main Inc. Class A Common Stock,Consumer Discretionary,Durable Goods
CNMD,CONMED Corporation Common Stock,Health Care,Biotechnology: Electromedical & Electrotherapeutic Apparatus
CNNE,Cannae Holdings Inc. Common Stock,Consumer Discretionary,Restaurants
CNO,CNO Financial Group Inc. Common Stock,Finance,Accident &Health Insurance
CNOB,ConnectOne Bancorp Inc. Common Stock,Finance,Major Banks
CNOBP,ConnectOne Bancorp Inc. Depositary Shares each representing a 1/40th interest in a share of 5.25% Fixed-Rate Reset Non-Cumulative Perpetual Preferred Stock Series A,Finance,Major Banks
CNP,CenterPoint Energy Inc (Holding Co) Common Stock,Utilities,Electric Utilities: Central
CNQ,Canadian Natural Resources Limited Common Stock,Energy,Oil & Gas Production
CNR,Core Natural Resources Inc. Common Stock,Energy,Coal Mining
CNS,Cohen & Steers Inc Common Stock,Finance,Investment Managers
CNSP,CNS Pharmaceuticals Inc. Common Stock,Health Care,Biotechnology: Pharmaceutical Preparations
CNSY,Cerenome Inc. Common Stock,Health Care,Medical/Dental Instruments
CNTB,Connect Biopharma Holdings Limited Ordinary Shares,Health Care,Biotechnology: Pharmaceutical Preparations
CNTN,Canton Strategic Holdings Inc. Common Stock,Health Care,Biotechnology: Pharmaceutical Preparations
CNTX,Context Therapeutics Inc. Common Stock,Health Care,Biotechnology: Pharmaceutical Preparations
CNTY,Century Casinos Inc. Common Stock,Consumer Discretionary,Hotels/Resorts
CNVS,Cineverse Corp. Class A Common Stock,Consumer Discretionary,Consumer Electronics/Video Chains
CNX,CNX Resources Corporation Common Stock,Energy,Oil & Gas Production
CNXC,Concentrix Corporation Common Stock,Technology,Computer Software: Prepackaged Software
CNXN,PC Connection Inc. Common Stock,Consumer Discretionary,Catalog/Specialty Distribution
CNXU,Conexeu Sciences Inc. Common Stock,Health Care,Industrial Specialties
COAG,Hemab Therapeutics Holdings Inc. Common Stock,Health Care,Biotechnology: Biological Products (No Diagnostic Substances)
COCH,Envoy Medical Inc. Class A Common Stock,Health Care,Industrial Specialties
COCHW,Envoy Medical Inc Warrant,Health Care,Industrial Specialties
COCO,The Vita Coco Company Inc. Common Stock,Consumer Staples,Beverages (Production/Distribution)
COCP,Cocrystal Pharma Inc. Common Stock,Health Care,Biotechnology: Pharmaceutical Preparations
CODA,Coda Octopus Group Inc. Common stock,Industrials,Industrial Machinery/Components
CODI,D/B/A Compass Diversified Holdings Shares of Beneficial Interest,Consumer Discretionary,Home Furnishings
CODX,Co-Diagnostics Inc. Common Stock,Health Care,Medical/Dental Instruments
COE,51Talk Online Education Group American depositary shares each representing 60 Class A ordinary shares,Real Estate,Other Consumer Services
COF,Capital One Financial Corporation Common Stock,Finance,Major Banks
COFS,ChoiceOne Financial Services Inc. Common Stock,Finance,Major Banks
COGT,Cogent Biosciences Inc. Common Stock,Health Care,Biotechnology: Pharmaceutical Preparations
COHN,Cohen & Company Inc.,Finance,Investment Bankers/Brokers/Service
COHR,Coherent Corp. Common Stock,Technology,Electronic Components
COHU,Cohu Inc. Common Stock,Industrials,Electrical Products
COIN,Coinbase Global Inc. Class A Common Stock,Finance,Finance: Consumer Services
COKE,Coca-Cola Consolidated Inc. Common Stock,Consumer Staples,Beverages (Production/Distribution)
COLA,Columbus Acquisition Corp Ordinary Shares,Finance,Blank Checks
COLAR,Columbus Acquisition Corp Rights,Finance,Blank Checks
COLAU,Columbus Acquisition Corp Unit,,
COLB,Columbia Banking System Inc. Common Stock,Finance,Major Banks
COLD,Americold Realty Trust Inc. Common Stock,Real Estate,Real Estate Investment Trusts
COLL,Collegium Pharmaceutical Inc. Common Stock,Health Care,Biotechnology: Pharmaceutical Preparations
COLM,Columbia Sportswear Company Common Stock,Consumer Discretionary,Apparel
COMP,Compass Inc. Class A Common Stock,Finance,Real Estate
CON,Concentra Group Holdings Parent Inc. Common Stock,Health Care,Medical Specialities
COO,The Cooper Companies Inc. Common Stock,Health Care,Ophthalmic Goods
COOK,Traeger Inc. Common Stock,Consumer Discretionary,Consumer Electronics/Appliances
COOT,Australian Oilseeds Holdings Limited Ordinary Shares,Consumer Staples,Packaged Foods
COOTW,Australian Oilseeds Holdings Limited Warrant,Consumer Staples,Packaged Foods
COP,ConocoPhillips Common Stock,Energy,Integrated oil Companies
COPL,Copley Acquisition Corp Ordinary Shares,,
COPR,Idaho Copper Corporation Common Stock,Basic Materials,Metal Mining
COR,Cencora Inc. Common Stock,Health Care,Other Pharmaceuticals
CORT,Corcept Therapeutics Incorporated Common Stock,Health Care,Biotechnology: Pharmaceutical Preparations
CORZ,Core Scientific Inc. Common Stock,Finance,Finance: Consumer Services
CORZW,Core Scientific Inc. Tranche 1 Warrants,Finance,Finance: Consumer Services
CORZZ,Core Scientific Inc. Tranche 2 Warrants,Finance,Finance: Consumer Services
COSM,Cosmos Health Inc. Common Stock,Health Care,Other Pharmaceuticals
COSO,CoastalSouth Bancshares Inc. Common Stock,Finance,Major Banks
COST,Costco Wholesale Corporation Common Stock,Consumer Discretionary,Department/Specialty Retail Stores
COTY,Coty Inc. Class A Common Stock,Consumer Discretionary,Package Goods/Cosmetics
COUR,Coursera Inc. Common Stock,Technology,Computer Software: Prepackaged Software
COYA,Coya Therapeutics Inc. Common Stock,Health Care,Biotechnology: Pharmaceutical Preparations
CP,Canadian Pacific Kansas City Limited Common Shares,Industrials,Railroads
CPA,Copa Holdings S.A. Class A Common Stock,Consumer Discretionary,Air Freight/Delivery Services
CPAC,Cementos Pacasmayo S.A.A. American Depositary Shares (Each representing five Common Shares),Industrials,Building Materials
CPAY,Corpay Inc. Common Stock,Consumer Discretionary,Business Services
CPB,The Campbell's Company Common Stock,Consumer Staples,Packaged Foods
CPBI,Central Plains Bancshares Inc. Common Stock,Finance,Savings Institutions
CPF,Central Pacific Financial Corp New,Finance,Major Banks
CPHC,Canterbury Park Holding Corporation 'New' Common Stock,Consumer Discretionary,Services-Misc. Amusement & Recreation
CPHI,China Pharma Holdings Inc. Common Stock,Health Care,Biotechnology: Pharmaceutical Preparations
CPIX,Cumberland Pharmaceuticals Inc. Common Stock,Health Care,Biotechnology: Pharmaceutical Preparations
CPK,Chesapeake Utilities Corporation Common Stock,Utilities,Oil & Gas Production
CPNG,Coupang Inc. Class A Common Stock,Consumer Discretionary,Catalog/Specialty Distribution
CPOP,Pop Culture Group Co. Ltd Class A Ordinary Shares,Consumer Discretionary,Services-Misc. Amusement & Recreation
CPRI,Capri Holdings Limited Ordinary Shares,Consumer Discretionary,Apparel
CPRT,Copart Inc. (DE) Common Stock,Consumer Discretionary,Retail-Auto Dealers and Gas Stations
CPS,Cooper-Standard Holdings Inc. Common Stock,Consumer Discretionary,Auto Parts:O.E.M.
CPSH,CPS Technologies Corp. Common Stock,Consumer Discretionary,Building Materials
CPSS,Consumer Portfolio Services Inc. Common Stock,Finance,Finance: Consumer Services
CPT,Camden Property Trust Common Stock,Real Estate,Real Estate Investment Trusts
CPZ,Calamos Long/Short Equity & Dynamic Income Trust Common Stock,Finance,Trusts Except Educational Religious and Charitable
CQP,Cheniere Energy Partners LP Common Units,Utilities,Oil/Gas Transmission
CR,Crane Company Common Stock,Industrials,Metal Fabrications
CRAC,Crown Reserve Acquisition Corp. I Class A Ordinary Shares,,
CRACR,Crown Reserve Acquisition Corp. I Rights,,
CRACW,Crown Reserve Acquisition Corp. I Warrant,,
CRAI,CRA International Inc. Common Stock,Consumer Discretionary,Other Consumer Services
CRAN,Crane Harbor Acquisition Corp. II Class A Ordinary Shares,Finance,Blank Checks
CRANR,Crane Harbor Acquisition Corp. II Rights,Finance,Blank Checks
CRANU,Crane Harbor Acquisition Corp. II Units,,
CRAQ,Cal Redwood Acquisition Corp. Class A Ordinary Shares,Finance,Blank Checks
CRAQU,Cal Redwood Acquisition Corp. Units,Finance,Blank Checks
CRBD,Corebridge Financial Inc. 6.375% Junior Subordinated Notes due 2064,Finance,Life Insurance
CRBG,Corebridge Financial Inc. Common Stock,Finance,Life Insurance
CRBP,Corbus Pharmaceuticals Holdings Inc. Common Stock,Health Care,Biotechnology: Pharmaceutical Preparations
CRBU,Caribou Biosciences Inc. Common Stock,Health Care,Biotechnology: Biological Products (No Diagnostic Substances)
CRC,California Resources Corporation Common Stock,Energy,Oil & Gas Production
CRCL,Circle Internet Group Inc. Class A Common Stock,Finance,Finance: Consumer Services
CRCT,Cricut Inc. Class A Common Stock,Technology,Industrial Machinery/Components
CRD-A,Crawford & Company,,
CRD-B,Crawford & Company,,
CRDF,Cardiff Oncology Inc. Common Stock,Health Care,Biotechnology: Biological Products (No Diagnostic Substances)
CRDL,Cardiol Therapeutics Inc. Class A Common Shares,Health Care,Biotechnology: Biological Products (No Diagnostic Substances)
CRDO,Credo Technology Group Holding Ltd Ordinary Shares,Technology,Semiconductors
CRE,Cre8 Enterprise Limited Class A Ordinary Shares,Consumer Discretionary,Publishing
CRESY,Cresud S.A.C.I.F. y A. American Depositary Shares,Finance,Real Estate
CREX,Creative Realities Inc. Common Stock,Technology,EDP Services
CRF,Cornerstone Total Return Fund Inc. (The) Common Stock,Finance,Finance/Investors Services
CRGO,Freightos Limited Ordinary shares,Industrials,Integrated Freight & Logistics
CRGOW,Freightos Limited Warrants,Industrials,Integrated Freight & Logistics
CRGY,Crescent Energy Company Class A Common Stock,Energy,Oil & Gas Production
CRH,CRH PLC Ordinary Shares,Industrials,Building Materials
CRI,Carter's Inc. Common Stock,Consumer Discretionary,Apparel
CRIS,Curis Inc. Common Stock,Health Care,Biotechnology: Biological Products (No Diagnostic Substances)
CRK,Comstock Resources Inc. Common Stock,Energy,Oil & Gas Production
CRL,Charles River Laboratories International Inc. Common Stock,Health Care,Biotechnology: Commercial Physical & Biological Resarch
CRM,Salesforce Inc. Common Stock,Technology,Computer Software: Prepackaged Software
CRMD,CorMedix Inc. Common Stock,Health Care,Biotechnology: Pharmaceutical Preparations
CRML,Critical Metals Corp. Ordinary Shares,Basic Materials,Metal Mining
CRMLW,Critical Metals Corp. Warrants,Basic Materials,Metal Mining
CRMT,America's Car-Mart Inc Common Stock,Consumer Discretionary,Retail-Auto Dealers and Gas Stations
CRNC,Cerence Inc. Common Stock,Technology,Computer Software: Prepackaged Software
CRNT,Ceragon Networks Ltd. Ordinary Shares,Technology,Radio And Television Broadcasting And Communications Equipment
CRON,Cronos Group Inc. Common Share,Health Care,Medicinal Chemicals and Botanical Products
CROX,Crocs Inc. Common Stock,Consumer Discretionary,Shoe Manufacturing
CRS,Carpenter Technology Corporation Common Stock,Industrials,Steel/Iron Ore
CRSP,CRISPR Therapeutics AG Common Shares,Health Care,Biotechnology: Biological Products (No Diagnostic Substances)
CRSR,Corsair Gaming Inc. Common Stock,Technology,Computer peripheral equipment
CRT,Cross Timbers Royalty Trust Common Stock,Energy,Oil & Gas Production
CRTO,Criteo S.A. Ordinary Shares,Consumer Discretionary,Advertising
CRUS,Cirrus Logic Inc. Common Stock,Technology,Semiconductors
CRVL,CorVel Corp. Common Stock,Finance,Specialty Insurers
CRVO,CervoMed Inc. Common Stock,Health Care,Biotechnology: Pharmaceutical Preparations
CRVS,Corvus Pharmaceuticals Inc. Common Stock,Health Care,Biotechnology: Pharmaceutical Preparations
CRWD,CrowdStrike Holdings Inc. Class A Common Stock,Technology,Computer Software: Prepackaged Software
CRWS,Crown Crafts Inc Common Stock,Consumer Discretionary,Textiles
CRWV,CoreWeave Inc. Class A Common Stock,Technology,Computer Software: Prepackaged Software
CSAI,Cloudastructure Inc. Class A Common Stock,Technology,Computer Software: Programming Data Processing
CSAN,Cosan S.A. ADS,Consumer Discretionary,Retail-Auto Dealers and Gas Stations
CSBR,Champions Oncology Inc. Common Stock,Health Care,Biotechnology: Biological Products (No Diagnostic Substances)
CSCO,Cisco Systems Inc. Common Stock (DE),Telecommunications,Computer Communications Equipment
CSGP,CoStar Group Inc. Common Stock,Finance,Real Estate
CSHR,CoinShares PLC Ordinary Shares,Finance,Investment Bankers/Brokers/Service
CSHRW,CoinShares PLC Warrants,Finance,Investment Bankers/Brokers/Service
CSIQ,Canadian Solar Inc. Common Shares (ON),Technology,Semiconductors
CSL,Carlisle Companies Incorporated Common Stock,Industrials,Specialty Chemicals
CSPI,CSP Inc. Common Stock,Technology,EDP Services
CSQ,Calamos Strategic Total Return Common Stock,Finance,Finance Companies
CSQR,Csquare Inc. Common Stock,Technology,Computer Software: Programming Data Processing
CSR,D/B/A Centerspace Common Stock,Real Estate,Real Estate Investment Trusts
CSTE,Caesarstone Ltd. Ordinary Shares,Industrials,Building Materials
CSTL,Castle Biosciences Inc. Common Stock,Health Care,Medical Specialities
CSTM,Constellium SE Ordinary Shares (France),Industrials,Metal Fabrications
CSV,Carriage Services Inc. Common Stock,Consumer Discretionary,Other Consumer Services
CSW,CSW Industrials Inc. Common Stock,Industrials,Home Furnishings
CSWC,Capital Southwest Corporation Common Stock,Consumer Discretionary,Textiles
CSX,CSX Corporation Common Stock,Industrials,Railroads
CTAA,ClearThink 1 Acquisition Corp. Class A Ordinary Shares,Finance,Blank Checks
CTAAU,ClearThink 1 Acquisition Corp. Units,Finance,Blank Checks
CTAS,Cintas Corporation Common Stock,Industrials,Garments and Clothing
CTBI,Community Trust Bancorp Inc. Common Stock,Finance,Major Banks
CTEV,Claritev Corporation Class A Common Stock,Consumer Discretionary,Business Services
CTGG,Qwest Corporation 6.500% Senior Notes due 2051 (denominations of $25),Telecommunications,Telecommunications Equipment
CTGO,Contango Silver & Gold Inc. Common Stock,Basic Materials,Precious Metals
CTHH,Qwest Corporation 6.750% Senior Notes due 2052 (denominations of $25),Telecommunications,Telecommunications Equipment
CTKB,Cytek Biosciences Inc. Common Stock,Industrials,Biotechnology: Laboratory Analytical Instruments
CTM,Castellum Inc. Common Stock,Consumer Discretionary,Professional Services
CTMX,CytomX Therapeutics Inc. Common Stock,Health Care,Biotechnology: Pharmaceutical Preparations
CTNM,Contineum Therapeutics Inc. Class A Common Stock,Health Care,Biotechnology: Pharmaceutical Preparations
CTNT,Cheetah Net Supply Chain Service Inc Class A Common Stock,Consumer Discretionary,Motor Vehicles
CTO,CTO Realty Growth Inc. Common Stock,Real Estate,Real Estate Investment Trusts
CTOR,Citius Oncology Inc. Common Stock,Health Care,Biotechnology: Pharmaceutical Preparations
CTOS,Custom Truck One Source Inc. Common Stock,Consumer Discretionary,Diversified Commercial Services
CTRE,CareTrust REIT Inc. Common Stock,Real Estate,Real Estate Investment Trusts
CTRI,Centuri Holdings Inc. Common Stock,Utilities,Oil & Gas Production
CTRM,Castor Maritime Inc. Common Shares,Consumer Discretionary,Marine Transportation
CTRN,Citi Trends Inc. Common Stock,Consumer Discretionary,Clothing/Shoe/Accessory Stores
CTS,CTS Corporation Common Stock,Technology,Electrical Products
CTSH,Cognizant Technology Solutions Corporation Class A Common Stock,Technology,EDP Services
CTSO,Cytosorbents Corporation Common Stock,Health Care,Medical/Dental Instruments
CTVA,Corteva Inc. Common Stock,Consumer Staples,Farming/Seeds/Milling
CTW,CTW Class A Ordinary Shares,Technology,EDP Services
CTXR,Citius Pharmaceuticals Inc. Common Stock,Health Care,Biotechnology: Pharmaceutical Preparations
CUB,Lionheart Holdings Class A Ordinary Shares,Industrials,Industrial Machinery/Components
CUBB,Customers Bancorp Inc 5.375% Subordinated Notes Due 2034,Finance,Major Banks
CUBE,CubeSmart Common Shares,Real Estate,Real Estate Investment Trusts
CUBI,Customers Bancorp Inc Common Stock,Finance,Major Banks
CUBWW,Lionheart Holdings Warrant,Industrials,Industrial Machinery/Components
CUE,Cue Biopharma Inc. Common Stock,Health Care,Biotechnology: Pharmaceutical Preparations
CULP,Culp Inc. Common Stock,Consumer Discretionary,Textiles
CUPR,Cuprina Holdings (Cayman) Limited Class A Ordinary Shares,Health Care,Industrial Specialties
CURB,Curbline Properties Corp. Common Stock,Finance,Real Estate
CURI,CuriosityStream Inc. Class A Common Stock,Consumer Discretionary,Movies/Entertainment
CURR,Currenc Group Inc. Ordinary Shares,Consumer Discretionary,Business Services
CURV,Torrid Holdings Inc. Common Stock,Consumer Discretionary,Clothing/Shoe/Accessory Stores
CURX,Curanex Pharmaceuticals Inc Common Stock,Health Care,Biotechnology: Pharmaceutical Preparations
CUVL,Clinuvel Pharmaceuticals Limited American Depositary Shares,Miscellaneous,Miscellaneous
CUZ,Cousins Properties Incorporated Common Stock,Real Estate,Real Estate Investment Trusts
CV,CapsoVision Inc. Common Stock,Health Care,Biotechnology: Electromedical & Electrotherapeutic Apparatus
CVBF,CVB Financial Corporation Common Stock,Finance,Major Banks
CVCO,Cavco Industries Inc. Common Stock When Issued,Consumer Discretionary,Homebuilding
CVE,Cenovus Energy Inc Common Stock,Energy,Oil & Gas Production
CVEO,Civeo Corporation (Canada) Common Shares,Consumer Discretionary,Hotels/Resorts
CVGI,Commercial Vehicle Group Inc. Common Stock,Consumer Discretionary,Auto Parts:O.E.M.
CVI,CVR Energy Inc. Common Stock,Energy,Integrated oil Companies
CVKD,Cadrenal Therapeutics Inc. Common Stock,Health Care,Biotechnology: Pharmaceutical Preparations
CVLG,Covenant Logistics Group Inc. Class A Common Stock,Industrials,Trucking Freight/Courier Services
CVLT,Commvault Systems Inc. Common Stock,Technology,Computer Software: Prepackaged Software
CVM,Cel-Sci Corporation Common Stock,Health Care,Biotechnology: Biological Products (No Diagnostic Substances)
CVNA,Carvana Co. Class A Common Stock,Consumer Discretionary,Retail-Auto Dealers and Gas Stations
CVR,Chicago Rivet & Machine Co. Common Stock,Industrials,Industrial Machinery/Components
CVRX,CVRx Inc. Common Stock,Health Care,Medical/Dental Instruments
CVS,CVS Health Corporation Common Stock,Consumer Staples,Retail-Drug Stores and Proprietary Stores
CVSA,Covista Inc. Common Shares,Real Estate,Other Consumer Services
CVU,CPI Aerostructures Inc. Common Stock,Industrials,Military/Government/Technical
CVV,CVD Equipment Corporation Common Stock,Technology,Industrial Machinery/Components
CVX,Chevron Corporation Common Stock,Energy,Integrated oil Companies
CW,Curtiss-Wright Corporation Common Stock,Technology,Industrial Machinery/Components
CWBC,Community West Bancshares Common Stock,Finance,Major Banks
CWCO,Consolidated Water Co. Ltd. Ordinary Shares,Utilities,Water Supply
CWD,CaliberCos Inc. Class A Common Stock,Finance,Real Estate
CWEN,Clearway Energy Inc. Class C Common Stock,Utilities,Electric Utilities: Central
CWH,Camping World Holdings Inc. Class A Common Stock,Consumer Discretionary,Retail-Auto Dealers and Gas Stations
CWK,Cushman & Wakefield Ltd. Common Shares,Finance,Real Estate
CWST,Casella Waste Systems Inc. Class A Common Stock,Utilities,Environmental Services
CWT,California Water Service Group Common Stock,Utilities,Water Supply
CX,Cemex S.A.B. de C.V. Sponsored ADR,Industrials,Building Materials
CXAI,CXApp Inc. Class A Common Stock,Technology,EDP Services
CXAIW,CXApp Inc. Warrant,Technology,EDP Services
CXDO,Crexendo Inc. Common Stock,Telecommunications,Telecommunications Equipment
CXII,Churchill Capital Corp XII Class A Ordinary Shares,Finance,Blank Checks
CXIIW,Churchill Capital Corp XII Warrants,Finance,Blank Checks
CXM,Sprinklr Inc. Class A Common Stock,Technology,Computer Software: Prepackaged Software
CXT,Crane NXT Co. Common Stock,Industrials,Metal Fabrications
CXW,CoreCivic Inc. Common Stock,Real Estate,Real Estate Investment Trusts
CYAB,Cyabra Inc. Common Stock,Technology,Computer Software: Prepackaged Software
CYCU,Cycurion Inc. Common Stock,Technology,EDP Services
CYCUW,Cycurion Inc. Warrant,Technology,EDP Services
CYD,China Yuchai International Limited Common Stock,Industrials,Industrial Machinery/Components
CYH,Community Health Systems Inc. Common Stock,Health Care,Hospital/Nursing Management
CYN,Cyngn Inc. Common Stock,Technology,EDP Services
CYPH,Cypherpunk Technologies Inc. Common Stock,Health Care,Biotechnology: Pharmaceutical Preparations
CYRX,CryoPort Inc. Common Stock,Health Care,Biotechnology: Pharmaceutical Preparations
CYTK,Cytokinetics Incorporated Common Stock,Health Care,Biotechnology: Pharmaceutical Preparations
CZFS,Citizens Financial Services Inc. Common Stock,Finance,Major Banks
CZNC,Citizens & Northern Corp Common Stock,Finance,Major Banks
CZR,Caesars Entertainment Inc. Common Stock,Consumer Discretionary,Hotels/Resorts
CZWI,Citizens Community Bancorp Inc. Common Stock,Finance,Savings Institutions
D,Dominion Energy Inc. Common Stock,Utilities,Electric Utilities: Central
DAAQ,Digital Asset Acquisition Corp. Class A Ordinary shares,Finance,Blank Checks
DAAQW,Digital Asset Acquisition Corp. Warrant,Finance,Blank Checks
DAC,Danaos Corporation Common Stock,Consumer Discretionary,Marine Transportation
DAIC,CID HoldCo Inc. Common Stock,Technology,EDP Services
DAICW,CID HoldCo Inc. Warrants,Technology,EDP Services
DAIO,Data I/O Corporation Common Stock,Industrials,Electrical Products
DAKT,Daktronics Inc. Common Stock,Consumer Discretionary,Miscellaneous manufacturing industries
DAL,Delta Air Lines Inc. Common Stock,Consumer Discretionary,Air Freight/Delivery Services
DAN,Dana Incorporated Common Stock,Consumer Discretionary,Auto Parts:O.E.M.
DAO,Youdao Inc. American Depositary Shares each representing one Class A Ordinary Share,Real Estate,Other Consumer Services
DAR,Darling Ingredients Inc. Common Stock,Consumer Staples,Packaged Foods
DARE,Dare Bioscience Inc. Common Stock,Health Care,Biotechnology: Pharmaceutical Preparations
DASH,DoorDash Inc. Class A Common Stock,Consumer Discretionary,Business Services
DAVA,Endava plc American Depositary Shares (each representing one Class A Ordinary Share),Technology,EDP Services
DAVE,Dave Inc. Class A Common Stock,Finance,Finance: Consumer Services
DAVEW,Dave Inc. Warrants,Finance,Finance: Consumer Services
DB,Deutsche Bank AG Common Stock,Finance,Major Banks
DBCA,D. Boral Acquisition I Corp. Class A Ordinary Shares,Finance,Blank Checks
DBCAU,D. Boral Acquisition I Corp. Unit,Finance,Blank Checks
DBCAW,D. Boral Acquisition I Corp. Warrants,Finance,Blank Checks
DBD,Diebold Nixdorf Incorporated Common stock,Miscellaneous,Office Equipment/Supplies/Services
DBGI,Digital Brands Group Inc. Common Stock,Consumer Discretionary,Clothing/Shoe/Accessory Stores
DBI,Designer Brands Inc. Class A Common Stock,Consumer Discretionary,Clothing/Shoe/Accessory Stores
DBL,DoubleLine Opportunistic Credit Fund Common Shares of Beneficial Interest,,
DBRG,DigitalBridge Group Inc.,Real Estate,Real Estate Investment Trusts
DBVT,DBV Technologies S.A. American Depositary Shares,Health Care,Biotechnology: Biological Products (No Diagnostic Substances)
DBX,Dropbox Inc. Class A Common Stock,Technology,Computer Software: Prepackaged Software
DC,Dakota Gold Corp. Common Stock,Basic Materials,Metal Mining
DCBG,Dime Commercial Bancshares Inc. 9.000% Junior Subordinated Notes,Finance,Major Banks
DCBO,Docebo Inc. Common Shares,Technology,Computer Software: Prepackaged Software
DCGO,DocGo Inc. Common Stock,Health Care,Medical/Nursing Services
DCH,Dauch Corporation Common Stock,Consumer Discretionary,Auto Parts:O.E.M.
DCI,Donaldson Company Inc. Common Stock,Industrials,Pollution Control Equipment
DCO,Ducommun Incorporated Common Stock,Industrials,Military/Government/Technical
DCOM,Dime Commercial Bancshares Inc. Common Stock,Finance,Major Banks
DCOY,Decoy Therapeutics Inc. Common Stock,Health Care,Biotechnology: Pharmaceutical Preparations
DCTH,Delcath Systems Inc. Common Stock,Health Care,Medical/Dental Instruments
DCX,Digital Currency X Technology Inc. Class A Ordinary Shares,Industrials,Auto Manufacturing
DD,DuPont de Nemours Inc. Common Stock,Industrials,Major Chemicals
DDC,DDC Enterprise Limited Class A Ordinary Shares,Consumer Staples,Packaged Foods
DDD,3D Systems Corporation Common Stock,Technology,Computer Software: Prepackaged Software
DDI,DoubleDown Interactive Co. Ltd. American Depository Shares,Technology,EDP Services
DDL,Dingdong (Cayman) Limited American Depositary Shares (each two representing three Ordinary Shares),Consumer Discretionary,Catalog/Specialty Distribution
DDOG,Datadog Inc. Class A Common Stock,Technology,Computer Software: Prepackaged Software
DDS,Dillard's Inc. Common Stock,Consumer Discretionary,Department/Specialty Retail Stores
DDT,Dillard's Capital Trust I,Consumer Discretionary,Department/Specialty Retail Stores
DE,Deere & Company Common Stock,Industrials,Industrial Machinery/Components
DEA,Easterly Government Properties Inc. Common Stock,Real Estate,Real Estate Investment Trusts
DEC,Diversified Energy Company Common Stock,,
DECK,Deckers Outdoor Corporation Common Stock,Consumer Discretionary,Shoe Manufacturing
DEFT,Defi Technologies Inc. Common Stock,Finance,Finance: Consumer Services
DEI,Douglas Emmett Inc. Common Stock,Real Estate,Real Estate Investment Trusts
DELL,Dell Technologies Inc. Class C Common Stock,Technology,Computer Manufacturing
DEO,Diageo plc Common Stock,Consumer Staples,Beverages (Production/Distribution)
DERM,Journey Medical Corporation Common Stock,Health Care,Biotechnology: Pharmaceutical Preparations
DETX,Liberty Defense Holdings Ltd. Common Shares,Industrials,Industrial Machinery/Components
DFDV,DeFi Development Corp. Common Stock,Finance,Finance: Consumer Services
DFDVW,DeFi Development Corp. Warrant,Finance,Finance: Consumer Services
DFH,Dream Finders Homes Inc. Class A Common Stock,Consumer Discretionary,Homebuilding
DFIN,Donnelley Financial Solutions Inc. Common Stock,Consumer Discretionary,Other Consumer Services
DFLI,Dragonfly Energy Holdings Corp. Common Stock (NV),Miscellaneous,Industrial Machinery/Components
DFLIW,Dragonfly Energy Holdings Corp. Warrant,Miscellaneous,Industrial Machinery/Components
DFNS,T3 Defense Inc. Common Stock,Consumer Discretionary,Professional Services
DFNSW,T3 Defense Inc. Warrants,Consumer Discretionary,Professional Services
DFP,Flaherty & Crumrine Dynamic Preferred and Income Fund Inc. Common Stock,Finance,Investment Managers
DFSC,DEFSEC Technologies Inc. Common Stock,Technology,Computer Software: Prepackaged Software
DFSCW,DEFSEC Technologies Inc. Warrant,Technology,Computer Software: Prepackaged Software
DFTX,Definium Therapeutics Inc. Common Shares,Health Care,Medicinal Chemicals and Botanical Products
DG,Dollar General Corporation Common Stock,Consumer Discretionary,Department/Specialty Retail Stores
DGAC,Disciplined Growth Acquisition Corporation Class A Ordinary Shares,,
DGICA,Donegal Group Inc. Class A Common Stock,Finance,Property-Casualty Insurers
DGICB,Donegal Group Inc. Class B Common Stock,Finance,Property-Casualty Insurers
DGII,Digi International Inc. Common Stock,Telecommunications,Computer Communications Equipment
DGNX,Diginex Limited Ordinary Shares,Technology,EDP Services
DGX,Quest Diagnostics Incorporated Common Stock,Health Care,Medical Specialities
DGXX,Digi Power X Inc. Subordinate Voting Shares,Finance,Finance: Consumer Services
DH,Definitive Healthcare Corp. Class A Common Stock,Technology,Computer Software: Prepackaged Software
DHC,Diversified Healthcare Trust Common Shares of Beneficial Interest,Real Estate,Real Estate Investment Trusts
DHCNI,Diversified Healthcare Trust 5.625% Senior Notes due 2042,Real Estate,Real Estate Investment Trusts
DHCNL,Diversified Healthcare Trust 6.25% Senior Notes Due 2046,Real Estate,Real Estate Investment Trusts
DHF,BNY Mellon High Yield Strategies Fund Common Stock,Finance,Finance Companies
DHI,D.R. Horton Inc. Common Stock,Consumer Discretionary,Homebuilding
DHR,Danaher Corporation Common Stock,Industrials,Industrial Machinery/Components
DHT,DHT Holdings Inc.,Consumer Discretionary,Marine Transportation
DHX,DHI Group Inc. Common Stock,Consumer Discretionary,Business Services
DHY,UBS Asset Management High Yield Credit Fund Common Stock,Finance,Finance/Investors Services
DIBS,1stdibs.com Inc. Common Stock,Consumer Discretionary,Catalog/Specialty Distribution
DIN,Dine Brands Global Inc. Common Stock,Consumer Discretionary,Restaurants
DINO,HF Sinclair Corporation Common Stock,Energy,Natural Gas Distribution
DIOD,Diodes Incorporated Common Stock,Technology,Semiconductors
DIS,Walt Disney Company (The) Common Stock,Consumer Discretionary,Services-Misc. Amusement & Recreation
DIT,AMCON Distributing Company Common Stock,Consumer Discretionary,Food Distributors
DJCO,Daily Journal Corp. (S.C.) Common Stock,Consumer Discretionary,Newspapers/Magazines
DJT,Trump Media & Technology Group Corp. Common Stock,Technology,Computer Software: Programming Data Processing
DJTWW,Trump Media & Technology Group Corp. Warrants,Technology,Computer Software: Programming Data Processing
DK,Delek US Holdings Inc. Common Stock,Energy,Integrated oil Companies
DKI,DarkIris Inc. Class A Ordinary Shares,Technology,Computer Software: Prepackaged Software
DKL,Delek Logistics Partners L.P. Common Units representing Limited Partner Interests,Energy,Natural Gas Distribution
DKNG,DraftKings Inc. Class A Common Stock,Consumer Discretionary,Services-Misc. Amusement & Recreation
DKS,Dick's Sporting Goods Inc Common Stock,Consumer Discretionary,Other Specialty Stores
DLB,Dolby Laboratories Common Stock,Miscellaneous,Multi-Sector Companies
DLHC,DLH Holdings Corp.,Consumer Discretionary,Professional Services
DLNG,Dynagas LNG Partners LP Common Units,Consumer Discretionary,Marine Transportation
DLO,DLocal Limited Class A Common Shares,Consumer Discretionary,Business Services
DLPN,Dolphin Entertainment Inc. Common Stock,Consumer Discretionary,Other Consumer Services
DLR,Digital Realty Trust Inc. Common Stock,Real Estate,Real Estate Investment Trusts
DLTH,Duluth Holdings Inc. Class B Common Stock,Consumer Discretionary,Clothing/Shoe/Accessory Stores
DLTR,Dollar Tree Inc. Common Stock,Consumer Discretionary,Department/Specialty Retail Stores
DLX,Deluxe Corporation Common Stock,Consumer Discretionary,Publishing
DLXY,Delixy Holdings Limited Class A Ordinary Shares,Energy,Oil Refining/Marketing
DLY,DoubleLine Yield Opportunities Fund Common Shares of Beneficial Interest,Finance,Investment Managers
DMA,Destra Multi-Alternative Fund Common Stock,Finance,Trusts Except Educational Religious and Charitable
DMAA,Drugs Made In America Acquisition Corp. Ordinary Shares,,
DMAAR,Drugs Made In America Acquisition Corp. Rights,Finance,Blank Checks
DMAC,DiaMedica Therapeutics Inc. Common Stock,Health Care,Biotechnology: Pharmaceutical Preparations
DMB,BNY Mellon Municipal Bond Infrastructure Fund Inc. Common Stock,Finance,Trusts Except Educational Religious and Charitable
DMC,Del Monte Corporation Ordinary Shares,Consumer Staples,Farming/Seeds/Milling
DMII,Drugs Made In America Acquisition II Corp. Ordinary Shares,Finance,Blank Checks
DMIIR,Drugs Made In America Acquisition II Corp. Right,Finance,Blank Checks
DMIIU,Drugs Made In America Acquisition II Corp. Unit,,
DMLP,Dorchester Minerals L.P. Common Units Representing Limited Partnership Interests,Energy,Oil & Gas Production
DMO,Western Asset Mortgage Opportunity Fund Inc. Common Stock,Finance,Trusts Except Educational Religious and Charitable
DMRA,Damora Therapeutics Inc. Ordinary Shares,Health Care,Biotechnology: Pharmaceutical Preparations
DMRC,Digimarc Corporation Common Stock,Technology,EDP Services
DNA,Ginkgo Bioworks Holdings Inc. Class A Common Stock,Health Care,Biotechnology: Biological Products (No Diagnostic Substances)
DNLI,Denali Therapeutics Inc. Common Stock,Health Care,Biotechnology: Biological Products (No Diagnostic Substances)
DNMX,Dynamix Corporation III Class A Ordinary Shares,Finance,Blank Checks
DNMXU,Dynamix Corporation III Unit,Finance,Blank Checks
DNMXW,Dynamix Corporation III Warrants,Finance,Blank Checks
DNN,Denison Mines Corp Ordinary Shares (Canada),Basic Materials,Other Metals and Minerals
DNOW,DNOW Inc. Common Stock,Consumer Discretionary,Oil and Gas Field Machinery
DNP,DNP Select Income Fund Inc. Common Stock,Finance,Investment Managers
DNTH,Dianthus Therapeutics Inc. Common Stock,Health Care,Biotechnology: Pharmaceutical Preparations
DNUT,Krispy Kreme Inc. Common Stock,Consumer Staples,Food Chains
DOC,Healthpeak Properties Inc. Common Stock,Real Estate,Real Estate Investment Trusts
DOCN,DigitalOcean Holdings Inc. Common Stock,Technology,Computer Software: Programming Data Processing
DOCS,Doximity Inc. Class A Common Stock,Technology,EDP Services
DOCU,DocuSign Inc. Common Stock,Technology,Computer Software: Prepackaged Software
DOGZ,Dogness (International) Corporation Class A Common Stock,Consumer Discretionary,Miscellaneous manufacturing industries
DOLE,Dole plc Ordinary Shares,Consumer Staples,Farming/Seeds/Milling
DOMH,Dominari Holdings Inc. Common Stock,Finance,Investment Bankers/Brokers/Service
DOMO,Domo Inc. Class B Common Stock,Technology,Computer Software: Prepackaged Software
DOO,BRP Inc. Common Subordinate Voting Shares,Consumer Discretionary,Industrial Specialties
DORM,Dorman Products Inc. Common Stock,Consumer Discretionary,Auto Parts:O.E.M.
DOUG,Douglas Elliman Inc. Common Stock,Finance,Real Estate
DOV,Dover Corporation Common Stock,Industrials,Industrial Machinery/Components
DOW,Dow Inc. Common Stock,Industrials,Major Chemicals
DOX,Amdocs Limited Ordinary Shares,Technology,EDP Services
DOYU,DouYu International Holdings Limited ADS,Technology,Computer Software: Programming Data Processing
DPC,DPC Holdings PLC Ordinary Shares,Telecommunications,Metal Fabrications
DPG,Duff & Phelps Utility and Infrastructure Fund Inc.,Finance,Trusts Except Educational Religious and Charitable
DPRO,Draganfly Inc. Common Shares,Industrials,Aerospace
DPU,Top KingWin Ltd Class A Ordinary Shares,Consumer Discretionary,Business Services
DPZ,Domino's Pizza Inc Common Stock,Consumer Discretionary,Food Distributors
DQ,DAQO New Energy Corp. American Depositary Shares each representing five ordinary shares,Technology,Semiconductors
DRCT,Direct Digital Holdings Inc. Class A Common Stock,Consumer Discretionary,Advertising
DRD,DRDGOLD Limited American Depositary Shares,Basic Materials,Precious Metals
DRDB,Roman DBDR Acquisition Corp. II Ordinary shares,,
DRDBU,Roman DBDR Acquisition Corp. II Unit,,
DRDBW,Roman DBDR Acquisition Corp. II Warrants,,
DRH,Diamondrock Hospitality Company Common Stock,Real Estate,Real Estate Investment Trusts
DRI,Darden Restaurants Inc. Common Stock,Consumer Discretionary,Restaurants
DRIO,DarioHealth Corp. Common Stock,Health Care,Medical/Dental Instruments
DRK,DarkHorse Technologies Inc. Common Shares,,
DRMA,Dermata Therapeutics Inc. Common Stock,Health Care,Biotechnology: Pharmaceutical Preparations
DRS,Leonardo DRS Inc. Common Stock,Industrials,Industrial Machinery/Components
DRTS,Alpha Tau Medical Ltd. Ordinary Shares,Health Care,Medical/Dental Instruments
DRTSW,Alpha Tau Medical Ltd. Warrant,Health Care,Medical/Dental Instruments
DRUG,Bright Minds Biosciences Inc. Common Stock,Health Care,Biotechnology: Pharmaceutical Preparations
DRVN,Driven Brands Holdings Inc. Common Stock,Consumer Discretionary,Automotive Aftermarket
DSAC,Daedalus Special Acquisition Corp. Class A Ordinary Shares,Finance,Blank Checks
DSACW,Daedalus Special Acquisition Corp. Warrant,Finance,Blank Checks
DSC,DSC Holdings Ltd. American Depositary Shares,Technology,Computer Software: Programming Data Processing
DSGN,Design Therapeutics Inc. Common Stock,Health Care,Biotechnology: Pharmaceutical Preparations
DSGR,Distribution Solutions Group Inc. Common Stock,Consumer Discretionary,Industrial Specialties
DSGX,Descartes Systems Group Inc. (The) Common Stock,Technology,Computer Software: Prepackaged Software
DSL,DoubleLine Income Solutions Fund Common Shares of Beneficial Interests,Finance,Trusts Except Educational Religious and Charitable
DSM,BNY Mellon Strategic Municipal Bond Fund Inc. Common Stock,Finance,Investment Managers
DSP,Viant Technology Inc. Class A Common Stock,Technology,Computer Software: Programming Data Processing
DSS,DSS Inc. Common Stock,Consumer Discretionary,Containers/Packaging
DSU,Blackrock Debt Strategies Fund Inc. Common Stock,Finance,Finance Companies
DSWL,Deswell Industries Inc. Common Shares,Industrials,Plastic Products
DSX,Diana Shipping inc. common stock,Consumer Discretionary,Marine Transportation
DSY,Big Tree Cloud Holdings Limited Class A Ordinary Shares,Consumer Discretionary,Containers/Packaging
DSYWW,Big Tree Cloud Holdings Limited Warrants,Consumer Discretionary,Containers/Packaging
DT,Dynatrace Inc. Common Stock,Technology,Computer Software: Prepackaged Software
DTB,DTE Energy Company 2020 Series G 4.375% Junior Subordinated Debentures due 2080,Utilities,Electric Utilities: Central
DTCX,Datacentrex Inc. Common Stock,Technology,EDP Services
DTE,DTE Energy Company Common Stock,Utilities,Electric Utilities: Central
DTF,DTF Tax-Free Income 2028 Term Fund Inc. Common Stock,Finance,Investment Managers
DTG,DTE Energy Company 2021 Series E 4.375% Junior Subordinated Debentures,Utilities,Electric Utilities: Central
DTI,Drilling Tools International Corporation Common Stock,Consumer Discretionary,Oil and Gas Field Machinery
DTIL,Precision BioSciences Inc. Common Stock,Health Care,Biotechnology: Biological Products (No Diagnostic Substances)
DTK,DTE Energy Company 2025 Series H 6.25% Junior Subordinated Debentures due 2085,Utilities,Electric Utilities: Central
DTM,DT Midstream Inc. Common Stock,Utilities,Natural Gas Distribution
DTSQ,DT Cloud Star Acquisition Corporation Ordinary Shares,,
DTSQR,DT Cloud Star Acquisition Corporation Right,Finance,Blank Checks
DTSQU,DT Cloud Star Acquisition Corporation Units,Finance,Blank Checks
DTSS,Datasea Intelligent Technology Ltd. Class A Ordinary Shares,Technology,Computer Software: Prepackaged Software
DTST,Data Storage Corporation Common Stock,Technology,EDP Services
DTW,DTE Energy Company 2017 Series E 5.25% Junior Subordinated Debentures due 2077,Utilities,Electric Utilities: Central
DUK,Duke Energy Corporation (Holding Company) Common Stock,Utilities,Power Generation
DUKB,Duke Energy Corporation 5.625% Junior Subordinated Debentures due 2078,Utilities,Power Generation
DUKR,DUKE Robotics Corp. Common Stock,Industrials,Aerospace
DUKRW,DUKE Robotics Corp. Warrant,Industrials,Aerospace
DUKU,Duke Energy Corporation Corporate Units,Utilities,Power Generation
DUO,Fangdd Network Group Ltd. Class A Ordinary Shares,Finance,Real Estate
DUOL,Duolingo Inc. Class A Common Stock,Technology,Computer Software: Prepackaged Software
DUOT,Duos Technologies Group Inc. Common Stock,Technology,Computer Software: Prepackaged Software
DV,DoubleVerify Holdings Inc. Common Stock,Technology,Computer Software: Programming Data Processing
DVA,DaVita Inc. Common Stock,Health Care,Misc Health and Biotechnology Services
DVLT,Datavault AI Inc. Common Stock,Consumer Discretionary,Business Services
DVN,Devon Energy Corporation Common Stock,Energy,Oil & Gas Production
DWSN,Dawson Geophysical Company Common Stock,Energy,Oil & Gas Production
DWTX,Dogwood Therapeutics Inc. Common Stock,Health Care,Biotechnology: Pharmaceutical Preparations
DX,Dynex Capital Inc. Common Stock,Real Estate,Real Estate Investment Trusts
DXC,DXC Technology Company Common Stock,Technology,EDP Services
DXCM,DexCom Inc. Common Stock,Health Care,Medical/Dental Instruments
DXF,Eason Technology Limited American Depositary Shares (each representing sixty-thousand (60000) Ordinary Shares),Finance,Finance: Consumer Services
DXLG,Destination XL Group Inc. Common Stock,Consumer Discretionary,Clothing/Shoe/Accessory Stores
DXPE,DXP Enterprises Inc. Common Stock,Industrials,Industrial Machinery/Components
DXR,Daxor Corporation Common Stock,Health Care,Medical/Dental Instruments
DXST,Decent Holding Inc Class A Ordinary Shares,Industrials,Miscellaneous
DXYZ,Destiny Tech100 Inc. Common Stock,,
DY,Dycom Industries Inc. Common Stock,Industrials,Water Sewer Pipeline Comm & Power Line Construction
DYAI,Dyadic International Inc. Common Stock,Health Care,Biotechnology: Biological Products (No Diagnostic Substances)
DYN,Dyne Therapeutics Inc. Common Stock,Health Care,Biotechnology: Pharmaceutical Preparations
DYNC,Dynamix Corporation Class A Ordinary Shares,,
DYNCW,Dynamix Corporation Warrant,,
DYOR,Insight Digital Partners II Class A Ordinary Shares,Finance,Blank Checks
E,ENI S.p.A. Common Stock,Energy,Oil & Gas Production
EAD,Allspring Income Opportunities Fund Common Shares,Finance,Finance/Investors Services
EAF,GrafTech International Ltd. Common Stock,Energy,Industrial Machinery/Components
EAI,Entergy Arkansas LLC First Mortgage Bonds 4.875% Series Due September 1 2066,Utilities,Electric Utilities: Central
EARN,Ellington Credit Company Common Shares of Beneficial Interest,Real Estate,Real Estate Investment Trusts
EAT,Brinker International Inc. Common Stock,Consumer Discretionary,Restaurants
EBAY,eBay Inc. Common Stock,Consumer Discretionary,Business Services
EBC,Eastern Bankshares Inc. Common Stock,Finance,Savings Institutions
EBF,Ennis Inc. Common Stock,Consumer Discretionary,Office Equipment/Supplies/Services
EBMT,Eagle Bancorp Montana Inc. Common Stock,Finance,Major Banks
EBON,Ebang International Holdings Inc. Class A Ordinary Shares,Finance,Investment Bankers/Brokers/Service
EBS,Emergent BioSolutions Inc. Common Stock,Health Care,Biotechnology: Pharmaceutical Preparations
EC,Ecopetrol S.A. American Depositary Shares,Energy,Oil & Gas Production
ECAT,BlackRock ESG Capital Allocation Term Trust Common Shares of Beneficial Interest,Finance,Finance/Investors Services
ECBK,ECB Bancorp Inc. Common Stock,Finance,Banks
ECC,Eagle Point Credit Company Common Share of Beneficial Interest,Finance,Trusts Except Educational Religious and Charitable
ECCC,Eagle Point Credit Company 6.50% Series C Term Preferred Stock due 2031,Finance,Trusts Except Educational Religious and Charitable
ECCU,Eagle Point Credit Company 7.75% Notes due 2030,,
ECCV,Eagle Point Credit Company 5.375% Notes due 2029,Finance,Trusts Except Educational Religious and Charitable
ECF,Ellsworth Growth and Income Fund Ltd.,Finance,Finance/Investors Services
ECG,Everus Construction Group Inc. Common Stock,Consumer Discretionary,Homebuilding
ECHO,EchoStar  Corporation Common Stock,Consumer Discretionary,Telecommunications Equipment
ECL,Ecolab Inc. Common Stock,Consumer Discretionary,Package Goods/Cosmetics
ECO,Okeanis Eco Tankers Corp. Common Stock,Consumer Discretionary,Marine Transportation
ECOR,electroCore Inc. Common Stock,Health Care,Biotechnology: Electromedical & Electrotherapeutic Apparatus
ECPG,Encore Capital Group Inc Common Stock,Finance,Finance Companies
ECVT,Ecovyst Inc. Common Stock,Industrials,Major Chemicals
ECX,ECARX Holdings Inc. Class A Ordinary shares,Technology,EDP Services
ECXWW,ECARX Holdings Inc. Warrants,Technology,EDP Services
ED,Consolidated Edison Inc. Common Stock,Utilities,Power Generation
EDBL,Edible Garden AG Incorporated Common Stock,Consumer Staples,Farming/Seeds/Milling
EDBLW,Edible Garden AG Incorporated Warrant,Consumer Staples,Farming/Seeds/Milling
EDD,Morgan Stanley Emerging Markets Domestic Debt Fund Inc. Common Stock,Finance,Finance Companies
EDF,Virtus Stone Harbor Emerging Markets Income Fund Common Shares of Beneficial Interest,Finance,Investment Managers
EDHL,Everbright Digital Holding Limited Ordinary Shares,Consumer Discretionary,Advertising
EDIT,Editas Medicine Inc. Common Stock,Health Care,Biotechnology: Biological Products (No Diagnostic Substances)
EDN,Empresa Distribuidora Y Comercializadora Norte S.A. (Edenor) American Depositary Shares,Utilities,Electric Utilities: Central
EDRY,EuroDry Ltd. Common Shares,Consumer Discretionary,Marine Transportation
EDSA,Edesa Biotech Inc. Common Shares,Health Care,Biotechnology: Pharmaceutical Preparations
EDTK,Skillful Craftsman Education Technology Limited Ordinary Share,Real Estate,Other Consumer Services
EDU,New Oriental Education & Technology Group Inc. Sponsored ADR representing 10 Ordinary Share (Cayman Islands),Real Estate,Other Consumer Services
EDUC,Educational Development Corporation Common Stock,Consumer Discretionary,Consumer Specialties
EDVA,Endovia Health Sciences Inc. Common Stock,Consumer Staples,Beverages (Production/Distribution)
EE,Excelerate Energy Inc. Class A Common Stock,Utilities,Oil/Gas Transmission
EEA,The European Equity Fund Inc. Common Stock,Finance,Trusts Except Educational Religious and Charitable
EEFT,Euronet Worldwide Inc. Common Stock,Finance,Investment Bankers/Brokers/Service
EEIQ,EpicQuest Education Group International Limited Common Stock,Real Estate,Other Consumer Services
EFC,Ellington Financial Inc. Common Stock,Finance,Real Estate
EFOI,Energy Focus Inc. Common Stock,Consumer Discretionary,Building Products
EFOR,Everforth Inc. Common Stock,Consumer Discretionary,Professional Services
EFR,Eaton Vance Senior Floating-Rate Fund Common Shares of Beneficial Interest,Finance,Trusts Except Educational Religious and Charitable
EFSC,Enterprise Financial Services Corporation Common Stock,Finance,Major Banks
EFSCP,Enterprise Financial Services Corporation Depositary Shares Each Representing a 1/40th Interest in a Share of 5% Fixed Rate Non-Cumulative Perpetual Preferred Stock Series A,Finance,Major Banks
EFSI,Eagle Financial Services Inc Common Stock,Finance,Major Banks
EFT,Eaton Vance Floating Rate Income Trust Common Shares of Beneficial Interest,Finance,Finance Companies
EFX,Equifax Inc. Common Stock,Finance,Finance: Consumer Services
EFXT,Enerflex Ltd Common Shares,Industrials,Industrial Machinery/Components
EG,Everest Group Ltd. Common Stock,Finance,Property-Casualty Insurers
EGAN,eGain Corporation Common Stock,Technology,Computer Software: Prepackaged Software
EGBN,Eagle Bancorp Inc. Common Stock,Finance,Major Banks
EGG,Enigmatig Limited Class A Ordinary Shares,Consumer Discretionary,Professional Services
EGHA,EGH Acquisition Corp. Class A Ordinary Shares,Finance,Finance/Investors Services
EGHAU,EGH Acquisition Corp. Unit,Finance,Finance/Investors Services
EGHT,8x8 Inc Common Stock,Technology,EDP Services
EGO,Eldorado Gold Corporation Ordinary Shares,Basic Materials,Precious Metals
EGP,EastGroup Properties Inc. Common Stock,Real Estate,Real Estate Investment Trusts
EGY,VAALCO Energy Inc.  Common Stock,Energy,Oil & Gas Production
EH,EHang Holdings Limited ADS,Industrials,Aerospace
EHC,Encompass Health Corporation Common Stock,Health Care,Hospital/Nursing Management
EHGO,Eshallgo Inc. Class A Ordinary Shares,Consumer Discretionary,Diversified Commercial Services
EHI,Western Asset Global High Income Fund Inc Common Stock,Finance,Investment Managers
EHLD,Euroholdings Ltd. Common Stock,Consumer Discretionary,Marine Transportation
EHTH,eHealth Inc. Common Stock,Finance,Specialty Insurers
EIC,Eagle Point Income Company Common Shares of Beneficial Interest,Finance,Finance/Investors Services
EICA,Eagle Point Income Company 5.00% Series A Term Preferred Shares due 2026,Finance,Finance/Investors Services
EIG,Employers Holdings Inc Common Stock,Finance,Property-Casualty Insurers
EIIA,Eagle Point Institutional Income Fund 8.125% Series A Term Preferred Shares Due 2029,,
EIKN,Eikon Therapeutics Inc. Common Stock,Health Care,Biotechnology: Biological Products (No Diagnostic Substances)
EIM,Eaton Vance Municipal Bond Fund Common Shares of Beneficial Interest $.01 par value,Finance,Finance/Investors Services
EIX,Edison International Common Stock,Utilities,Electric Utilities: Central
EJH,E-Home Household Service Holdings Limited Ordinary Shares,Consumer Discretionary,Other Consumer Services
EL,Estee Lauder Companies Inc. (The) Common Stock,Consumer Discretionary,Package Goods/Cosmetics
ELA,Envela Corporation Common Stock,Consumer Discretionary,Consumer Specialties
ELAB,PMGC Holdings Inc. Common Stock,Health Care,Biotechnology: Pharmaceutical Preparations
ELAN,Elanco Animal Health Incorporated Common Stock,Health Care,Biotechnology: Pharmaceutical Preparations
ELBM,Electra Battery Materials Corporation Common Stock,Miscellaneous,Industrial Machinery/Components
ELC,Entergy Louisiana Inc. Collateral Trust Mortgage Bonds 4.875 % Series due September 1 2066,Utilities,Electric Utilities: Central
ELDN,Eledon Pharmaceuticals Inc. Common Stock,Health Care,Biotechnology: Pharmaceutical Preparations
ELE,Elemental Royalty Corporation Common Stock,Basic Materials,Precious Metals
ELF,e.l.f. Beauty Inc. Common Stock,Consumer Discretionary,Package Goods/Cosmetics
ELLA,Ellington Credit Company 8.50% Notes due 2031,Real Estate,Real Estate Investment Trusts
ELLO,Ellomay Capital Ltd Ordinary Shares (Israel),Utilities,Electric Utilities: Central
ELMD,Electromed Inc. Common Stock,Health Care,Biotechnology: Electromedical & Electrotherapeutic Apparatus
ELME,Elme Communities Common Stock,Real Estate,Real Estate Investment Trusts
ELMT,The Elmet Group Co. Common Stock,Industrials,Metal Fabrications
ELOG,Eastern International Ltd. Ordinary Shares,Industrials,Integrated Freight & Logistics
ELOX,Eloxx Pharmaceuticals Inc. Common Stock,Health Care,Biotechnology: Biological Products (No Diagnostic Substances)
ELPC,Companhia Paranaense de Energia (COPEL) American Depositary Shares (each representing four (4) Common Shares),Utilities,Electric Utilities: Central
ELPW,Elong Power Holding Limited Class A Ordinary Shares,Miscellaneous,Industrial Machinery/Components
ELS,Equity Lifestyle Properties Inc. Common Stock,Real Estate,Real Estate Investment Trusts
ELTK,Eltek Ltd. Ordinary Shares,Technology,Electrical Products
ELTX,Elicio Therapeutics Inc. Common Stock,Health Care,Biotechnology: Pharmaceutical Preparations
ELUT,Elutia Inc. Class A Common Stock,Health Care,Biotechnology: Biological Products (No Diagnostic Substances)
ELV,Elevance Health Inc. Common Stock,Health Care,Medical Specialities
ELVA,Electrovaya Inc. Common Shares,Miscellaneous,Industrial Machinery/Components
ELVN,Enliven Therapeutics Inc. Common Stock,Health Care,Biotechnology: Pharmaceutical Preparations
ELVR,Elevra Lithium Limited American Depository Shares,Industrials,Mining & Quarrying of Nonmetallic Minerals (No Fuels)
ELWT,Elauwit Connection Inc. Common Stock,Consumer Discretionary,Telecommunications Equipment
EMA,Emera Incorporated Common Shares,Utilities,Electric Utilities: Central
EMAT,Evolution Metals & Technologies Corp. Common Stock,Miscellaneous,Industrial Machinery/Components
EMBC,Embecta Corp. Common Stock,Health Care,Medical/Dental Instruments
EMBJ,Embraer S.A. Common Stock,Industrials,Aerospace
EMD,Western Asset Emerging Markets Debt Fund Inc Common Stock,Finance,Finance/Investors Services
EME,EMCOR Group Inc. Common Stock,Industrials,Engineering & Construction
EMF,Templeton Emerging Markets Fund Common Stock,Finance,Finance/Investors Services
EMIS,Emmis Acquisition Corp. Class A Ordinary Shares,Health Care,Biotechnology: Pharmaceutical Preparations
EML,Eastern Company (The) Common Stock,Consumer Discretionary,Industrial Machinery/Components
EMN,Eastman Chemical Company Common Stock,Industrials,Major Chemicals
EMO,ClearBridge Energy Midstream Opportunity Fund Inc. Common Stock,Finance,Investment Managers
EMP,Entergy Mississippi LLC First Mortgage Bonds 4.90% Series Due October 1 2066,Utilities,Electric Utilities: Central
EMPD,Empery Digital Inc. Common stock,Industrials,Auto Manufacturing
EMR,Emerson Electric Company Common Stock,Technology,Consumer Electronics/Appliances
ENB,Enbridge Inc Common Stock,Energy,Natural Gas Distribution
ENGN,enGene Therapeutics Inc. Common Stock,Health Care,Biotechnology: Biological Products (No Diagnostic Substances)
ENGS,Energys Group Limited Ordinary Shares,Industrials,Engineering & Construction
ENHA,Enhanced Group Inc. Class A Common Stock,Consumer Discretionary,Services-Misc. Amusement & Recreation
ENIC,Enel Chile S.A. American Depositary Shares (Each representing 50 shares of Common Stock),Utilities,Electric Utilities: Central
ENJ,Entergy New Orleans LLC First Mortgage Bonds 5.0% Series due December 1 2052,Utilities,Power Generation
ENLT,Enlight Renewable Energy Ltd. Ordinary Shares,Utilities,Electric Utilities: Central
ENLV,Enlivex Ltd. Ordinary Shares,Health Care,Biotechnology: Pharmaceutical Preparations
ENO,Entergy New Orleans LLC First Mortgage Bonds 5.50% Series due April 1 2066,Utilities,Power Generation
ENOV,Enovis Corporation Common Stock,Health Care,Industrial Specialties
ENPH,Enphase Energy Inc. Common Stock,Technology,Semiconductors
ENR,Energizer Holdings Inc. Common Stock,Miscellaneous,Industrial Machinery/Components
ENRD,Einride AB American Depositary Shares,Technology,EDP Services
ENRDW,Einride AB Warrants,Technology,EDP Services
ENS,EnerSys Common Stock,Miscellaneous,Industrial Machinery/Components
ENSC,Ensysce Biosciences Inc. Common Stock,Health Care,Biotechnology: Pharmaceutical Preparations
ENSG,The Ensign Group Inc. Common Stock,Health Care,Hospital/Nursing Management
ENTA,Enanta Pharmaceuticals Inc. Common Stock,Health Care,Biotechnology: Pharmaceutical Preparations
ENTG,Entegris Inc. Common Stock,Industrials,Plastic Products
ENTX,Entera Bio Ltd. Ordinary Shares,Health Care,Biotechnology: Biological Products (No Diagnostic Substances)
ENVA,Enova International Inc. Common Stock,Finance,Finance: Consumer Services
ENVB,Enveric Biosciences Inc. Common Stock,Health Care,Biotechnology: Pharmaceutical Preparations
ENVX,Enovix Corporation Common Stock,Miscellaneous,Industrial Machinery/Components
EOCN,Eocene Ltd. Ordinary Shares,Health Care,Biotechnology: Pharmaceutical Preparations
EOD,Allspring Global Dividend Opportunity Fund Common Shares of Beneficial Interest,Finance,Investment Managers
EOG,EOG Resources Inc. Common Stock,Energy,Oil & Gas Production
EOI,Eaton Vance Enhance Equity Income Fund Eaton Vance Enhanced Equity Income Fund Shares of Beneficial Interest,Finance,Finance/Investors Services
EOLS,Evolus Inc. Common Stock,Health Care,Biotechnology: Pharmaceutical Preparations
EONR,EON Resources Inc. Class A Common Stock,Energy,Oil & Gas Production
EOS,Eaton Vance Enhance Equity Income Fund II Common Stock,Finance,Trusts Except Educational Religious and Charitable
EOSE,Eos Energy Enterprises Inc. Class A Common Stock,Miscellaneous,Industrial Machinery/Components
EOSEW,Eos Energy Enterprises Inc. Warrant,Miscellaneous,Industrial Machinery/Components
EOT,Eaton Vance Municipal Income Trust EATON VANCE NATIONAL MUNICIPAL OPPORTUNITIES TRUST,Finance,Investment Bankers/Brokers/Service
EP,Empire Petroleum Corporation Common Stock,Energy,Oil & Gas Production
EPAC,Enerpac Tool Group Corp. Common Stock,Technology,Industrial Machinery/Components
EPAM,EPAM Systems Inc. Common Stock,Technology,EDP Services
EPC,Edgewell Personal Care Company Common Stock,Consumer Discretionary,Package Goods/Cosmetics
EPD,Enterprise Products Partners L.P. Common Stock,Utilities,Natural Gas Distribution
EPM,Evolution Petroleum Corporation Inc. Common Stock,Energy,Oil & Gas Production
EPOW,E-Power Inc. Class A Ordinary Shares,Miscellaneous,Industrial Machinery/Components
EPR,EPR Properties Common Stock,Real Estate,Real Estate Investment Trusts
EPRT,Essential Properties Realty Trust Inc. Common Stock,Real Estate,Real Estate Investment Trusts
EPRX,Eupraxia Pharmaceuticals Inc. Common Stock,Health Care,Pharmaceuticals and Biotechnology
EPSM,Epsium Enterprise Limited Class A Ordinary Shares,Consumer Staples,Beverages (Production/Distribution)
EPSN,Epsilon Energy Ltd. Common Share,Energy,Oil & Gas Production
EQ,Equillium Inc. Common Stock,Health Care,Biotechnology: Pharmaceutical Preparations
EQBK,Equity Bancshares Inc. Class A Common Stock,Finance,Major Banks
EQH,Equitable Holdings Inc. Common Stock,Finance,Specialty Insurers
EQIX,Equinix Inc. Common Stock REIT,Real Estate,Real Estate Investment Trusts
EQNR,Equinor ASA,Energy,Integrated oil Companies
EQPT,EquipmentShare.com Inc Class A Common Stock,Consumer Discretionary,Diversified Commercial Services
EQS,Equus Total Return Inc. Common Stock,Finance,Finance/Investors Services
EQT,EQT Corporation Common Stock,Energy,Oil & Gas Production
EQX,Equinox Gold Corp. Common Shares,Basic Materials,Precious Metals
ERAS,Erasca Inc. Common Stock,Health Care,Biotechnology: Pharmaceutical Preparations
ERC,Allspring Multi-Sector Income Fund Common Stock,Finance,Finance/Investors Services
ERH,Allspring Utilities and High Income Fund Common Shares,Finance,Finance/Investors Services
ERIC,Ericsson American Depositary Shares,Technology,Radio And Television Broadcasting And Communications Equipment
ERIE,Erie Indemnity Company Class A Common Stock,Finance,Specialty Insurers
ERII,Energy Recovery Inc. Common Stock,Technology,Industrial Machinery/Components
ERNA,Ernexa Therapeutics Inc. Common Stock,Health Care,Biotechnology: Pharmaceutical Preparations
ERNAW,Ernexa Therapeutics Inc. Warrants,Health Care,Biotechnology: Pharmaceutical Preparations
ERO,Ero Copper Corp. Common Shares,Basic Materials,Metal Mining
EROC,ERock Inc. Class A Common Stock,Energy,Industrial Machinery/Components
EROK,EagleRock Land LLC Class A shares representing limited liability company interests,Energy,Oil & Gas Production
ES,Eversource Energy (D/B/A) Common Stock,Utilities,Electric Utilities: Central
ESAB,ESAB Corporation Common Stock,Industrials,Industrial Machinery/Components
ESCA,Escalade Incorporated Common Stock,Consumer Discretionary,Recreational Games/Products/Toys
ESE,ESCO Technologies Inc. Common Stock,Telecommunications,Telecommunications Equipment
ESEA,Euroseas Ltd. Common Stock (Marshall Islands),Consumer Discretionary,Marine Transportation
ESI,Element Solutions Inc. Common Stock,Industrials,Major Chemicals
ESLA,Estrella Immunopharma Inc. Common Stock,Health Care,Biotechnology: Biological Products (No Diagnostic Substances)
ESLT,Elbit Systems Ltd. Ordinary Shares,Industrials,Military/Government/Technical
ESNT,Essent Group Ltd. Common Shares,Finance,Property-Casualty Insurers
ESOA,Energy Services of America Corporation Common Stock,Industrials,Water Sewer Pipeline Comm & Power Line Construction
ESP,Espey Mfg. & Electronics Corp. Common Stock,Technology,Industrial Machinery/Components
ESQ,Esquire Financial Holdings Inc. Common Stock,Finance,Commercial Banks
ESRT,Empire State Realty Trust Inc. Class A Common Stock,Real Estate,Real Estate Investment Trusts
ESS,Essex Property Trust Inc. Common Stock,Real Estate,Real Estate Investment Trusts
ESTA,Establishment Labs Holdings Inc. Common Shares,Health Care,Industrial Specialties
ESTC,Elastic N.V. Ordinary Shares,Technology,Computer Software: Prepackaged Software
ET,Energy Transfer LP Common Units,Utilities,Natural Gas Distribution
ETB,Eaton Vance Tax-Managed Buy-Write Income Fund Eaton Vance Tax-Managed Buy-Write Income Fund Common Shares of Beneficial Interest,Finance,Investment Bankers/Brokers/Service
ETD,Ethan Allen Interiors Inc. Common Stock,Consumer Discretionary,Home Furnishings
ETG,Eaton Vance Tax-Advantaged Global Dividend Income Fund Common Shares of Beneficial Interest,Finance,Investment Managers
ETJ,Eaton Vance Risk-Managed Diversified Equity Income Fund Common Shares of Beneficial Interest,Finance,Finance Companies
ETN,Eaton Corporation PLC Ordinary Shares,Technology,Industrial Machinery/Components
ETO,Eaton Vance Tax-Advantage Global Dividend Opp Common Stock,Finance,Investment Managers
ETON,Eton Pharmaceuticals Inc. Common Stock,Health Care,Biotechnology: Pharmaceutical Preparations
ETOR,eToro Group Ltd. Class A Common Shares,Finance,Investment Bankers/Brokers/Service
ETR,Entergy Corporation Common Stock,Utilities,Electric Utilities: Central
ETS,Elite Express Holding Inc. Class A Common Stock,Industrials,Trucking Freight/Courier Services
ETSS,Energy Transition Special Opportunities Class A Ordinary Shares,Finance,Blank Checks
ETSY,Etsy Inc. Common Stock,Consumer Discretionary,Business Services
ETV,Eaton Vance Corporation Eaton Vance Tax-Managed Buy-Write Opportunities Fund Common Shares of Beneficial Interest,Finance,Investment Bankers/Brokers/Service
ETW,Eaton Vance Corporation Eaton Vance Tax-Managed Global Buy-Write Opportunites Fund Common Shares of Beneficial Interest,Finance,Investment Managers
ETX,Eaton Vance Municipal Income 2028 Term Trust Common Shares of Beneficial Interest,Finance,Investment Managers
ETY,Eaton Vance Tax-Managed Diversified Equity Income Fund Common Shares of Beneficial Interest,Finance,Finance Companies
EU,enCore Energy Corp. Common Shares,Basic Materials,Other Metals and Minerals
EUDA,EUDA Health Holdings Limited Ordinary Shares,Health Care,Medical/Nursing Services
EUDAW,EUDA Health Holdings Limited Warrant,Health Care,Medical/Nursing Services
EURK,Eureka Acquisition Corp Class A Ordinary Share,,
EVAC,EQV Ventures Acquisition Corp. II Class A Ordinary Shares,Industrials,Fluid Controls
EVAX,Evaxion A/S American Depositary Share,Health Care,Biotechnology: Biological Products (No Diagnostic Substances)
EVC,Entravision Communications Corporation Common Stock,Industrials,Broadcasting
EVCM,EverCommerce Inc. Common Stock,Technology,Computer Software: Prepackaged Software
EVER,EverQuote Inc. Class A Common Stock,Technology,Computer Software: Programming Data Processing
EVEX,Eve Holding Inc. Common Stock,Industrials,Aerospace
EVF,Eaton Vance Senior Income Trust Common Stock,Finance,Investment Bankers/Brokers/Service
EVG,Eaton Vance Short Diversified Income Fund Eaton Vance Short Duration Diversified Income Fund Common Shares of Beneficial Interest,Finance,Investment Managers
EVGN,Evogene Ltd Ordinary Shares,Industrials,Agricultural Chemicals
EVGO,EVgo Inc. Class A Common Stock,Consumer Discretionary,Automotive Aftermarket
EVH,Evolent Health Inc Class A Common Stock,Consumer Discretionary,Other Consumer Services
EVI,EVI Industries Inc.  Common Stock,Consumer Discretionary,Other Consumer Services
EVLV,Evolv Technologies Holdings Inc. Class A Common Stock,Technology,Computer peripheral equipment
EVMN,Evommune Inc. Common Stock,Health Care,Biotechnology: Pharmaceutical Preparations
EVN,Eaton Vance Municipal Income Trust Common Stock,Finance,Investment Managers
EVO,Evotec SE American Depositary Shares,Health Care,Biotechnology: Pharmaceutical Preparations
EVOX,Evolution Global Acquisition Corp Class A Ordinary Shares,Finance,Blank Checks
EVOXU,Evolution Global Acquisition Corp Units,Finance,Blank Checks
EVR,Evercore Inc. Class A Common Stock,Finance,Investment Managers
EVRG,Evergy Inc. Common Stock,Utilities,Power Generation
EVT,Eaton Vance Tax Advantaged Dividend Income Fund Common Shares of Beneficial Interest,Finance,Finance Companies
EVTC,Evertec Inc. Common Stock,Technology,EDP Services
EVTL,Vertical Aerospace Ltd. Ordinary Shares,Industrials,Aerospace
EVV,Eaton Vance Limited Duration Income Fund Common Shares of Beneficial Interest,Finance,Finance/Investors Services
EW,Edwards Lifesciences Corporation Common Stock,Health Care,Industrial Specialties
EWAV,East West Ave Acquisition Corp. Common Stock,Finance,Blank Checks
EWAVR,East West Ave Acquisition Corp. Rights,Finance,Blank Checks
EWAVU,East West Ave Acquisition Corp. Units,Finance,Blank Checks
EWBC,East West Bancorp Inc. Common Stock,Finance,Major Banks
EWTX,Edgewise Therapeutics Inc. Common Stock,Health Care,Biotechnology: Pharmaceutical Preparations
EXC,Exelon Corporation Common Stock,Utilities,Power Generation
EXE,Expand Energy Corporation Common Stock,Energy,Oil & Gas Production
EXEL,Exelixis Inc. Common Stock,Health Care,Biotechnology: Biological Products (No Diagnostic Substances)
EXFY,Expensify Inc. Class A Common Stock,Technology,Computer Software: Prepackaged Software
EXG,Eaton Vance Tax-Managed Global Diversified Equity Income Fund Common Shares of Beneficial Interest,Finance,Finance Companies
EXK,Endeavour Silver Corporation Ordinary Shares (Canada),Basic Materials,Precious Metals
EXLS,ExlService Holdings Inc. Common Stock,Consumer Discretionary,Business Services
EXOD,Exodus Movement Inc. Class A Common Stock,Finance,Finance: Consumer Services
EXOZ,eXoZymes Inc. Common Stock,Health Care,Biotechnology: Biological Products (No Diagnostic Substances)
EXP,Eagle Materials Inc Common Stock,Industrials,Building Materials
EXPD,Expeditors International of Washington Inc. Common Stock,Industrials,Integrated Freight & Logistics
EXPE,Expedia Group Inc. Common Stock,Consumer Discretionary,Transportation Services
EXPO,Exponent Inc. Common Stock,Consumer Discretionary,Professional Services
EXR,Extra Space Storage Inc Common Stock,Real Estate,Real Estate Investment Trusts
EXTR,Extreme Networks Inc. Common Stock,Telecommunications,Computer Communications Equipment
EXYN,Exyn Technologies Inc. Common Stock,Technology,Computer Software: Prepackaged Software
EXYNW,Exyn Technologies Inc. Warrant,Technology,Computer Software: Prepackaged Software
EYE,National Vision Holdings Inc. Common Stock,Health Care,Ophthalmic Goods
EYPT,EyePoint Inc. Common Stock,Industrials,Biotechnology: Laboratory Analytical Instruments
EZGO,EZGO Technologies Ltd. Ordinary Shares,Consumer Discretionary,Motor Vehicles
EZPW,EZCORP Inc. Class A Non Voting Common Stock,Consumer Discretionary,Other Specialty Stores
EZRA,Reliance Global Group Inc. Common Stock,Finance,Specialty Insurers
F,Ford Motor Company Common Stock,Industrials,Auto Manufacturing
FA,First Advantage Corporation Common Stock,Technology,EDP Services
FABC,Fabric.AI Inc. Common Stock,Consumer Discretionary,Telecommunications Equipment
FAC,Factorial Energy Inc. Class A Common Stock,Miscellaneous,Industrial Machinery/Components
FACT,FACT II Acquisition Corp. Class A Ordinary Shares,,
FACTU,FACT II Acquisition Corp. Unit,Finance,Blank Checks
FACTW,FACT II Acquisition Corp. Warrant,Finance,Blank Checks
FACWW,Factorial Energy Inc. Warrant,Miscellaneous,Industrial Machinery/Components
FAF,First American Corporation (New) Common Stock,Finance,Specialty Insurers
FAMI,Farmmi Inc. Class A Ordinary Shares,Consumer Staples,Packaged Foods
FANG,Diamondback Energy Inc. Common Stock,Energy,Oil & Gas Production
FAST,Fastenal Company Common Stock,Consumer Discretionary,RETAIL: Building Materials
FATE,Fate Therapeutics Inc. Common Stock,Health Care,Biotechnology: Biological Products (No Diagnostic Substances)
FATN,FatPipe Inc. Common Stock,Technology,Computer Software: Prepackaged Software
FAX,abrdn Asia-Pacific Income Fund Inc. Common Stock,Finance,Investment Managers
FBDT,First Breach Inc. Common Stock,Industrials,Ordnance And Accessories
FBGL,FBS Global Limited Ordinary Shares,Consumer Discretionary,Homebuilding
FBIN,Fortune Brands Innovations Inc. Common Stock,Basic Materials,Forest Products
FBIO,Fortress Biotech Inc. Common Stock,Health Care,Biotechnology: Pharmaceutical Preparations
FBIOP,Fortress Biotech Inc. 9.375% Series A Cumulative Redeemable Perpetual Preferred Stock,Health Care,Biotechnology: Pharmaceutical Preparations
FBIZ,First Business Financial Services Inc. Common Stock,Finance,Major Banks
FBK,FB Financial Corporation Common Stock,Finance,Major Banks
FBLA,FB Bancorp Inc. Common Stock,Finance,Banks
FBLG,FibroBiologics Inc. Common Stock,Health Care,Biotechnology: Pharmaceutical Preparations
FBNC,First Bancorp Common Stock,Finance,Major Banks
FBP,First BanCorp. New Common Stock,Finance,Major Banks
FBRT,Franklin BSP Realty Trust Inc. Common Stock,Real Estate,Real Estate Investment Trusts
FBYD,Falcon's Beyond Global Inc. Class A Common Stock,Consumer Discretionary,Services-Misc. Amusement & Recreation
FC,Franklin Covey Company Common Stock,Consumer Discretionary,Other Consumer Services
FCAP,First Capital Inc. Common Stock,Finance,Savings Institutions
FCBC,First Community Bankshares Inc. (VA) Common Stock,Finance,Major Banks
FCBM,First Carolina Financial Services Inc. Common Stock,Finance,Major Banks
FCCO,First Community Corporation Common Stock,Finance,Major Banks
FCEL,FuelCell Energy Inc. Common Stock,Energy,Industrial Machinery/Components
FCF,First Commonwealth Financial Corporation Common Stock,Finance,Major Banks
FCFS,FirstCash Holdings Inc. Common Stock,Consumer Discretionary,Other Specialty Stores
FCHL,Fitness Champs Holdings Limited Common Stock,Consumer Discretionary,Services-Misc. Amusement & Recreation
FCN,FTI Consulting Inc. Common Stock,Consumer Discretionary,Professional Services
FCNCA,First Citizens BancShares Inc. Class A Common Stock,Finance,Major Banks
FCNCN,First Citizens BancShares Inc. Depositary Shares each representing a 1/40th interest in a share of 6.625% Non-Cumulative Perpetual Preferred Stock Series E,Finance,Major Banks
FCNCO,First Citizens BancShares Inc. 5.625% Non-Cumulative Perpetual Preferred Stock Series C,Finance,Major Banks
FCNCP,First Citizens BancShares Inc. Depositary Shares,Finance,Major Banks
FCPT,Four Corners Property Trust Inc. Common Stock,Real Estate,Real Estate Investment Trusts
FCRS,FutureCrest Acquisition Corp. Class A Ordinary Shares,Finance,Blank Checks
FCUV,Focus Universal Inc. Common Stock,Industrials,Industrial Machinery/Components
FCX,Freeport-McMoRan Inc. Common Stock,Basic Materials,Metal Mining
FDBC,Fidelity D & D Bancorp Inc. Common Stock,Finance,Major Banks
FDMM,Freedom Metals Acquisition Corp. Class A Ordinary Shares,Finance,Blank Checks
FDMMW,Freedom Metals Acquisition Corp. Warrants,Finance,Blank Checks
FDMT,4D Molecular Therapeutics Inc. Common Stock,Health Care,Biotechnology: Biological Products (No Diagnostic Substances)
FDS,FactSet Research Systems Inc. Common Stock,Technology,Computer Software: Programming Data Processing
FDSB,Fifth District Bancorp Inc. Common Stock,Finance,Savings Institutions
FDUS,Fidus Investment Corporation Common Stock,Finance,Finance/Investors Services
FDX,FedEx Corporation Common Stock,Consumer Discretionary,Air Freight/Delivery Services
FDXF,FedEx Freight Holding Company Inc. Common Stock,Consumer Discretionary,Air Freight/Delivery Services
FE,FirstEnergy Corp. Common Stock,Utilities,Electric Utilities: Central
FEAM,5E Advanced Materials Inc. Common Stock,Industrials,Mining & Quarrying of Nonmetallic Minerals (No Fuels)
FEBO,Fenbo Holdings Limited Class A Ordinary Shares,Consumer Discretionary,Home Furnishings
FEDU,Four Seasons Education (Cayman) Inc. American Depositary Shares each ADS representing 10 ordinary shares,Real Estate,Other Consumer Services
FEIM,Frequency Electronics Inc. Common Stock,Industrials,Electrical Products
FELE,Franklin Electric Co. Inc. Common Stock,Consumer Discretionary,Metal Fabrications
FEMY,Femasys Inc. Common Stock,Health Care,Medical/Dental Instruments
FENC,Fennec Pharmaceuticals Inc. Common Stock,Health Care,Biotechnology: Biological Products (No Diagnostic Substances)
FENG,Phoenix New Media Limited American Depositary Shares each representing 48 Class A ordinary shares.,Industrials,Broadcasting
FER,Ferrovial N.V. Ordinary Shares,Industrials,Military/Government/Technical
FERA,Fifth Era Acquisition Corp I Class A Ordinary Shares,,
FERAR,Fifth Era Acquisition Corp I Rights,,
FERAU,Fifth Era Acquisition Corp I Units,Finance,Blank Checks
FERG,Ferguson Enterprises Inc. Common Stock,Miscellaneous,Miscellaneous
FET,Forum Energy Technologies Inc. Common Stock,Consumer Discretionary,Oil and Gas Field Machinery
FF,FutureFuel Corp.  Common shares,Industrials,Major Chemicals
FFA,First Trust Enhanced Equity Income Fund Common Shares of Beneficial Interest,Finance,Investment Managers
FFAI,Faraday Future Intelligent Electric Inc. Class A Common Stock,Industrials,Auto Manufacturing
FFBC,First Financial Bancorp. Common Stock,Finance,Major Banks
FFC,Flaherty & Crumrine Preferred and Income Securities Fund Incorporated,Finance,Trusts Except Educational Religious and Charitable
FFIN,First Financial Bankshares Inc. Common Stock,Finance,Major Banks
FFIV,F5 Inc. Common Stock,Telecommunications,Computer Communications Equipment
FG,F&G Annuities & Life Inc. Common Stock,Finance,Life Insurance
FGBI,First Guaranty Bancshares Inc. Common Stock,Finance,Savings Institutions
FGBIP,First Guaranty Bancshares Inc. 6.75% Series A Fixed-Rate Non-Cumulative Perpetual Preferred Stock,Finance,Savings Institutions
FGI,FGI Industries Ltd. Ordinary Shares,Industrials,Industrial Specialties
FGII,FG Imperii Acquisition Corp. Class A Ordinary Shares,Finance,Blank Checks
FGIIU,FG Imperii Acquisition Corp. Units,Finance,Blank Checks
FGIIW,FG Imperii Acquisition Corp. Warrants,Finance,Blank Checks
FGIWW,FGI Industries Ltd. Warrant,Industrials,Industrial Specialties
FGL,Founder Group Limited Class A Ordinary Shares,Consumer Discretionary,Engineering & Construction
FGN,F&G Annuities & Life Inc. 7.950% Senior Notes due 2053,Finance,Life Insurance
FGNX,FG Nexus Inc. Common Stock,Finance,Property-Casualty Insurers
FGNXP,FG Nexus Inc. 8.00% Cumulative Preferred Stock,Finance,Property-Casualty Insurers
FGSN,F&G Annuities & Life Inc. 7.300% Junior Subordinated Notes due 2065,Finance,Life Insurance
FHB,First Hawaiian Inc. Common Stock,Finance,Major Banks
FHI,Federated Hermes Inc. Common Stock,Finance,Investment Managers
FHN,First Horizon Corporation Common Stock,Finance,Major Banks
FHTX,Foghorn Therapeutics Inc. Common Stock,Health Care,Biotechnology: Pharmaceutical Preparations
FIBK,First Interstate BancSystem Inc. Common Stock (DE),Finance,Major Banks
FICO,Fair Isaac Corporation Common Stock,Consumer Discretionary,Business Services
FIEE,FiEE Inc Common Stock,Utilities,Telecommunications Equipment
FIG,Figma Inc. Class A Common Stock,Technology,Computer Software: Prepackaged Software
FIGR,Figure Technology Solutions Inc. Class A Common Stock,Finance,Finance: Consumer Services
FIGS,FIGS Inc. Class A Common Stock,Consumer Discretionary,Apparel
FIGX,FIGX Capital Acquisition Corp. Class A Ordinary Share,Finance,Blank Checks
FIGXW,FIGX Capital Acquisition Corp. Warrant,,
FINS,Angel Oak Financial Strategies Income Term Trust Common Shares of Beneficial Interest,Finance,Finance/Investors Services
FINV,FinVolution Group American Depositary Shares,Finance,Finance: Consumer Services
FINW,FinWise Bancorp Common Stock,Finance,Major Banks
FIP,FTAI Infrastructure Inc. Common Stock,Industrials,Railroads
FIRY,Firy Inc. Class A Common Stock,Technology,EDP Services
FIS,Fidelity National Information Services Inc. Common Stock,Consumer Discretionary,Business Services
FISI,Financial Institutions Inc. Common Stock,Finance,Major Banks
FISN,Deep Fission Inc. Common Stock,Utilities,Electric Utilities: Central
FISV,Fiserv Inc. Common Stock,Consumer Discretionary,Business Services
FITB,Fifth Third Bancorp Common Stock,Finance,Major Banks
FIVE,Five Below Inc. Common Stock,Consumer Discretionary,Department/Specialty Retail Stores
FIVN,Five9 Inc. Common Stock,Technology,EDP Services
FIX,Comfort Systems USA Inc. Common Stock,Industrials,Engineering & Construction
FIZZ,National Beverage Corp. Common Stock,Consumer Staples,Beverages (Production/Distribution)
FJDIU,ARC Group Securities Acquisition I Units,,
FJET,Starfighters Space Inc. Common Stock,Consumer Discretionary,Air Freight/Delivery Services
FKWL,Franklin Wireless Corp. Common Stock,Utilities,Telecommunications Equipment
FLC,Flaherty & Crumrine Total Return Fund Inc Common Stock,Finance,Trusts Except Educational Religious and Charitable
FLD,Fold Holdings Inc. Class A Common Stock,Finance,Finance: Consumer Services
FLDDW,Fold Holdings Inc. Warrant,Finance,Finance: Consumer Services
FLEX,Flex Ltd. Ordinary Shares,Technology,Electrical Products
FLG,Flagstar Bank N.A. Common Stock,Finance,Banks
FLGT,Fulgent Genetics Inc. Common Stock,Health Care,Medical Specialities
FLL,Full House Resorts Inc. Common Stock,Consumer Discretionary,Hotels/Resorts
FLNA,Filana Therapeutics Inc. Common Stock,Health Care,Biotechnology: Pharmaceutical Preparations
FLNC,Fluence Energy Inc. Class A Common Stock,Miscellaneous,Industrial Machinery/Components
FLNG,FLEX LNG Ltd. Ordinary Shares,Consumer Discretionary,Marine Transportation
FLNT,Fluent Inc. Common Stock,Consumer Discretionary,Advertising
FLO,Flowers Foods Inc. Common Stock,Consumer Staples,Packaged Foods
FLOC,Flowco Holdings Inc. Class A Common Stock,Consumer Discretionary,Oil and Gas Field Machinery
FLR,Fluor Corporation Common Stock,Industrials,Military/Government/Technical
FLS,Flowserve Corporation Common Stock,Industrials,Fluid Controls
FLUT,Flutter Entertainment plc Ordinary Shares,Technology,Computer Software: Programming Data Processing
FLUX,Flux Power Holdings Inc. Common Stock,Miscellaneous,Industrial Machinery/Components
FLWS,1-800-FLOWERS.COM Inc. Common Stock,Consumer Discretionary,Other Specialty Stores
FLX,BingEx Limited American Depositary Shares,Industrials,Trucking Freight/Courier Services
FLXS,Flexsteel Industries Inc. Common Stock,Consumer Discretionary,Home Furnishings
FLY,Firefly Aerospace Inc. Common Stock,Industrials,Military/Government/Technical
FLYE,Fly-E Group Inc. Common Stock,Industrials,Aerospace
FLYW,Flywire Corporation Voting Common Stock,Consumer Discretionary,Business Services
FLYX,flyExclusive Inc. Class A Common Stock,Consumer Discretionary,Transportation Services
FMAC,Future Money Acquisition Corporation Ordinary Shares,Finance,Blank Checks
FMAO,Farmers & Merchants Bancorp Inc. Common Stock,Finance,Savings Institutions
FMBH,First Mid Bancshares Inc. Common Stock,Finance,Major Banks
FMC,FMC Corporation Common Stock,Industrials,Major Chemicals
FMFC,Kandal M Venture Limited Class A Ordinary Shares,Consumer Discretionary,Apparel
FMN,Federated Hermes Premier Municipal Income Fund,Finance,Investment Managers
FMNB,Farmers National Banc Corp. Common Stock,Finance,Major Banks
FMS,Fresenius Medical Care AG American Depositary Shares (Each representing 1/2 of an Ordinary Share),Health Care,Misc Health and Biotechnology Services
FMST,Foremost Clean Energy Ltd. Common Shares,Basic Materials,Other Metals and Minerals
FMSTW,Foremost Clean Energy Ltd. Warrant,Basic Materials,Other Metals and Minerals
FMX,Fomento Economico Mexicano S.A.B. de C.V. Common Stock,Consumer Staples,Beverages (Production/Distribution)
FMY,First Trust Mortgage Income Fund Common Shares of Beneficial Interest,Finance,Finance/Investors Services
FN,Fabrinet Ordinary Shares,Utilities,Telecommunications Equipment
FNB,F.N.B. Corporation Common Stock,Finance,Major Banks
FND,Floor & Decor Holdings Inc. Common Stock,Consumer Discretionary,RETAIL: Building Materials
FNF,Fidelity National Financial Inc. Common Stock,Finance,Specialty Insurers
FNGR,FingerMotion Inc. Common Stock,Technology,Computer Software: Prepackaged Software
FNKO,Funko Inc. Class A Common Stock,Consumer Discretionary,Recreational Games/Products/Toys
FNLC,First Bancorp Inc  (ME) Common Stock,Finance,Major Banks
FNRN,First Northern Community Bancorp Common stock,Finance,Savings Institutions
FNUC,Frontier Nuclear and Minerals Inc. Common Shares,Basic Materials,Other Metals and Minerals
FNV,Franco-Nevada Corporation,Basic Materials,Precious Metals
FNWB,First Northwest Bancorp Common Stock,Finance,Banks
FNWD,Finward Bancorp Common Stock,Finance,Savings Institutions
FOA,Finance of America Companies Inc. Class A Common Stock,Finance,Finance: Consumer Services
FOCL,EDAP TMS S.A. American Depositary Shares,Health Care,Biotechnology: Electromedical & Electrotherapeutic Apparatus
FOF,Cohen & Steers Closed-End Opportunity Fund Inc. Common Stock,Finance,Investment Managers
FOFO,Hang Feng Technology Innovation Co. Ltd. Ordinary Shares,Consumer Discretionary,Professional Services
FOIL,Londian Wason New Energy Tech Inc. American Depositary Shares each representing five Ordinary Shares,Industrials,Industrial Specialties
FOR,Forestar Group Inc Common Stock,Finance,Real Estate
FORM,FormFactor Inc. FormFactor Inc. Common Stock,Technology,Semiconductors
FORR,Forrester Research Inc. Common Stock,Industrials,Diversified Commercial Services
FORTY,Formula Systems (1985) Ltd. American Depositary Shares,Technology,EDP Services
FOSL,Fossil Group Inc. Common Stock,Consumer Discretionary,Consumer Specialties
FOUR,Shift4 Payments Inc. Class A Common Stock,Consumer Discretionary,Business Services
FOX,Fox Corporation Class B Common Stock,Industrials,Broadcasting
FOXA,Fox Corporation Class A Common Stock,Industrials,Broadcasting
FOXF,Fox Factory Holding Corp. Common Stock,Consumer Discretionary,Motor Vehicles
FOXX,Foxx Development Holdings Inc. Common Stock,Telecommunications,Computer Communications Equipment
FPF,First Trust Intermediate Duration Preferred & Income Fund Common Shares of Beneficial Interest,Finance,Trusts Except Educational Religious and Charitable
FPH,Five Point Holdings LLC Class A Common Shares,Finance,Real Estate
FPI,Farmland Partners Inc. Common Stock,Real Estate,Real Estate Investment Trusts
FPS,Forgent Power Solutions Inc. Class A Common Stock,Energy,Industrial Machinery/Components
FR,First Industrial Realty Trust Inc. Common Stock,Real Estate,Real Estate Investment Trusts
FRA,Blackrock Floating Rate Income Strategies Fund Inc  Common Stock,Finance,Investment Bankers/Brokers/Service
FRAF,Franklin Financial Services Corporation Common Stock,Finance,Major Banks
FRBA,First Bank Common Stock,Finance,Major Banks
FRBT,Forbright Inc. Class A Common Stock,Finance,Major Banks
FRD,Friedman Industries Inc. Common Stock,Industrials,Steel/Iron Ore
FRGT,Freight Technologies Inc. Ordinary Shares,Industrials,Integrated Freight & Logistics
FRHC,Freedom Holding Corp. Common Stock,Finance,Investment Bankers/Brokers/Service
FRME,First Merchants Corporation Common Stock,Finance,Major Banks
FRMEP,First Merchants Corporation Depository Shares,Finance,Major Banks
FRMI,Fermi Inc. Common Stock,Real Estate,Real Estate Investment Trusts
FRMM,Forum Markets Incorporated Common Stock,Finance,Finance: Consumer Services
FRNM,Freenome Inc. Common stock,Health Care,Medical Specialities
FRO,Frontline Plc Ordinary Shares,Consumer Discretionary,Marine Transportation
FROG,JFrog Ltd. Ordinary Shares,Technology,Computer Software: Prepackaged Software
FRPH,FRP Holdings Inc. Common Stock,Finance,Real Estate
FRPT,Freshpet Inc. Common Stock,Consumer Staples,Packaged Foods
FRSH,Freshworks Inc. Class A Common Stock,Technology,Computer Software: Prepackaged Software
FRST,Primis Financial Corp. Common Stock,Finance,Major Banks
FRSX,Foresight Autonomous Holdings Ltd. American Depositary Shares,Technology,Computer Software: Prepackaged Software
FRT,Federal Realty Investment Trust Common Stock,Real Estate,Real Estate Investment Trusts
FRTT,Fort Technology Inc. Common Shares,Industrials,Agricultural Chemicals
FRVO,Fervo Energy Company Class A common stock,Utilities,Electric Utilities: Central
FSBC,Five Star Bancorp Common Stock,Finance,Major Banks
FSBW,FS Bancorp Inc. Common Stock,Finance,Banks
FSCO,FS Credit Opportunities Corp. Common Stock,Finance,Trusts Except Educational Religious and Charitable
FSEA,First Seacoast Bancorp Inc. Common Stock,Finance,Savings Institutions
FSHP,Flag Ship Acquisition Corp. Ordinary Shares,,
FSHPR,Flag Ship Acquisition Corp. Right,,
FSI,Flexible Solutions International Inc. Common Stock (CDA),Industrials,Major Chemicals
FSK,FS KKR Capital Corp. Common Stock,Finance,Investment Managers
FSLR,First Solar Inc. Common Stock,Technology,Semiconductors
FSLY,Fastly Inc. Class A Common Stock,Technology,Computer Software: Prepackaged Software
FSM,Fortuna Mining Corp. Common Shares,Basic Materials,Precious Metals
FSP,Franklin Street Properties Corp. Common Stock,Real Estate,Real Estate Investment Trusts
FSS,Federal Signal Corporation Common Stock,Industrials,Auto Manufacturing
FSSL,FS Specialty Lending Fund Common Shares of Beneficial Interest,Finance,Finance/Investors Services
FSTR,L.B. Foster Company Common Stock,Industrials,Metal Fabrications
FSUN,FirstSun Capital Bancorp Common Stock,Finance,Major Banks
FSV,FirstService Corporation Common Shares,Finance,Real Estate
FT,Franklin Universal Trust Common Stock,Finance,Trusts Except Educational Religious and Charitable
FTAI,FTAI Aviation Ltd. Common Stock,Industrials,Misc Corporate Leasing Services
FTAIM,FTAI Aviation Ltd. 9.500% Fixed-Rate Reset Series D Cumulative Perpetual Redeemable Preferred Shares,Industrials,Misc Corporate Leasing Services
FTCI,FTC Solar Inc. Common Stock,Technology,Semiconductors
FTDR,Frontdoor Inc. Common Stock,Consumer Discretionary,Diversified Commercial Services
FTEK,Fuel Tech Inc. Common Stock,Industrials,Pollution Control Equipment
FTF,Franklin Limited Duration Income Trust Common Shares of Beneficial Interest,Finance,Finance/Investors Services
FTFT,Future FinTech Group Inc. Common Stock,Consumer Discretionary,Business Services
FTH,Faeth Therapeutics Inc. Common Stock,Health Care,Biotechnology: Pharmaceutical Preparations
FTHA,Forefront Tech Holdings Acquisition Corp Class A Ordinary Shares,Finance,Blank Checks
FTHAW,Forefront Tech Holdings Acquisition Corp Warrant,Finance,Blank Checks
FTHM,Fathom Holdings Inc. Common Stock,Finance,Real Estate
FTHY,First Trust High Yield Opportunities 2027 Term Fund Common Stock,Finance,Investment Managers
FTI,TechnipFMC plc Ordinary Share,Consumer Discretionary,Oil and Gas Field Machinery
FTK,Flotek Industries Inc. Common Stock,Industrials,Major Chemicals
FTLF,FitLife Brands Inc. Common Stock,Health Care,Medicinal Chemicals and Botanical Products
FTNT,Fortinet Inc. Common Stock,Technology,Computer peripheral equipment
FTRA,FutureCorp Space Acquisition 1 Class A Ordinary Shares,,
FTRE,Fortrea Holdings Inc. Common Stock,Health Care,Medical Specialities
FTS,Fortis Inc. Common Shares,Utilities,Electric Utilities: Central
FTV,Fortive Corporation Common Stock,Industrials,Industrial Machinery/Components
FTW,Presidio Production Company Class A Common Stock,Energy,Oil & Gas Production
FUBO,FuboTV Inc. Class A Common Stock,Consumer Discretionary,Movies/Entertainment
FUFU,BitFuFu Inc. Class A Ordinary Shares,Finance,Finance: Consumer Services
FUFUW,BitFuFu Inc. Warrant,Finance,Finance: Consumer Services
FUL,H. B. Fuller Company Common Stock,Industrials,Home Furnishings
FULC,Fulcrum Therapeutics Inc. Common Stock,Health Care,Biotechnology: Pharmaceutical Preparations
FULT,Fulton Financial Corporation Common Stock,Finance,Major Banks
FULTP,Fulton Financial Corporation Depositary Shares Each Representing a 1/40th Interest in a Share of Fixed Rate Non-Cumulative Perpetual Preferred Stock Series A,Finance,Major Banks
FUN,Six Flags Entertainment Corporation Common Stock New,Consumer Discretionary,Services-Misc. Amusement & Recreation
FUNC,First United Corporation Common Stock,Finance,Major Banks
FUND,Sprott Focus Trust Inc. Common Stock,Finance,Investment Managers
FURY,Fury Gold Mines Limited Common Shares,Basic Materials,Precious Metals
FUSB,First US Bancshares Inc. Common Stock,Finance,Major Banks
FUSE,Fusemachines Inc. Common stock,Technology,EDP Services
FUSEW,Fusemachines Inc. Warrants,Technology,EDP Services
FUTU,Futu Holdings Limited American Depositary Shares,Finance,Investment Bankers/Brokers/Service
FVAV,Fortress Value Acquisition Corp. V Class A Ordinary Shares,,
FVCB,FVCBankcorp Inc. Common Stock,Finance,Major Banks
FVN,Future Vision II Acquisition Corporation Ordinary shares,,
FVNNR,Future Vision II Acquisition Corporation Right,Finance,Blank Checks
FVNNU,Future Vision II Acquisition Corporation Units,,
FVR,FrontView REIT Inc. Common Stock,Real Estate,Real Estate Investment Trusts
FVRR,Fiverr International Ltd. Ordinary Shares no par value,Consumer Discretionary,Business Services
FWAC,Futurewave Acquisition Corporation Ordinary Shares,,
FWACR,Futurewave Acquisition Corporation Rights,,
FWACU,Futurewave Acquisition Corporation Units,,
FWDI,Forward Industries Inc. Common Stock,Finance,Finance: Consumer Services
FWONA,Liberty Media Corporation Series A Liberty Formula One Common Stock,Industrials,Broadcasting
FWONK,Liberty Media Corporation Series C Liberty Formula One Common Stock,Industrials,Broadcasting
FWRD,Forward Air Corporation Common Stock,Industrials,Integrated Freight & Logistics
FWRG,First Watch Restaurant Group Inc. Common Stock,Consumer Discretionary,Restaurants
FXAC,FortuneX Acquisition Corporation Ordinary shares,Finance,Blank Checks
FXACU,FortuneX Acquisition Corporation Units,Finance,Blank Checks
FXHO,UTime Limited Class A Ordinary Shares,Technology,Consumer Electronics/Appliances
FXNC,First National Corporation Common Stock,Finance,Major Banks
G,Genpact Limited Common Stock,Consumer Discretionary,Professional Services
GAB,Gabelli Equity Trust Inc. (The) Common Stock,Finance,Investment Managers
GABC,German American Bancorp Inc. Common Stock,Finance,Major Banks
GAIA,Gaia Inc. Class A Common Stock,Consumer Discretionary,Movies/Entertainment
GAIN,Gladstone Investment Corporation Business Development Company,Finance,Finance: Consumer Services
GAING,Gladstone Investment Corporation 7.125% Notes due 2031,Finance,Finance: Consumer Services
GAINI,Gladstone Investment Corporation 7.875% Notes due 2030,Finance,Finance: Consumer Services
GAINZ,Gladstone Investment Corporation 4.875% Notes due 2028,Finance,Finance: Consumer Services
GALT,Galectin Therapeutics Inc. Common Stock,Health Care,Biotechnology: Pharmaceutical Preparations
GAM,General American Investors Inc. Common Stock,Finance,Investment Managers
GAME,GameSquare Holdings Inc. Common Stock,Consumer Discretionary,Services-Misc. Amusement & Recreation
GANX,Gain Therapeutics Inc. Common Stock,Health Care,Biotechnology: Pharmaceutical Preparations
GAP,Gap Inc. (The) Common Stock,Consumer Discretionary,Clothing/Shoe/Accessory Stores
GASS,StealthGas Inc. Common Stock,Consumer Discretionary,Marine Transportation
GATX,GATX Corporation Common Stock,Consumer Discretionary,Transportation Services
GAU,Galiano Gold Inc.,Industrials,Mining & Quarrying of Nonmetallic Minerals (No Fuels)
GAUZ,Gauzy Ltd. Ordinary Shares,Miscellaneous,Industrial Machinery/Components
GBAB,Guggenheim Taxable Municipal Bond & Investment Grade Debt Trust Common Shares of Beneficial Interest,Finance,Investment Managers
GBCI,Glacier Bancorp Inc. Common Stock,Finance,Major Banks
GBDC,Golub Capital BDC Inc. Common Stock,Finance,Finance: Consumer Services
GBFH,GBank Financial Holdings Inc. Common Stock,Finance,Major Banks
GBLI,Global Indemnity Group LLC Class A Common Stock,Finance,Property-Casualty Insurers
GBR,New Concept Energy Inc Common Stock,Energy,Oil & Gas Production
GBTG,Global Business Travel Group Inc. Class A Common Stock,Consumer Discretionary,Transportation Services
GBX,Greenbrier Companies Inc. (The) Common Stock,Industrials,Railroads
GCBC,Greene County Bancorp Inc. Common Stock,Finance,Banks
GCDT,Green Circle Decarbonize Technology Limited Class A Ordinary Shares,Industrials,Industrial Machinery/Components
GCGR,General Catalyst Global Resilience Merger Corp. Class A Ordinary Shares,,
GCGRW,General Catalyst Global Resilience Merger Corp. Warrants,,
GCL,GCL Global Holdings Ltd Ordinary Shares,Technology,Computer Software: Prepackaged Software
GCMG,GCM Grosvenor Inc. Class A Common Stock,Finance,Investment Managers
GCO,Genesco Inc. Common Stock,Consumer Discretionary,Clothing/Shoe/Accessory Stores
GCT,GigaCloud Technology Inc Class A Ordinary Shares,Consumer Discretionary,Catalog/Specialty Distribution
GCTK,GlucoTrack Inc. Common Stock,Health Care,Medical/Dental Instruments
GCTS,GCT Semiconductor Holding Inc. Common Stock,Technology,Semiconductors
GCV,Gabelli Convertible and Income Securities Fund Inc. (The) Common Stock,Finance,Finance/Investors Services
GD,General Dynamics Corporation Common Stock,Industrials,Marine Transportation
GDC,GD Culture Group Limited Common Stock,Industrials,Steel/Iron Ore
GDDY,GoDaddy Inc. Class A Common Stock,Technology,EDP Services
GDEV,GDEV Inc. Ordinary Shares,Technology,EDP Services
GDHG,Golden Heaven Group Holdings Ltd. Class A Ordinary Shares,Consumer Discretionary,Services-Misc. Amusement & Recreation
GDL,GDL Fund The Common Shares of Beneficial Interest,Finance,Investment Managers
GDO,Western Asset Global Corporate Opportunity Fund Inc. Common Stock,Finance,Finance Companies
GDOT,Green Dot Corporation Class A Common Stock $0.001 par value,Finance,Finance: Consumer Services
GDRX,GoodRx Holdings Inc. Class A Common Stock,Technology,EDP Services
GDS,GDS Holdings Limited ADS,Technology,Computer Software: Programming Data Processing
GDTC,CytoMed Therapeutics Limited Ordinary Shares,Health Care,Biotechnology: Pharmaceutical Preparations
GDV,Gabelli Dividend & Income Trust Common Shares of Beneficial Interest,Finance,Investment Managers
GDYN,Grid Dynamics Holdings Inc. Class A Common Stock,Technology,Computer Software: Prepackaged Software
GE,GE Aerospace Common Stock,Technology,Consumer Electronics/Appliances
GECC,Great Elm Capital Corp. Common Stock,Finance,Finance: Consumer Services
GECCG,Great Elm Capital Corp. 7.75% Notes Due 2030,Finance,Finance: Consumer Services
GECCH,Great Elm Capital Corp. 8.125% Notes Due 2029,,
GECCI,Great Elm Capital Corp. 8.50% NOTES DUE 2029,Finance,Finance Companies
GEF,Greif Inc. Class A Common Stock,,
GEG,Great Elm Group Inc. Common Stock,Technology,Computer Software: Prepackaged Software
GEGGL,Great Elm Group Inc.  7.25% Notes due 2027,Technology,Computer Software: Prepackaged Software
GEHC,GE HealthCare Technologies Inc. Common Stock,Health Care,Medical Electronics
GEL,Genesis Energy L.P. Common Units,Energy,Oil Refining/Marketing
GELS,Gelteq Limited Ordinary Shares,Health Care,Biotechnology: Pharmaceutical Preparations
GEMI,Gemini Space Station Inc. Class A Common Stock,Finance,Finance: Consumer Services
GEN,Gen Digital Inc. Common Stock,Technology,Computer Software: Prepackaged Software
GENB,Generate Biomedicines Inc. Common Stock,Health Care,Biotechnology: Pharmaceutical Preparations
GENC,Gencor Industries Inc. Common Stock,Industrials,Construction/Ag Equipment/Trucks
GENI,Genius Sports Limited Ordinary Shares,Consumer Discretionary,Services-Misc. Amusement & Recreation
GENK,GEN Restaurant Group Inc. Class A Common Stock,Consumer Discretionary,Restaurants
GENVR,Gen Digital Inc. Contingent Value Rights,Technology,Computer Software: Prepackaged Software
GEO,Geo Group Inc (The) REIT,Consumer Discretionary,Homebuilding
GEOS,Geospace Technologies Corporation Common Stock (Texas),Industrials,Industrial Machinery/Components
GERN,Geron Corporation Common Stock,Health Care,Biotechnology: Pharmaceutical Preparations
GETY,Getty Images Holdings Inc. Class A Common Stock,Consumer Discretionary,Business Services
GEV,GE Vernova Inc. Common Stock,Technology,Consumer Electronics/Appliances
GEVO,Gevo Inc. Common Stock,Industrials,Major Chemicals
GF,New Germany Fund Inc. (The) Common Stock,Finance,Investment Managers
GFAI,Guardforce AI Co. Limited Ordinary Shares,Consumer Discretionary,Diversified Commercial Services
GFAIW,Guardforce AI Co. Limited Warrant,Consumer Discretionary,Diversified Commercial Services
GFF,Griffon Corporation Common Stock,Industrials,Building Products
GFI,Gold Fields Limited American Depositary Shares,Basic Materials,Precious Metals
GFL,GFL Environmental Inc. Subordinate voting shares no par value,Utilities,Environmental Services
GFR,Greenfire Resources Ltd. Common Shares,Energy,Oil & Gas Production
GFS,GlobalFoundries Inc. Ordinary Shares,Technology,Semiconductors
GFUZ,General Fusion Group Ltd. Common Shares,Utilities,Electric Utilities: Central
GFUZW,General Fusion Group Ltd. Warrant,Utilities,Electric Utilities: Central
GGAL,Grupo Financiero Galicia S.A. American Depositary Shares,Finance,Commercial Banks
GGB,Gerdau S.A. Common Stock,Industrials,Steel/Iron Ore
GGG,Graco Inc. Common Stock,Industrials,Fluid Controls
GGN,GAMCO Global Gold Natural Resources & Income Trust,Finance,Finance/Investors Services
GGR,Gogoro Inc. Ordinary Shares,Industrials,Auto Manufacturing
GGT,Gabelli Multi-Media Trust Inc. (The) Common Stock,Finance,Trusts Except Educational Religious and Charitable
GGZ,Gabelli Global Small and Mid Cap Value Trust (The) Common Shares of Beneficial Interest,Finance,Investment Managers
GH,Guardant Health Inc. Common Stock,Health Care,Medical Specialities
GHC,Graham Holdings Company Common Stock,Real Estate,Other Consumer Services
GHG,GreenTree Hospitality Group Ltd. American depositary shares each representing one Class A ordinary share,Consumer Discretionary,Hotels/Resorts
GHI,Greystone Housing Impact Investors LP Beneficial Unit Certificates representing assignments of limited partnership interests,Finance,Finance: Consumer Services
GHM,Graham Corporation Common Stock,Industrials,Industrial Machinery/Components
GHRS,GH Research PLC Ordinary Shares,Health Care,Biotechnology: Pharmaceutical Preparations
GHXI,Gores Holdings XI Inc. Class A Ordinary Shares,,
GHXIU,Gores Holdings XI Inc. Units,,
GHXIW,Gores Holdings XI Inc. Warrant,,
GHY,PGIM Global High Yield Fund Inc.,Finance,Trusts Except Educational Religious and Charitable
GIB,CGI Inc. Common Stock,Consumer Discretionary,Professional Services
GIBO,GIBO Holdings Limited Class A Ordinary Shares,Technology,Computer Software: Prepackaged Software
GIC,Global Industrial Company Common Stock,Industrials,Industrial Machinery/Components
GIFT,Giftify Inc. Common Stock,Consumer Discretionary,Catalog/Specialty Distribution
GIGM,GigaMedia Limited Ordinary Shares,Technology,Computer Software: Programming Data Processing
GIII,G-III Apparel Group LTD. Common Stock,Consumer Discretionary,Apparel
GIL,Gildan Activewear Inc. Class A Sub. Vot. Common Stock,Consumer Discretionary,Apparel
GILD,Gilead Sciences Inc. Common Stock,Health Care,Biotechnology: Biological Products (No Diagnostic Substances)
GILT,Gilat Satellite Networks Ltd. Ordinary Shares,Technology,Radio And Television Broadcasting And Communications Equipment
GIPR,Generation Income Properties Inc. Common Stock,Real Estate,Real Estate Investment Trusts
GIS,General Mills Inc. Common Stock,Consumer Staples,Packaged Foods
GITS,Global Interactive Technologies Inc. Common Stock,Technology,Computer Software: Programming Data Processing
GIW,GigCapital8 Corp. Class A Ordinary Shares,Finance,Blank Checks
GIWWR,GigCapital8 Corp. Rights,,
GIX,GigCapital9 Corp. Class A Ordinary Share,Finance,Blank Checks
GIXI,Gix Internet Ltd. Ordinary Shares,Technology,Computer Software: Prepackaged Software
GIXXR,GigCapital9 Corp. Rights,Finance,Blank Checks
GJH,Synthetic Fixed-Income Securities Inc 6.375% (STRATS) Cl A-1,Finance,Finance: Consumer Services
GJO,Synthetic Fixed-Income Securities Inc. on behalf of STRATS(SM) Trust for Wal-Mart Stores Inc. Securities Series 2004-5,Finance,Finance: Consumer Services
GJP,Synthetic Fixed-Income Securities Inc. on behalf of STRATS (SM) Trust for Dominion Resources Inc. Securities Series 2005-6 Floating Rate Structured Repackaged Asset-Backed Trust Securities (STRATS) Certificates,Finance,Finance: Consumer Services
GJR,Synthetic Fixed-Income Securities Inc. STRATS Trust for Procter&Gamble Securities Series 2006-1,Finance,Finance: Consumer Services
GJS,Goldman Sachs Group Securities STRATS Trust for Goldman Sachs Group Securities Series 2006-2,Finance,Finance: Consumer Services
GJT,Synthetic Fixed-Income Securities Inc. Floating Rate Structured Repackaged Asset-Backed Trust Securities Certificates Series 2006-3,Finance,Finance: Consumer Services
GKOS,Glaukos Corporation Common Stock,Health Care,Medical/Dental Instruments
GL,Globe Life Inc. Common Stock,Finance,Life Insurance
GLAD,Gladstone Capital Corporation Common Stock,Consumer Discretionary,Textiles
GLAS,Glass House Brands Inc. Subordinate Voting Shares,Health Care,Medicinal Chemicals and Botanical Products
GLBE,Global-E Online Ltd. Ordinary Shares,Technology,Computer Software: Prepackaged Software
GLBS,Globus Maritime Limited Common Stock,Consumer Discretionary,Marine Transportation
GLDG,GoldMining Inc. Common Shares,Basic Materials,Precious Metals
GLE,Global Engine Group Holding Limited Class A Ordinary Shares,Technology,EDP Services
GLED,GalaxyEdge Acquisition Corporation Ordinary Shares,Finance,Blank Checks
GLIBA,Liberty Capital Corporation Series A GCI Group Common Stock,Telecommunications,Cable & Other Pay Television Services
GLIBK,Liberty Capital Corporation Series C GCI Group Common Stock,Telecommunications,Cable & Other Pay Television Services
GLND,Greenland Energy Company Common Stock,Energy,Oil & Gas Production
GLNDW,Greenland Energy Company Warrant,Energy,Oil & Gas Production
GLNG,Golar Lng Ltd,Consumer Discretionary,Marine Transportation
GLO,Clough Global Opportunities Fund Common Stock,Finance,Finance/Investors Services
GLOB,Globant S.A. Common Shares,Technology,EDP Services
GLOO,Gloo Holdings Inc. Class A Common Stock,Technology,EDP Services
GLP,Global Partners LP Common Units representing Limited Partner Interests,Energy,Oil Refining/Marketing
GLPI,Gaming and Leisure Properties Inc. Common Stock,Real Estate,Real Estate Investment Trusts
GLQ,Clough Global Equity Fund Clough Global Equity Fund Common Shares of Beneficial Interest,Finance,Finance/Investors Services
GLRE,Greenlight Capital Re Ltd. Class A Ordinary Shares,Finance,Property-Casualty Insurers
GLSI,Greenwich LifeSciences Inc. Common Stock,Health Care,Biotechnology: Pharmaceutical Preparations
GLU,Gabelli Global Utility Common Shares of Beneficial Ownership,Finance,Finance/Investors Services
GLUE,Monte Rosa Therapeutics Inc. Common Stock,Health Care,Biotechnology: Biological Products (No Diagnostic Substances)
GLV,Clough Global Dividend and Income Fund Common Shares of beneficial interest,Finance,Finance/Investors Services
GLW,Corning Incorporated Common Stock,Industrials,Telecommunications Equipment
GLXG,Galaxy Payroll Group Limited Class A Ordinary Shares,Industrials,Diversified Commercial Services
GLXY,Galaxy Digital Inc. Class A Common Stock,Finance,Investment Bankers/Brokers/Service
GM,General Motors Company Common Stock,Industrials,Auto Manufacturing
GMAB,Genmab A/S ADS,Health Care,Biotechnology: Pharmaceutical Preparations
GME,GameStop Corporation Common Stock,Consumer Discretionary,Electronics Distribution
GMED,Globus Medical Inc. Class A Common Stock,Health Care,Medical/Dental Instruments
GMEX,GMEX ROBOTICS CORPORATION Class A Ordinary Shares,Consumer Discretionary,Recreational Games/Products/Toys
GMHS,Gamehaus Holdings Inc. Class A Ordinary Shares,Technology,EDP Services
GMM,Global Mofy AI Limited Class A Ordinary Shares,Technology,Computer Software: Programming Data Processing
GMRS,GMR Solutions Inc. Class A Common Stock,Consumer Discretionary,Transportation Services
GMTL,Guardian Metal Resources PLC ADS,Basic Materials,Metal Mining
GNE,Genie Energy Ltd. Class B Common Stock Stock,Utilities,Power Generation
GNK,Genco Shipping & Trading Limited Ordinary Shares New (Marshall Islands),Consumer Discretionary,Marine Transportation
GNL,Global Net Lease Inc. Common Stock,Real Estate,Real Estate Investment Trusts
GNLN,Greenlane Holdings Inc. Class A Common Stock,Consumer Discretionary,Durable Goods
GNLX,Genelux Corporation Common Stock,Health Care,Biotechnology: Pharmaceutical Preparations
GNPX,Genprex Inc. Common Stock,Health Care,Biotechnology: Pharmaceutical Preparations
GNRC,Generac Holdlings Inc. Common Stock,Consumer Discretionary,Metal Fabrications
GNS,Genius Group Limited Ordinary Shares,Technology,Computer Software: Prepackaged Software
GNSS,Genasys Inc. Common Stock,Consumer Staples,Consumer Electronics/Appliances
GNT,GAMCO Natural Resources Gold & Income Trust,Finance,Finance/Investors Services
GNTA,Genenta Science S.p.A. American Depositary Shares,Health Care,Biotechnology: Biological Products (No Diagnostic Substances)
GNTX,Gentex Corporation Common Stock,Consumer Discretionary,Auto Parts:O.E.M.
GNW,Genworth Financial Inc Common Stock,Finance,Life Insurance
GO,Grocery Outlet Holding Corp. Common Stock,Consumer Staples,Food Chains
GOAI,Eva Live Inc. Common Stock,Technology,Computer Software: Programming Data Processing
GOF,Guggenheim Strategic Opportunities Fund Common Shares of Beneficial Interest,Finance,Finance/Investors Services
GOGO,Gogo Inc. Common Stock,Consumer Discretionary,Telecommunications Equipment
GOLD,Gold.com Inc. Common Stock,Industrials,Other Specialty Stores
GOLF,Acushnet Holdings Corp. Common Stock,Consumer Discretionary,Recreational Games/Products/Toys
GOOD,Gladstone Commercial Corporation Real Estate Investment Trust,Real Estate,Real Estate
GOODN,Gladstone Commercial Corporation 6.625% Series E Cumulative Redeemable Preferred Stock,Real Estate,Real Estate
GOODO,Gladstone Commercial Corporation 6.00% Series G Cumulative Redeemable Preferred Stock par value $0.001 per share,Real Estate,Real Estate
GOOG,Alphabet Inc. Class C Capital Stock,Technology,Computer Software: Programming Data Processing
GOOGL,Alphabet Inc. Class A Common Stock,Technology,Computer Software: Programming Data Processing
GOOGM,Alphabet Inc. Depositary Shares representing a 1/20th Interest in a Share of Series A Mandatory Convertible Preferred Stock,Technology,Computer Software: Programming Data Processing
GOOGN,Alphabet Inc. Depositary Shares representing a 1/20th Interest in a Share of Series B Mandatory Convertible Preferred Stock,Technology,Computer Software: Programming Data Processing
GOOS,Canada Goose Holdings Inc. Subordinate Voting Shares,Consumer Discretionary,Apparel
GORO,Goldgroup Mining Inc. Common Shares,Basic Materials,Precious Metals
GOSS,Gossamer Bio Inc. Common Stock,Health Care,Biotechnology: Pharmaceutical Preparations
GOTU,Gaotu Techedu Inc. American Depositary Shares,Real Estate,Other Consumer Services
GOVX,GeoVax Labs Inc. Common Stock,Health Care,Biotechnology: Pharmaceutical Preparations
GP,GreenPower Motor Company Inc. Common Shares,Consumer Discretionary,Construction/Ag Equipment/Trucks
GPAC,General Purpose Acquisition Corp. Class A Ordinary Shares,,
GPACU,General Purpose Acquisition Corp. Units,,
GPACW,General Purpose Acquisition Corp. Warrant,Industrials,Major Chemicals
GPAT,GP-Act III Acquisition Corp. Class A Ordinary Share,,
GPATW,GP-Act III Acquisition Corp. Warrants,,
GPC,Genuine Parts Company Common Stock,Consumer Discretionary,Automotive Aftermarket
GPCR,Structure Therapeutics Inc. American Depositary Shares,Health Care,Biotechnology: Pharmaceutical Preparations
GPGI,GPGI Inc. Class A Common Stock,Finance,Finance: Consumer Services
GPI,Group 1 Automotive Inc. Common Stock,Consumer Discretionary,Retail-Auto Dealers and Gas Stations
GPJA,Georgia Power Company Series 2017A 5.00% Junior Subordinated Notes due October 1 2077,Utilities,Electric Utilities: Central
GPK,Graphic Packaging Holding Company,Consumer Discretionary,Containers/Packaging
GPMT,Granite Point Mortgage Trust Inc. Common Stock,Real Estate,Real Estate Investment Trusts
GPN,Global Payments Inc. Common Stock,Consumer Discretionary,Business Services
GPOR,Gulfport Energy Corporation Common Shares,Energy,Oil & Gas Production
GPRE,Green Plains Inc. Common Stock,Industrials,Major Chemicals
GPRK,Geopark Ltd Common Shares,Energy,Oil & Gas Production
GPRO,GoPro Inc. Class A Common Stock,Consumer Discretionary,Industrial Machinery/Components
GPUS,Hyperscale Data Inc. Common Stock,Technology,Industrial Machinery/Components
GRAB,Grab Holdings Limited Class A Ordinary Shares,Consumer Discretionary,Business Services
GRABW,Grab Holdings Limited Warrant,Consumer Discretionary,Business Services
GRAL,GRAIL Inc. Common Stock,Health Care,Medical Specialities
GRAN,Grande Group Limited Class A Ordinary Shares,Finance,Finance: Consumer Services
GRBK,Green Brick Partners Inc. Common Stock,Consumer Discretionary,Homebuilding
GRC,Gorman-Rupp Company (The) Common Stock,Industrials,Fluid Controls
GRCE,Grace Therapeutics Inc. Common Stock,Health Care,Biotechnology: Pharmaceutical Preparations
GRDN,Guardian Pharmacy Services Inc. Class A Common Stock,Consumer Staples,Retail-Drug Stores and Proprietary Stores
GRDX,GridAI Technologies Corp. Common Stock,Health Care,Biotechnology: Pharmaceutical Preparations
GREEL,Vulcan Infrastructure and Power Inc. 8.50% Senior Notes due 2026,Finance,Finance: Consumer Services
GRF,Eagle Capital Growth Fund Inc. Common Stock,Finance,Finance/Investors Services
GRFS,Grifols S.A. American Depositary Shares,Health Care,Biotechnology: Pharmaceutical Preparations
GRI,GRI Bio Inc. Common Stock,Health Care,Biotechnology: Pharmaceutical Preparations
GRML,Greenland Mines Ltd. Common Stock,Health Care,Biotechnology: Biological Products (No Diagnostic Substances)
GRMLW,Greenland Mines Ltd Warrant,Health Care,Biotechnology: Biological Products (No Diagnostic Substances)
GRMN,Garmin Ltd. Common Stock (Switzerland),Industrials,Industrial Machinery/Components
GRND,Grindr Inc. Common Stock,Technology,Computer Software: Programming Data Processing
GRNQ,Greenpro Capital Corp. Common Stock,Consumer Discretionary,Professional Services
GRNT,Granite Ridge Resources Inc. Common Stock,Energy,Oil & Gas Production
GRO,Brazil Potash Corp. Common Shares,Industrials,Mining & Quarrying of Nonmetallic Minerals (No Fuels)
GROV,Grove Collaborative Holdings Inc. Class A Common Stock,Consumer Discretionary,Catalog/Specialty Distribution
GROW,U.S. Global Investors Inc. Class A Common Stock,Finance,Investment Managers
GROY,Gold Royalty Corp. Common Shares,Basic Materials,Precious Metals
GRPN,Groupon Inc. Common Stock,Consumer Discretionary,Advertising
GRRR,Gorilla Technology Group Inc. Ordinary shares,Technology,Computer Software: Prepackaged Software
GRRRW,Gorilla Technology Group Inc. Warrant,Technology,Computer Software: Prepackaged Software
GRSD,Grandstand Limited Ordinary Shares,Consumer Discretionary,Services-Misc. Amusement & Recreation
GRVY,GRAVITY Co. Ltd. American Depository Shares,Technology,EDP Services
GRWG,GrowGeneration Corp. Common Stock,Consumer Discretionary,RETAIL: Building Materials
GRX,The Gabelli Healthcare & Wellness Trust Common Shares of Beneficial Interest,Finance,Finance/Investors Services
GS,Goldman Sachs Group Inc. (The) Common Stock,Finance,Investment Bankers/Brokers/Service
GSAT,Globalstar Inc. Common Stock,Consumer Discretionary,Telecommunications Equipment
GSBC,Great Southern Bancorp Inc. Common Stock,Finance,Major Banks
GSBD,Goldman Sachs BDC Inc. Common Stock,Finance,Investment Managers
GSHD,Goosehead Insurance Inc. Class A Common Stock,Finance,Specialty Insurers
GSHR,Gesher Acquisition Corp. II Class A Ordinary Shares,,
GSHRU,Gesher Acquisition Corp. II Units,Finance,Blank Checks
GSIT,GSI Technology Common Stock,Technology,Semiconductors
GSIW,Garden Stage Limited Class A Ordinary Shares,Finance,Investment Bankers/Brokers/Service
GSK,GSK plc American Depositary Shares (Each representing two Ordinary Shares),Health Care,Biotechnology: Pharmaceutical Preparations
GSL,Global Ship Lease Inc New Class A Common Shares,Consumer Discretionary,Marine Transportation
GSM,Ferroglobe PLC Ordinary Shares,Basic Materials,Metal Mining
GSRF,GSR IV Acquisition Corp. Class A ordinary share,,
GSRV,GSR V Acquisition Corp. Class A ordinary shares,Finance,Blank Checks
GSRVU,GSR V Acquisition Corp. Units,Finance,Blank Checks
GSUN,Golden Sun Technology Group Limited Class A Ordinary Shares,Real Estate,Other Consumer Services
GT,The Goodyear Tire & Rubber Company Common Stock,Consumer Discretionary,Automotive Aftermarket
GTBP,GT Biopharma Inc. Common Stock,Health Care,Biotechnology: Pharmaceutical Preparations
GTE,Gran Tierra Energy Inc. Common Stock,Energy,Oil & Gas Production
GTEC,Greenland Technologies Holding Corporation Class A Ordinary Shares,Industrials,Industrial Machinery/Components
GTEN,Gores Holdings X Inc. Class A ordinary shares,,
GTENU,Gores Holdings X Inc. Units,,
GTENW,Gores Holdings X Inc. Warrants,,
GTERA,Globa Terra Acquisition Corporation Class A Ordinary Shares,Finance,Blank Checks
GTERR,Globa Terra Acquisition Corporation Rights,Finance,Blank Checks
GTERW,Globa Terra Acquisition Corporation Warrants,Finance,Blank Checks
GTES,Gates Industrial Corporation Ltd. Common Shares,Industrials,Industrial Machinery/Components
GTIM,Good Times Restaurants Inc. Common Stock,Consumer Discretionary,Restaurants
GTLB,GitLab Inc. Class A Common Stock,Technology,Computer Software: Prepackaged Software
GTM,ZoomInfo Technologies Inc Common Stock,Technology,Computer Software: Prepackaged Software
GTN,Gray Media Inc. Common Stock,Industrials,Broadcasting
GTX,Garrett Motion Inc. Common Stock,Consumer Discretionary,Auto Parts:O.E.M.
GTY,Getty Realty Corporation Common Stock,Finance,Real Estate
GUAC,Berto Acquisition Corp. II Ordinary Shares,Finance,Blank Checks
GUACW,Berto Acquisition Corp. II Warrants,Finance,Blank Checks
GUG,Guggenheim Active Allocation Fund Common Shares of Beneficial Interest,Finance,Trusts Except Educational Religious and Charitable
GURE,Gulf Resources Inc. (NV) Common Stock,Industrials,Major Chemicals
GUT,Gabelli Utility Trust (The) Common Stock,Finance,Trusts Except Educational Religious and Charitable
GUTS,Fractyl Health Inc. Common Stock,Health Care,Medical/Dental Instruments
GVA,Granite Construction Incorporated Common Stock,Industrials,Military/Government/Technical
GVH,Globavend Holdings Limited Ordinary Shares,Industrials,Integrated Freight & Logistics
GWAV,Greenwave Technology Solutions Inc. Common Stock,Industrials,Metal Fabrications
GWH,ESS Tech Inc. Common Stock,Miscellaneous,Industrial Machinery/Components
GWRE,Guidewire Software Inc. Common Stock,Technology,Computer Software: Prepackaged Software
GWRS,Global Water Resources Inc. Common Stock,Utilities,Water Supply
GWW,W.W. Grainger Inc. Common Stock,Industrials,Office Equipment/Supplies/Services
GXAI,Gaxos.ai Inc. Common Stock,Technology,Computer Software: Prepackaged Software
GXO,GXO Logistics Inc. Common Stock,Consumer Discretionary,Transportation Services
GYGY,Game Your Game Inc. Common Stock,Technology,Computer Software: Prepackaged Software
GYRE,Gyre Therapeutics Inc. Common Stock,Health Care,Biotechnology: Pharmaceutical Preparations
GYRO,Gyrodyne LLC Common Stock,Real Estate,Building operators
H,Hyatt Hotels Corporation Class A Common Stock,Consumer Discretionary,Hotels/Resorts
HACQ,HCM IV Acquisition Corp. Class A Ordinary Share,Finance,Blank Checks
HAE,Haemonetics Corporation Common Stock,Health Care,Medical/Dental Instruments
HAFC,Hanmi Financial Corporation Common Stock,Finance,Major Banks
HAFN,Hafnia Limited Common Shares,Consumer Discretionary,Transportation Services
HAIN,Hain Celestial Group Inc. (The) Common Stock,Consumer Staples,Packaged Foods
HAL,Halliburton Company Common Stock,Energy,Oilfield Services/Equipment
HALO,Halozyme Therapeutics Inc. Common Stock,Health Care,Biotechnology: Biological Products (No Diagnostic Substances)
HAO,Haoxi Health Technology Limited Class A Ordinary Shares,Consumer Discretionary,Advertising
HAPN,Happen Inc. Common Stock,Finance,Finance: Consumer Services
HAS,Hasbro Inc. Common Stock,Consumer Discretionary,Recreational Games/Products/Toys
HASI,HA Sustainable Infrastructure Capital Inc. Common Stock,Finance,Finance/Investors Services
HAVA,Harvard Ave Acquisition Corporation Class A Ordinary Share,,
HAWK,HawkEye 360 Inc. Common Stock,Technology,EDP Services
HAYW,Hayward Holdings Inc. Common Stock,Industrials,Industrial Machinery/Components
HBAN,Huntington Bancshares Incorporated Common Stock,Finance,Major Banks
HBANL,Huntington Bancshares Incorporated Depositary Shares Each Representing a 1/40th Interest in a Share of 6.875% Series J Non-Cumulative Perpetual Preferred Stock,Finance,Major Banks
HBANM,Huntington Bancshares Incorporated Depositary Shares each representing a 1/1000th interest in a share of Huntington Series I Preferred Stock,Finance,Major Banks
HBANP,Huntington Bancshares Incorporated Depositary Shares 4.500% Series H Non-Cumulative Perpetual Preferred Stock,Finance,Major Banks
HBANZ,Huntington Bancshares Incorporated Depositary Shares Each Representing a 1/1000th Interest in a Share of 5.50% Series L Non-Cumulative Perpetual Preferred Stock,Finance,Major Banks
HBB,Hamilton Beach Brands Holding Company Class A Common Stock,Consumer Discretionary,Home Furnishings
HBCP,Home Bancorp Inc. Common Stock,Finance,Banks
HBIO,Harvard Bioscience Inc. Common Stock,Industrials,Biotechnology: Laboratory Analytical Instruments
HBM,Hudbay Minerals Inc. Ordinary Shares (Canada),Basic Materials,Metal Mining
HBNB,Hotel101 Global Holdings Corp. Class A Ordinary Shares,Consumer Discretionary,Hotels/Resorts
HBNC,Horizon Bancorp Inc. Common Stock,Finance,Major Banks
HBT,HBT Financial Inc. Common Stock,Finance,Major Banks
HCA,HCA Healthcare Inc. Common Stock,Health Care,Hospital/Nursing Management
HCAC,Hall Chadwick Acquisition Corp Class A Ordinary Shares,Consumer Discretionary,Auto Parts:O.E.M.
HCACR,Hall Chadwick Acquisition Corp Rights,,
HCACU,Hall Chadwick Acquisition Corp. Unit,Consumer Discretionary,Auto Parts:O.E.M.
HCAI,Huachen AI Parking Management Technology Holding Co. Ltd. Class A Ordinary Shares,Consumer Discretionary,Miscellaneous manufacturing industries
HCAT,Health Catalyst Inc Common Stock,Technology,Computer Software: Programming Data Processing
HCC,Warrior Met Coal Inc. Common Stock,Energy,Coal Mining
HCI,HCI Group Inc. Common Stock,Finance,Property-Casualty Insurers
HCIC,Hennessy Capital Investment Corp. VIII Class A Ordinary Shares,,
HCKT,Hackett Group Inc (The). Common Stock,Consumer Discretionary,Professional Services
HCM,HUTCHMED (China) Limited American Depositary Shares,Health Care,Biotechnology: Pharmaceutical Preparations
HCMA,HCM III Acquisition Corp. Class A Ordinary Share,Consumer Discretionary,Hotels/Resorts
HCMAU,HCM III Acquisition Corp. Units,,
HCMAW,HCM III Acquisition Corp. Warrants,Consumer Discretionary,Hotels/Resorts
HCSG,Healthcare Services Group Inc. Common Stock,Health Care,Hospital/Nursing Management
HCTI,Healthcare Triangle Inc. Common Stock,Technology,EDP Services
HCWB,HCW Biologics Inc. Common Stock,Health Care,Biotechnology: Pharmaceutical Preparations
HCWC,Healthy Choice Wellness Corp. Class A Common Stock,Consumer Staples,Food Chains
HCXY,Hercules Capital Inc. 6.25% Notes due 2033,Finance,Investment Managers
HD,Home Depot Inc. (The) Common Stock,Consumer Discretionary,RETAIL: Building Materials
HDB,HDFC Bank Limited Common Stock,Finance,Commercial Banks
HDL,SUPER HI INTERNATIONAL HOLDING LTD. American Depositary Shares,Consumer Discretionary,Restaurants
HDRN,Hadron Energy Inc. Common Stock,Utilities,Electric Utilities: Central
HDRNW,Hadron Energy Inc. Warrant,Utilities,Electric Utilities: Central
HDSN,Hudson Technologies Inc. Common Stock,Consumer Discretionary,Industrial Specialties
HE,Hawaiian Electric Industries Inc. Common Stock,Utilities,Electric Utilities: Central
HEI,Heico Corporation Common Stock,Industrials,Aerospace
HEI-A,Heico Corporation,,
HELE,Helen of Troy Limited Common Stock,Consumer Discretionary,Home Furnishings
HELP,Cybin Inc. Common Stock,Health Care,Biotechnology: Pharmaceutical Preparations
HEPS,D-Market Electronic Services & Trading American Depositary Shares,Consumer Discretionary,Catalog/Specialty Distribution
HEQ,John Hancock Diversified Income Fund Common Shares of Beneficial Interest,Finance,Investment Managers
HERE,Here Group Limited American Depositary Shares,Consumer Discretionary,Recreational Games/Products/Toys
HERZ,Herzfeld Credit Income Fund Inc. Common Stock,Finance,Investment Managers
HESM,Hess Midstream LP Class A Representing Limited Partner Interests,Energy,Oil & Gas Production
HFBL,Home Federal Bancorp Inc. of Louisiana Common Stock,Finance,Savings Institutions
HFFG,HF Foods Group Inc. Common Stock,Consumer Discretionary,Food Distributors
HFRO,Highland Opportunities and Income Fund Common Shares of Beneficial Interest,Finance,Finance/Investors Services
HFWA,Heritage Financial Corporation Common Stock,Finance,Banks
HG,Hamilton Insurance Group Ltd. Class B Common Shares,Finance,Property-Casualty Insurers
HGBL,Heritage Global Inc. Common Stock,Consumer Discretionary,Business Services
HGLB,Highland Global Allocation Fund Common Stock,Finance,Trusts Except Educational Religious and Charitable
HGTY,Hagerty Inc. Class A Common Stock,Finance,Specialty Insurers
HGV,Hilton Grand Vacations Inc. Common Stock,Consumer Discretionary,Hotels/Resorts
HHH,Howard Hughes Holdings Inc. Common Stock,Real Estate,Real Estate Investment Trusts
HHS,Harte Hanks Inc. Common Stock,Consumer Discretionary,Advertising
HIFS,Hingham Institution for Savings Common Stock,Finance,Banks
HIG,The Hartford Insurance Group Inc. Common Stock,Finance,Property-Casualty Insurers
HIHO,Highway Holdings Limited Common Stock,Industrials,Metal Fabrications
HII,Huntington Ingalls Industries Inc. Common Stock,Industrials,Marine Transportation
HIMS,Hims & Hers Health Inc. Class A Common Stock,Health Care,Medical/Nursing Services
HIMX,Himax Technologies Inc. American Depositary Shares,Technology,Semiconductors
HIND,Vyome Holdings Inc. Common Stock,Health Care,Biotechnology: Pharmaceutical Preparations
HIO,Western Asset High Income Opportunity Fund Inc. Common Stock,Finance,Finance/Investors Services
HIPO,Hippo Holdings Inc. Common Stock,Finance,Property-Casualty Insurers
HIT,Health In Tech Inc. Class A Common Stock,Finance,Specialty Insurers
HITI,High Tide Inc. Common Shares,Consumer Discretionary,Other Specialty Stores
HIVE,HIVE Digital Technologies Ltd. Common Shares,Finance,Finance: Consumer Services
HIW,Highwoods Properties Inc. Common Stock,Real Estate,Real Estate Investment Trusts
HIX,Western Asset High Income Fund II Inc. Common Stock,Finance,Finance/Investors Services
HKD,AMTD Digital Inc. American Depositary Shares (every five of which represent two Class A Ordinary Shares),Finance,Finance: Consumer Services
HKIT,Hitek Global Inc. Class A Ordinary Share,Technology,Computer Software: Prepackaged Software
HKPD,Cellyan Biotechnology Co. Ltd Class A Ordinary Shares,Health Care,Other Pharmaceuticals
HL,Hecla Mining Company Common Stock,Industrials,Mining & Quarrying of Nonmetallic Minerals (No Fuels)
HLF,Herbalife Ltd. Common Shares,Health Care,Other Pharmaceuticals
HLI,Houlihan Lokey Inc. Class A Common Stock,Finance,Investment Managers
HLIO,Helios Technologies Inc. Common Stock,Industrials,Metal Fabrications
HLIT,Harmonic Inc. Common Stock,Technology,Radio And Television Broadcasting And Communications Equipment
HLLY,Holley Inc. Common Stock,Consumer Discretionary,Auto Parts:O.E.M.
HLMN,Hillman Solutions Corp. Common Stock,Consumer Discretionary,Industrial Machinery/Components
HLN,Haleon plc American Depositary Shares (Each representing two Ordinary Shares),Consumer Discretionary,Package Goods/Cosmetics
HLNE,Hamilton Lane Incorporated Class A Common Stock,Finance,Investment Managers
HLP,Hongli Group Inc. Class A Ordinary Shares,Industrials,Industrial Machinery/Components
HLSQ,Tessera Defense and Homeland Security Inc. Common Stock,Health Care,Biotechnology: Biological Products (No Diagnostic Substances)
HLT,Hilton Worldwide Holdings Inc. Common Stock,Consumer Discretionary,Hotels/Resorts
HLXC,Helix Acquisition Corp. III Class A Ordinary Shares,,
HMC,Honda Motor Company Ltd. Common Stock,Industrials,Auto Manufacturing
HMH,HMH Holding Inc. Class A Common Stock,Consumer Discretionary,Oil and Gas Field Machinery
HMN,Horace Mann Educators Corporation Common Stock,Finance,Property-Casualty Insurers
HMR,Heidmar Maritime Holdings Corp. Common Stock,Consumer Discretionary,Marine Transportation
HMY,Harmony Gold Mining Company Limited,Basic Materials,Precious Metals
HNGE,Hinge Health Inc. Class A Common Stock,Technology,EDP Services
HNI,HNI Corporation Common Stock,Consumer Discretionary,Office Equipment/Supplies/Services
HNNA,Hennessy Advisors Inc. Common Stock,Finance,Investment Managers
HNRG,Hallador Energy Company Common Stock,Utilities,Electric Utilities: Central
HNST,The Honest Company Inc. Common Stock,Consumer Discretionary,Catalog/Specialty Distribution
HNVR,Hanover Bancorp Inc. Common Stock,Finance,Major Banks
HODO,House of Doge Inc. Common Stock,Finance,Finance: Consumer Services
HOFT,Hooker Furnishings Corporation Common Stock,Consumer Discretionary,Home Furnishings
HOG,Harley-Davidson Inc. Common Stock,Consumer Discretionary,Motor Vehicles
HOLO,MicroCloud Hologram Inc. Ordinary Shares,Technology,Computer Software: Programming Data Processing
HOLOW,MicroCloud Hologram Inc. Warrant,Technology,Computer Software: Programming Data Processing
HOMB,Home BancShares Inc. Common Stock,Finance,Major Banks
HON,Honeywell International Inc. Common Stock,Industrials,Aerospace
HONA,Honeywell Aerospace Inc. Common Stock,Industrials,Aerospace
HOOD,Robinhood Markets Inc. Class A Common Stock,Finance,Investment Bankers/Brokers/Service
HOPE,Hope Bancorp Inc. Common Stock,Finance,Major Banks
HOS,Hornbeck Offshore Services Inc. Common Stock,Energy,Oilfield Services/Equipment
HOUR,Hour Loop Inc. Common Stock,Consumer Discretionary,Catalog/Specialty Distribution
HOV,Hovnanian Enterprises Inc. Class A Common Stock,Consumer Discretionary,Homebuilding
HOVNP,Hovnanian Enterprises Inc Dep Shr Srs A Pfd,Consumer Discretionary,Homebuilding
HOVR,New Horizon Aircraft Ltd. Class A Ordinary Share,Industrials,Aerospace
HOVRW,New Horizon Aircraft Ltd. Warrant,Industrials,Aerospace
HOWL,Werewolf Therapeutics Inc. Common Stock,Health Care,Biotechnology: Pharmaceutical Preparations
HP,Helmerich & Payne Inc. Common Stock,Energy,Oil & Gas Production
HPAI,Helport AI Limited Ordinary Shares,Technology,Computer Software: Prepackaged Software
HPE,Hewlett Packard Enterprise Company Common Stock,Technology,Retail: Computer Software & Peripheral Equipment
HPF,John Hancock Pfd Income Fund II Pfd Income Fund II,Finance,Finance Companies
HPI,John Hancock Preferred Income Fund Common Shares of Beneficial Interest,Finance,Trusts Except Educational Religious and Charitable
HPK,HighPeak Energy Inc. Common Stock,Energy,Oil & Gas Production
HPP,Hudson Pacific Properties Inc. Common Stock,Finance,Real Estate
HPQ,HP Inc. Common Stock,Technology,Computer Manufacturing
HPS,John Hancock Preferred Income Fund III Preferred Income Fund III,Finance,Investment Managers
HQ,Horizon Quantum Holdings Ltd. Class A Ordinary Shares,Technology,EDP Services
HQH,abrdn Healthcare Investors Shares of Beneficial Interest,Finance,Finance Companies
HQI,HireQuest Inc. Common Stock (DE),Consumer Discretionary,Professional Services
HQL,abrdn Life Sciences Investors Shares of Beneficial Interest,Finance,Investment Managers
HQWWW,Horizon Quantum Holdings Ltd. Warrant,Technology,EDP Services
HQY,HealthEquity Inc. Common Stock,Consumer Discretionary,Business Services
HR,Healthcare Realty Trust Incorporated Common Stock,Real Estate,Real Estate Investment Trusts
HRB,H&R Block Inc. Common Stock,Consumer Discretionary,Other Consumer Services
HRI,Herc Holdings Inc. Common Stock,Industrials,Misc Corporate Leasing Services
HRL,Hormel Foods Corporation Common Stock,Consumer Staples,Meat/Poultry/Fish
HRMY,Harmony Biosciences Holdings Inc. Common Stock,Health Care,Biotechnology: Pharmaceutical Preparations
HROW,Harrow Inc. Common Stock,Health Care,Biotechnology: Pharmaceutical Preparations
HRTG,Heritage Insurance Holdings Inc. Common Stock,Finance,Property-Casualty Insurers
HRTX,Heron Therapeutics Inc. Common Stock,Health Care,Biotechnology: Pharmaceutical Preparations
HRZN,Horizon Technology Finance Corporation Common Stock,Finance,Finance: Consumer Services
HSAI,Hesai Group American Depositary Share,Industrials,Industrial Machinery/Components
HSBC,HSBC Holdings plc. Common Stock,Finance,Savings Institutions
HSCS,HeartSciences Inc. Common Stock,Health Care,Industrial Specialties
HSCSW,HeartSciences Inc. Warrant,Health Care,Industrial Specialties
HSDT,Solana Company Class A Common Stock (DE),Health Care,Biotechnology: Electromedical & Electrotherapeutic Apparatus
HSHP,Himalaya Shipping Ltd. Common Shares,Consumer Discretionary,Marine Transportation
HSIC,Henry Schein Inc. Common Stock,Health Care,Medical Specialities
HSLV,Highlander Silver Corp. Common Shares,,
HST,Host Hotels & Resorts Inc. Common Stock,Real Estate,Real Estate Investment Trusts
HSTM,HealthStream Inc. Common Stock,Technology,Computer Software: Programming Data Processing
HSY,The Hershey Company Common Stock,Consumer Staples,Specialty Foods
HTB,HomeTrust Bancshares Inc. Common Stock,Finance,Savings Institutions
HTCO,High-Trend International Group Class A Ordinary Shares,Consumer Discretionary,Marine Transportation
HTCR,Heartcore Enterprises Inc. Common Stock,Technology,EDP Services
HTD,John Hancock Tax Advantaged Dividend Income Fund Common Shares of Beneficial Interest,Finance,Finance Companies
HTFC,Horizon Technology Finance Corporation 6.25% Notes due 2027,Finance,Finance: Consumer Services
HTFL,Heartflow Inc. Common Stock,Health Care,Medical/Dental Instruments
HTGC,Hercules Capital Inc. Common Stock,Finance,Investment Managers
HTH,Hilltop Holdings Inc.,Finance,Major Banks
HTHT,H World Group Limited American Depositary Shares,Consumer Discretionary,Hotels/Resorts
HTLD,Heartland Express Inc. Common Stock,Industrials,Trucking Freight/Courier Services
HTLM,HomesToLife Ltd Ordinary Shares,Consumer Discretionary,Other Specialty Stores
HTO,H2O America Common Stock,Utilities,Water Supply
HTOO,Fusion Fuel Green PLC Class A Ordinary Shares,Technology,Industrial Machinery/Components
HTT,High Templar Tech Limited American depositary shares each representing one Class A ordinary share,Finance,Finance: Consumer Services
HTZ,Hertz Global Holdings Inc Common Stock,Consumer Discretionary,Rental/Leasing Companies
HTZWW,Hertz Global Holdings Inc Warrant,Consumer Discretionary,Rental/Leasing Companies
HUBB,Hubbell Inc Common Stock,Technology,Electrical Products
HUBC,Hub Cyber Security Ltd. Ordinary Shares,Telecommunications,Computer Communications Equipment
HUBCW,Hub Cyber Security Ltd. Warrant 2/27/28,Telecommunications,Computer Communications Equipment
HUBCZ,Hub Cyber Security Ltd. Warrant,Telecommunications,Computer Communications Equipment
HUBG,Hub Group Inc. Class A Common Stock,Industrials,Integrated Freight & Logistics
HUBS,HubSpot Inc. Common Stock,Technology,Computer Software: Prepackaged Software
HUDI,Huadi International Group Co. Ltd. Ordinary Shares,Industrials,Steel/Iron Ore
HUHU,HUHUTECH International Group Inc. Ordinary Shares,Telecommunications,Metal Fabrications
HUIZ,Huize Holding Limited American Depositary Shares,Finance,Specialty Insurers
HUM,Humana Inc. Common Stock,Health Care,Medical Specialities
HUMA,Humacyte Inc. Common Stock,Health Care,Biotechnology: Biological Products (No Diagnostic Substances)
HUN,Huntsman Corporation Common Stock,Industrials,Major Chemicals
HURA,TuHURA Biosciences Inc. Common Stock,Health Care,Biotechnology: Pharmaceutical Preparations
HURC,Hurco Companies Inc. Common Stock,Industrials,Industrial Machinery/Components
HURN,Huron Consulting Group Inc. Common Stock,Consumer Discretionary,Professional Services
HUT,Hut 8 Corp. Common Stock,Finance,Finance: Consumer Services
HUYA,HUYA Inc. American depositary shares each  representing one Class A ordinary share,Technology,Computer Software: Programming Data Processing
HVII,Hennessy Capital Investment Corp. VII Ordinary Shares,,
HVIIR,Hennessy Capital Investment Corp. VII Rights,Finance,Blank Checks
HVIIU,Hennessy Capital Investment Corp. VII Unit,Finance,Blank Checks
HVMC,Highview Merger Corp. Class A Ordinary Share,,
HVMCW,Highview Merger Corp. Warrants,,
HVT,Haverty Furniture Companies Inc. Common Stock,Consumer Discretionary,Other Specialty Stores
HVT-A,Haverty Furniture Companies Inc.,,
HWBK,Hawthorn Bancshares Inc. Common Stock,Finance,Major Banks
HWC,Hancock Whitney Corporation Common Stock,Finance,Major Banks
HWCPZ,Hancock Whitney Corporation 6.25% Subordinated Notes due 2060,Finance,Major Banks
HWH,HWH International Inc. Common Stock,Health Care,Other Pharmaceuticals
HWKN,Hawkins Inc. Common Stock,Consumer Discretionary,Specialty Chemicals
HWM,Howmet Aerospace Inc. Common Stock,Industrials,Metal Fabrications
HXHX,Haoxin Holdings Limited Class A Ordinary Shares,Industrials,Trucking Freight/Courier Services
HXL,Hexcel Corporation Common Stock,Industrials,Major Chemicals
HY,Hyster-Yale Inc. Class A common stock,Industrials,Construction/Ag Equipment/Trucks
HYFM,Hydrofarm Holdings Group Inc. Common Stock,Consumer Discretionary,Consumer Specialties
HYFT,MindWalk Holdings Corp. Common Stock,Health Care,Biotechnology: Pharmaceutical Preparations
HYI,Western Asset High Yield Opportunity Fund Inc. Common Stock,Finance,Investment Managers
HYLN,Hyliion Holdings Corp. Class A Common Stock,Consumer Discretionary,Construction/Ag Equipment/Trucks
HYMC,Hycroft Mining Holding Corporation Class A Common Stock,Basic Materials,Precious Metals
HYNE,Hoyne Bancorp Inc. Common Stock,Finance,Banks
HYPD,Hyperion DeFi Inc. Common Stock,Health Care,Biotechnology: Pharmaceutical Preparations
HYPR,Hyperfine Inc. Class A Common Stock,Health Care,Biotechnology: Electromedical & Electrotherapeutic Apparatus
HYT,Blackrock Corporate High Yield Fund Inc. Common Stock,Finance,Finance Companies
HZO,MarineMax Inc.  (FL) Common Stock,Consumer Discretionary,Auto & Home Supply Stores
IA,Innovative Solutions and Support Inc. Common Stock,Technology,EDP Services
IACO,Idea Acquisition Corp. Class A Ordinary Shares,Finance,Blank Checks
IACQ,Irenic Acquisition Corp. Class A Ordinary Shares,Finance,Blank Checks
IACQU,Irenic Acquisition Corp. Unit,Finance,Blank Checks
IACQW,Irenic Acquisition Corp. Warrants,Finance,Blank Checks
IAE,Voya Asia Pacific High Dividend Equity Income Fund ING Asia Pacific High Dividend Equity Income Fund Common Shares of Beneficial Interest,Finance,Trusts Except Educational Religious and Charitable
IAF,abrdn Australia Equity Fund Inc. Common Stock,Finance,Finance/Investors Services
IAG,Iamgold Corporation Ordinary Shares,Basic Materials,Precious Metals
IART,Integra LifeSciences Holdings Corporation Common Stock,Health Care,Medical/Dental Instruments
IAUX,i-80 Gold Corp. Common Shares,Basic Materials,Precious Metals
IBAC,IB Acquisition Corp. Common Stock,Finance,Blank Checks
IBACR,IB Acquisition Corp. Right,Finance,Blank Checks
IBCP,Independent Bank Corporation Common Stock,Finance,Major Banks
IBEX,IBEX Limited Common Shares,Technology,EDP Services
IBG,Innovation Beverage Group Limited Ordinary Shares,Consumer Staples,Beverages (Production/Distribution)
IBIO,iBio Inc. Common Stock,Health Care,Biotechnology: Pharmaceutical Preparations
IBKR,Interactive Brokers Group Inc. Class A Common Stock,Finance,Investment Bankers/Brokers/Service
IBM,International Business Machines Corporation Common Stock,Technology,Computer Manufacturing
IBN,ICICI Bank Limited Common Stock,Finance,Commercial Banks
IBO,Impact BioMedical Inc. Common Stock,Health Care,Biotechnology: Pharmaceutical Preparations
IBOC,International Bancshares Corporation Common Stock,Finance,Major Banks
IBP,Installed Building Products Inc. Common Stock,Consumer Discretionary,Homebuilding
IBRX,ImmunityBio Inc. Common Stock,Health Care,Biotechnology: Biological Products (No Diagnostic Substances)
IBTA,Ibotta Inc. Class A Common Stock,Consumer Discretionary,Advertising
ICCC,ImmuCell Corporation Common Stock,Health Care,Biotechnology: In Vitro & In Vivo Diagnostic Substances
ICCM,IceCure Medical Ltd. Ordinary Shares,Health Care,Medical/Dental Instruments
ICE,Intercontinental Exchange Inc. Common Stock,Finance,Investment Bankers/Brokers/Service
ICFI,ICF International Inc. Common Stock,Consumer Discretionary,Professional Services
ICG,Intchains Group Limited American Depositary Shares,Technology,Semiconductors
ICHR,Ichor Holdings Ordinary Shares,Technology,Semiconductors
ICL,ICL Group Ltd. Ordinary Shares,Industrials,Agricultural Chemicals
ICLR,ICON plc Ordinary Shares,Health Care,Biotechnology: Commercial Physical & Biological Resarch
ICMB,Investcorp Credit Management BDC Inc. Common Stock,Finance,Finance: Consumer Services
ICON,Icon Energy Corp. Common stock,Consumer Discretionary,Marine Transportation
ICU,SeaStar Medical Holding Corporation Common Stock,Health Care,Medical/Dental Instruments
ICUCW,SeaStar Medical Holding Corporation Warrant,Health Care,Medical/Dental Instruments
ICUI,ICU Medical Inc. Common Stock,Health Care,Medical/Dental Instruments
IDA,IDACORP Inc. Common Stock,Utilities,Electric Utilities: Central
IDAC,Iron Dome Acquisition I Corp. Class A Ordinary Shares,,
IDACW,Iron Dome Acquisition I Corp. Warrant,,
IDAI,T Stamp Inc. Class A Common Stock,Technology,Computer Software: Prepackaged Software
IDCC,InterDigital Inc. Common Stock,Miscellaneous,Multi-Sector Companies
IDE,Voya Infrastructure Industrials and Materials Fund Common Shares of Beneficial Interest,Finance,Finance/Investors Services
IDN,Intellicheck Inc. Common Stock,Technology,Computer Software: Prepackaged Software
IDR,Idaho Strategic Resources Inc. Common Stock,Basic Materials,Precious Metals
IDT,IDT Corporation Class B Common Stock,Telecommunications,Telecommunications Equipment
IDXX,IDEXX Laboratories Inc. Common Stock,Health Care,Biotechnology: In Vitro & In Vivo Diagnostic Substances
IDYA,IDEAYA Biosciences Inc. Common Stock,Health Care,Biotechnology: Pharmaceutical Preparations
IE,Ivanhoe Electric Inc. Common Stock,Basic Materials,Metal Mining
IEAG,Infinite Eagle Acquisition Corp. Class A Ordinary Shares,Finance,Blank Checks
IEAGR,Infinite Eagle Acquisition Corp. Rights,Finance,Blank Checks
IEAGU,Infinite Eagle Acquisition Corp. Unit,,
IEP,Icahn Enterprises L.P. Common Stock,Energy,Integrated oil Companies
IESC,IES Holdings Inc. Common Stock,Industrials,Engineering & Construction
IEX,IDEX Corporation Common Stock,Industrials,Fluid Controls
IFBD,Infobird Co. Ltd Ordinary Shares,Technology,Computer Software: Prepackaged Software
IFF,International Flavors & Fragrances Inc. Common Stock,Industrials,Major Chemicals
IFN,Aberdeen India Fund Inc. Common Stock,Finance,Finance/Investors Services
IFRX,InflaRx N.V. Common Stock,Health Care,Biotechnology: Pharmaceutical Preparations
IFS,Intercorp Financial Services Inc. Common Shares,Finance,Commercial Banks
IGA,Voya Global Advantage and Premium Opportunity Fund Common Shares of Beneficial Interest,Finance,Investment Managers
IGAC,Invest Green Acquisition Corporation Class A Ordinary Shares,Finance,Blank Checks
IGACR,Invest Green Acquisition Corporation Rights,,
IGACU,Invest Green Acquisition Corporation Units,Finance,Blank Checks
IGC,IGC Pharma Inc. Common Stock,Health Care,Biotechnology: Pharmaceutical Preparations
IGD,Voya Global Equity Dividend and Premium Opportunity Fund,Finance,Trusts Except Educational Religious and Charitable
IGI,Western Asset Investment Grade Opportunity Trust Inc. Common Stock,Finance,Investment Managers
IGIC,International General Insurance Holdings Ltd. Ordinary Share,Finance,Property-Casualty Insurers
IGR,CBRE Global Real Estate Income Fund Common Shares of Beneficial Interest,Finance,Finance Companies
IH,iHuman Inc. American depositary shares each representing five Class A ordinary shares,Real Estate,Other Consumer Services
IHD,Voya Emerging Markets High Income Dividend Equity Fund Common Shares,Finance,Investment Managers
IHG,Intercontinental Hotels Group American Depositary Shares (Each representing one Ordinary Share),Consumer Discretionary,Hotels/Resorts
IHRT,iHeartMedia Inc. Class A Common Stock,Consumer Discretionary,Broadcasting
IHS,IHS Holding Limited Ordinary Shares,Telecommunications,Telecommunications Equipment
IHT,InnSuites Hospitality Trust Shares of Beneficial Interest,Real Estate,Real Estate Investment Trusts
IIF,Morgan Stanley India Investment Fund Inc. Common Stock,Finance,Trusts Except Educational Religious and Charitable
III,Information Services Group Inc. Common Stock,Consumer Discretionary,Professional Services
IIIN,Insteel Industries Inc. Common Stock,Industrials,Steel/Iron Ore
IIIV,i3 Verticals Inc. Class A Common Stock,Technology,Computer Software: Prepackaged Software
IIM,Invesco Value Municipal Income Trust Common Stock,Finance,Investment Managers
IIPR,Innovative Industrial Properties Inc. Common Stock,Finance,Real Estate
IKT,Inhibikase Therapeutics Inc. Common Stock,Health Care,Biotechnology: Biological Products (No Diagnostic Substances)
ILAG,Intelligent Living Application Group Inc. Ordinary Shares,Consumer Discretionary,Office Equipment/Supplies/Services
ILLR,Triller Group Inc. Common Stock,Finance,Investment Managers
ILLRW,Triller Group Inc. Warrant,Finance,Investment Managers
ILLU,Illumination Acquisition Corp I Class A Ordinary Shares,Finance,Blank Checks
ILLUU,Illumination Acquisition Corp I Units,Finance,Blank Checks
ILLUW,Illumination Acquisition Corp I Warrant,,
ILMN,Illumina Inc. Common Stock,Health Care,Medical Specialities
ILPT,Industrial Logistics Properties Trust Common Shares of Beneficial Interest,Real Estate,Real Estate Investment Trusts
IMA,ImageneBio Inc. Common Stock,Health Care,Biotechnology: Biological Products (No Diagnostic Substances)
IMAX,Imax Corporation Common Stock,Consumer Discretionary,Industrial Machinery/Components
IMC,IMC Rare Earths Ltd Ordinary Shares,Basic Materials,Metal Mining
IMCC,IM Cannabis Corp. Common Shares,Health Care,Medicinal Chemicals and Botanical Products
IMCR,Immunocore Holdings plc American Depositary Shares,Health Care,Biotechnology: Biological Products (No Diagnostic Substances)
IMDX,Insight Molecular Diagnostics Inc. Common Stock,Health Care,Biotechnology: In Vitro & In Vivo Diagnostic Substances
IMKTA,Ingles Markets Incorporated Class A Common Stock,Consumer Staples,Food Chains
IMMP,Immutep Limited American Depositary Shares,Health Care,Biotechnology: Pharmaceutical Preparations
IMMR,Immersion Corporation Common Stock,Technology,Computer peripheral equipment
IMMX,Immix Biopharma Inc. Common Stock,Health Care,Biotechnology: Pharmaceutical Preparations
IMNM,Immunome Inc. Common Stock,Health Care,Biotechnology: Pharmaceutical Preparations
IMNN,Imunon Inc. Common Stock,Health Care,Biotechnology: Pharmaceutical Preparations
IMO,Imperial Oil Limited Common Stock,Energy,Integrated oil Companies
IMOS,ChipMOS TECHNOLOGIES INC. American Depositary Shares,Technology,Semiconductors
IMPP,Imperial Petroleum Inc. Common Shares,Consumer Discretionary,Marine Transportation
IMPPP,Imperial Petroleum Inc. 8.75% Series A Cumulative Redeemable Perpetual Preferred Shares,Consumer Discretionary,Marine Transportation
IMRN,Immuron Limited American Depositary Shares,Health Care,Biotechnology: Pharmaceutical Preparations
IMRX,Immuneering Corporation Class A Common Stock,Health Care,Biotechnology: Pharmaceutical Preparations
IMSR,Terrestrial Energy Inc. Common Stock,Industrials,Metal Fabrications
IMSRW,Terrestrial Energy Inc. Warrant,Industrials,Metal Fabrications
IMTE,Integrated Media Technology Limited Ordinary Shares,Consumer Staples,Consumer Electronics/Appliances
IMTX,Immatics N.V. Ordinary Shares,Health Care,Biotechnology: Biological Products (No Diagnostic Substances)
IMUX,Immunic Inc. Common Stock,Health Care,Biotechnology: Pharmaceutical Preparations
IMVT,Immunovant Inc. Common Stock,Health Care,Biotechnology: Biological Products (No Diagnostic Substances)
IMXI,International Money Express Inc. Common Stock,Consumer Discretionary,Business Services
INAB,IN8bio Inc. Common Stock,Health Care,Biotechnology: Biological Products (No Diagnostic Substances)
INAC,Indigo Acquisition Corp. Ordinary Shares,,
INACR,Indigo Acquisition Corp. Right,,
INACU,Indigo Acquisition Corp. Unit,,
INBK,First Internet Bancorp Common Stock,Finance,Major Banks
INBKZ,First Internet Bancorp 6.0% Fixed-to-Floating Rate Subordinated Notes Due 2029,Finance,Major Banks
INBS,Intelligent Bio Solutions Inc. Common Stock,Health Care,Medical/Dental Instruments
INBX,Inhibrx Biosciences Inc. Common Stock,Health Care,Biotechnology: Biological Products (No Diagnostic Substances)
INCR,Intercure Ltd. Ordinary Shares,Health Care,Biotechnology: Pharmaceutical Preparations
INCY,Incyte Corp. Common Stock,Health Care,Biotechnology: Commercial Physical & Biological Resarch
INDB,Independent Bank Corp. Common Stock,Finance,Major Banks
INDI,indie Semiconductor Inc. Class A Common Stock,Technology,Semiconductors
INDO,Indonesia Energy Corporation Limited Ordinary Shares,Energy,Oil & Gas Production
INDP,Indaptus Therapeutics Inc. Common Stock,Health Care,Biotechnology: Pharmaceutical Preparations
INDV,Indivior Pharmaceuticals Inc. Common Stock,Health Care,Biotechnology: Pharmaceutical Preparations
INEO,INNEOVA Holdings Limited Class A Ordinary Shares,Consumer Discretionary,Motor Vehicles
INFQ,Infleqtion Inc. Common Stock,Technology,EDP Services
INFU,InfuSystems Holdings Inc. Common Stock,Health Care,Medical/Dental Instruments
INFY,Infosys Limited American Depositary Shares,Technology,EDP Services
ING,ING Group N.V. Common Stock,Finance,Commercial Banks
INGM,Ingram Micro Holding Corporation Common Stock,Technology,Retail: Computer Software & Peripheral Equipment
INGN,Inogen Inc Common Stock,Health Care,Industrial Specialties
INGR,Ingredion Incorporated Common Stock,Consumer Staples,Packaged Foods
INHD,Inno Holdings Inc. Common Stock,Industrials,Steel/Iron Ore
INIO,INNIO N.V. Ordinary Shares,Consumer Discretionary,Metal Fabrications
INKT,MiNK Therapeutics Inc. Common Stock,Health Care,Biotechnology: Biological Products (No Diagnostic Substances)
INLF,INLIF LIMITED Class A Ordinary Shares,Industrials,Industrial Machinery/Components
INLX,Intellinetics Inc. Common Stock,Technology,Computer Software: Prepackaged Software
INM,InMed Pharmaceuticals Inc. Common Shares,Health Care,Biotechnology: Pharmaceutical Preparations
INMB,INmune Bio Inc. Common stock,Health Care,Biotechnology: Biological Products (No Diagnostic Substances)
INMD,InMode Ltd. Ordinary Shares,Health Care,Biotechnology: Electromedical & Electrotherapeutic Apparatus
INN,Summit Hotel Properties Inc. Common Stock,Real Estate,Real Estate Investment Trusts
INN.F,Summit Hotel Properties Inc. 5.875% Series F Cumulative Redeemable Preferred Stock $0.01 par value per share,,
INNV,InnovAge Holding Corp. Common Stock,Health Care,Medical/Nursing Services
INO,Inovio Pharmaceuticals Inc. Common Stock,Health Care,Biotechnology: Pharmaceutical Preparations
INOD,Innodata Inc. Common Stock,Technology,EDP Services
INR,Infinity Natural Resources Inc. Class A Common Stock,Energy,Oil & Gas Production
INSE,Inspired Entertainment Inc. Common Stock,Technology,Computer Software: Prepackaged Software
INSG,Inseego Corp. Common Stock,Telecommunications,Telecommunications Equipment
INSM,Insmed Incorporated Common Stock,Health Care,Biotechnology: Pharmaceutical Preparations
INSP,Inspire Medical Systems Inc. Common Stock,Health Care,Medical/Dental Instruments
INSW,International Seaways Inc. Common Stock,Consumer Discretionary,Marine Transportation
INTA,Intapp Inc. Common Stock,Technology,Computer Software: Prepackaged Software
INTC,Intel Corporation Common Stock,Technology,Semiconductors
INTG,Intergroup Corporation (The) Common Stock,Real Estate,Building operators
INTJ,Intelligent Group Limited Class A Ordinary Shares,Consumer Discretionary,Professional Services
INTR,Inter & Co. Inc. Class A Common Shares,Finance,Commercial Banks
INTS,Intensity Therapeutics Inc. Common stock,Health Care,Biotechnology: Biological Products (No Diagnostic Substances)
INTT,inTest Corporation Common Stock,Industrials,Electrical Products
INTU,Intuit Inc. Common Stock,Technology,Computer Software: Prepackaged Software
INTZ,Intrusion Inc. Common Stock,Telecommunications,Computer Communications Equipment
INUV,Inuvo Inc.,Consumer Discretionary,Advertising
INV,Innventure Inc. Common Stock,Finance,Blank Checks
INVA,Innoviva Inc. Common Stock,Health Care,Biotechnology: Pharmaceutical Preparations
INVE,Identiv Inc. Common Stock,Technology,Computer peripheral equipment
INVH,Invitation Homes Inc. Common Stock,Finance,Real Estate
INVX,Innovex International Inc. Common Stock,Consumer Discretionary,Oil and Gas Field Machinery
INVZ,Innoviz Technologies Ltd. Ordinary shares,Consumer Discretionary,Auto Parts:O.E.M.
IOND,Ionic Digital Inc. Class A Common Stock,Finance,Finance: Consumer Services
IONQ,IonQ Inc. Common Stock,Technology,EDP Services
IONR,ioneer Ltd American Depositary Shares,Industrials,Mining & Quarrying of Nonmetallic Minerals (No Fuels)
IONS,Ionis Pharmaceuticals Inc. Common Stock,Health Care,Biotechnology: Pharmaceutical Preparations
IOR,Income Opportunity Realty Investors Inc. Common Stock,Real Estate,Real Estate Investment Trusts
IOSP,Innospec Inc. Common Stock,Industrials,Major Chemicals
IOT,Samsara Inc. Class A Common Stock,Technology,EDP Services
IOTR,iOThree Limited Ordinary Shares,Consumer Discretionary,Telecommunications Equipment
IOVA,Iovance Biotherapeutics Inc. Common Stock,Health Care,Biotechnology: Biological Products (No Diagnostic Substances)
IP,International Paper Company Common Stock,Basic Materials,Paper
IPAR,Interparfums Inc. Common Stock,Consumer Discretionary,Package Goods/Cosmetics
IPDN,Professional Diversity Network Inc. Common Stock,Technology,Computer Software: Programming Data Processing
IPEX,Inflection Point Acquisition Corp. V Class A Ordinary Shares,Health Care,Biotechnology: Pharmaceutical Preparations
IPEXR,Inflection Point Acquisition Corp. V Rights,Finance,Blank Checks
IPEXU,Inflection Point Acquisition Corp. V Units,Finance,Blank Checks
IPFX,Inflection Point Acquisition Corp. VI Class A Ordinary Shares,Finance,Blank Checks
IPFXU,Inflection Point Acquisition Corp. VI Units,Finance,Blank Checks
IPFXW,Inflection Point Acquisition Corp. VI Warrant,Finance,Blank Checks
IPGP,IPG Photonics Corporation Common Stock,Technology,Semiconductors
IPHA,Innate Pharma S.A. ADS,Health Care,Biotechnology: Biological Products (No Diagnostic Substances)
IPHXU,Inflection Point Acquisition Corp. VIII Unit,,
IPI,Intrepid Potash Inc Common Stock,Industrials,Mining & Quarrying of Nonmetallic Minerals (No Fuels)
IPM,Intelligent Protection Management Corp. Common Stock,Technology,Computer Software: Programming Data Processing
IPSC,Century Therapeutics Inc. Common Stock,Health Care,Biotechnology: Biological Products (No Diagnostic Substances)
IPST,IP Strategy Holdings Inc. Common Stock,Consumer Staples,Beverages (Production/Distribution)
IPVV,InterPrivate Investment Partners V Inc. Class A Ordinary Shares,Finance,Blank Checks
IPVVU,InterPrivate Investment Partners V Inc. Units,Finance,Blank Checks
IPW,iPower Inc. Common Stock,Consumer Discretionary,RETAIL: Building Materials
IPWR,Ideal Power Inc. Common Stock,Technology,Semiconductors
IPX,IperionX Limited American Depositary Share,Basic Materials,Other Metals and Minerals
IPXG,Inflection Point Acquisition Corp. VII Class A Ordinary Shares,Finance,Blank Checks
IPXGW,Inflection Point Acquisition Corp. VII Warrant,Finance,Blank Checks
IQ,iQIYI Inc. American Depositary Shares,Consumer Discretionary,Consumer Electronics/Video Chains
IQI,Invesco Quality Municipal Income Trust Common Stock,Finance,Finance Companies
IQMX,IQM Quantum Computers Oyj American Depositary Shares,Technology,Computer Software: Prepackaged Software
IQMXW,IQM Quantum Computers Oyj Warrants to purchase American Depositary Shares,Technology,Computer Software: Prepackaged Software
IQST,iQSTEL Inc. Common Stock,Telecommunications,Telecommunications Equipment
IQV,IQVIA Holdings Inc. Common Stock,Health Care,Biotechnology: Commercial Physical & Biological Resarch
IR,Ingersoll Rand Inc. Common Stock,Industrials,Industrial Machinery/Components
IRAB,Iris Acquisition Corp II Class A Ordinary Shares,,
IRD,Opus Genetics Inc. Common Stock,Health Care,Biotechnology: Pharmaceutical Preparations
IRDM,Iridium Communications Inc Common Stock,Consumer Discretionary,Telecommunications Equipment
IREN,IREN Limited Ordinary Shares,Finance,Finance: Consumer Services
IRHO,Iron Horse Acquisitions II Corp. Common Stock,Finance,Blank Checks
IRHOR,Iron Horse Acquisitions Corp. II Rights,Finance,Blank Checks
IRIX,IRIDEX Corporation Common Stock,Health Care,Biotechnology: Electromedical & Electrotherapeutic Apparatus
IRM,Iron Mountain Incorporated (Delaware)Common Stock REIT,Real Estate,Real Estate Investment Trusts
IRMD,iRadimed Corporation Common Stock,Health Care,Medical/Dental Instruments
IRON,Disc Medicine Inc. Common Stock,Health Care,Biotechnology: Pharmaceutical Preparations
IRS,IRSA Inversiones Y Representaciones S.A. Global Depositary Shares (Each representing ten shares of Common Stock),Real Estate,Homebuilding
IRT,Independence Realty Trust Inc. Common Stock,Real Estate,Real Estate Investment Trusts
IRTC,iRhythm Holdings Inc. Common Stock,Health Care,Medical/Dental Instruments
IRWD,Ironwood Pharmaceuticals Inc. Class A Common Stock,Health Care,Biotechnology: Pharmaceutical Preparations
ISBA,Isabella Bank Corporation Common stock,Finance,Major Banks
ISD,PGIM High Yield Bond Fund Inc.,Finance,Trusts Except Educational Religious and Charitable
ISNR,Snow Rothschild Acquisition Corp. Class A Ordinary Shares,Finance,Blank Checks
ISNRU,Snow Rothschild Acquisition Corp. Units,Finance,Blank Checks
ISNRW,Snow Rothschild Acquisition Corp. Warrants,Finance,Blank Checks
ISOU,IsoEnergy Ltd. Common Shares,,
ISPC,iSpecimen Inc. Common Stock,Health Care,Biotechnology: Commercial Physical & Biological Resarch
ISPR,Ispire Technology Inc. Common Stock,Health Care,Medicinal Chemicals and Botanical Products
ISRG,Intuitive Surgical Inc. Common Stock,Health Care,Industrial Specialties
ISTR,Investar Holding Corporation Common Stock,Finance,Major Banks
IT,Gartner Inc. Common Stock,Consumer Discretionary,Other Consumer Services
ITG,ITG Inc. Class A Common Stock,Industrials,Water Sewer Pipeline Comm & Power Line Construction
ITGR,Integer Holdings Corporation Common Stock,Health Care,Biotechnology: Electromedical & Electrotherapeutic Apparatus
ITHA,ITHAX Acquisition Corp III Class A Ordinary Shares,,
ITHAU,ITHAX Acquisition Corp III Units,,
ITHAW,ITHAX Acquisition Corp III Warrants,,
ITIC,Investors Title Company Common Stock,Finance,Specialty Insurers
ITOC,iTonic Holdings Ltd Class A Ordinary Shares,Health Care,Biotechnology: Electromedical & Electrotherapeutic Apparatus
ITP,IT Tech Packaging Inc. Common Stock,Consumer Discretionary,Containers/Packaging
ITRG,Integra Resources Corp. Common Shares,Basic Materials,Precious Metals
ITRI,Itron Inc. Common Stock,Industrials,Electrical Products
ITRN,Ituran Location and Control Ltd. Ordinary Shares,Technology,Electronic Components
ITT,ITT Inc. Common Stock,Industrials,Fluid Controls
ITUB,Itau Unibanco Banco Holding SA American Depositary Shares (Each repstg 500 Preferred shares),Finance,Major Banks
ITW,Illinois Tool Works Inc. Common Stock,Industrials,Industrial Machinery/Components
IVA,Inventiva S.A. American Depository Shares,Health Care,Biotechnology: Pharmaceutical Preparations
IVDA,Iveda Solutions Inc. Common Stock,Technology,Computer Software: Prepackaged Software
IVF,INVO Fertility Inc. Common Stock,Health Care,Medical/Dental Instruments
IVR,INVESCO MORTGAGE CAPITAL INC Common Stock,Real Estate,Real Estate Investment Trusts
IVT,InvenTrust Properties Corp. Common Stock,Real Estate,Real Estate Investment Trusts
IVVD,Invivyd Inc. Common Stock,Health Care,Biotechnology: Biological Products (No Diagnostic Substances)
IVZ,Invesco Ltd Common Stock,Finance,Investment Managers
IX,ORIX Corporation American Depositary Shares,Finance,Diversified Financial Services
IXHL,Incannex Healthcare Inc. Common Stock,Health Care,Biotechnology: Pharmaceutical Preparations
IZEA,IZEA Worldwide Inc. Common Stock,Consumer Discretionary,Advertising
IZM,ICZOOM Group Inc. Class A Ordinary Shares,Consumer Discretionary,Consumer Electronics/Video Chains
J,Jacobs Solutions Inc. Common Stock,Industrials,Military/Government/Technical
JACK,Jack In The Box Inc. Common Stock,Consumer Discretionary,Restaurants
JACS,Jackson Acquisition Company II Class A Ordinary Shares,,
JAGU,Jaguar Uranium Corp. Class A Common Shares,Basic Materials,Metal Mining
JAGX,Jaguar Health Inc. Common Stock,Health Care,Biotechnology: Pharmaceutical Preparations
JAKK,JAKKS Pacific Inc. Common Stock,Consumer Discretionary,Recreational Games/Products/Toys
JAN,Janus Living Inc. Class A-1 Common Stock,Real Estate,Real Estate Investment Trusts
JANX,Janux Therapeutics Inc. Common Stock,Health Care,Biotechnology: Pharmaceutical Preparations
JATT,JATT II Acquisition Corp Ordinary Shares,Finance,Blank Checks
JAZZ,Jazz Pharmaceuticals plc Common Stock (Ireland),Health Care,Biotechnology: Pharmaceutical Preparations
JBDI,JBDI Holdings Limited Ordinary Shares,,
JBGS,JBG SMITH Properties Common Shares,Real Estate,Real Estate Investment Trusts
JBHT,J.B. Hunt Transport Services Inc. Common Stock,Industrials,Trucking Freight/Courier Services
JBI,Janus International Group Inc. Common Stock,Industrials,Building Products
JBIO,Jade Biosciences Inc. Common Stock,Health Care,Biotechnology: Pharmaceutical Preparations
JBK,Lehman ABS 3.50 3.50% Adjustable Corp Backed Tr Certs GS Cap I,Finance,Finance: Consumer Services
JBL,Jabil Inc. Common Stock,Technology,Electrical Products
JBLU,JetBlue Airways Corporation Common Stock,Consumer Discretionary,Air Freight/Delivery Services
JBS,JBS N.V. Class A Common Shares,Consumer Staples,Meat/Poultry/Fish
JBSS,John B. Sanfilippo & Son Inc. Common Stock,Consumer Staples,Specialty Foods
JBTM,JBT Marel Corporation Common Stock,Industrials,Industrial Machinery/Components
JCAP,Jefferson Capital Inc. Common Stock,Finance,Finance Companies
JCE,Nuveen Core Equity Alpha Fund Common Shares of Beneficial Interest,Finance,Trusts Except Educational Religious and Charitable
JCI,Johnson Controls International plc Ordinary Share,Industrials,Industrial Machinery/Components
JCSE,JE Cleantech Holdings Limited Ordinary Shares,Consumer Discretionary,Miscellaneous manufacturing industries
JCTC,Jewett-Cameron Trading Company Common Shares,Consumer Discretionary,RETAIL: Building Materials
JD,JD.com Inc. American Depositary Shares,Consumer Discretionary,Other Specialty Stores
JDZG,JIADE LIMITED Class A Ordinary Shares,Real Estate,Other Consumer Services
JEF,Jefferies Financial Group Inc. Common Stock,Finance,Investment Bankers/Brokers/Service
JELD,JELD-WEN Holding Inc. Common Stock,Basic Materials,Forest Products
JEM,707 Cayman Holdings Limited Ordinary Shares,Consumer Discretionary,Clothing/Shoe/Accessory Stores
JENA,Jena Acquisition Corporation II Class A Ordinary Shares,Finance,Blank Checks
JF,J and Friends Holdings Limited American Depositary Shares,Technology,Computer Software: Programming Data Processing
JFIN,Jiayin Group Inc. American Depositary Shares,Finance,Finance: Consumer Services
JFR,Nuveen Floating Rate Income Fund Common Stock,Finance,Trusts Except Educational Religious and Charitable
JFU,9F Inc. American Depositary Shares,Finance,Finance: Consumer Services
JG,Aurora Mobile Limited American Depositary Shares,Technology,Computer Software: Programming Data Processing
JGH,Nuveen Global High Income Fund Common Shares of Beneficial Interest,Finance,Investment Managers
JHI,John Hancock Investors Trust Common Stock,Finance,Trusts Except Educational Religious and Charitable
JHS,John Hancock Income Securities Trust Common Stock,Finance,Finance Companies
JHX,James Hardie Industries plc. Ordinary Shares,Industrials,Building Materials
JILL,J. Jill Inc. Common Stock,Consumer Discretionary,Apparel
JJSF,J & J Snack Foods Corp. Common Stock,Consumer Staples,Specialty Foods
JKHY,Jack Henry & Associates Inc. Common Stock,Technology,EDP Services
JKS,JinkoSolar Holding Company Limited American Depositary Shares (each representing 4 Common Shares),Technology,Semiconductors
JL,J-Long Group Limited Class A Ordinary Shares,Consumer Discretionary,Clothing/Shoe/Accessory Stores
JLHL,Julong Holding Limited Class A Ordinary Shares,Consumer Discretionary,Military/Government/Technical
JLL,Jones Lang LaSalle Incorporated Common Stock,Finance,Real Estate
JLS,Nuveen Mortgage and Income Fund,Finance,Investment Managers
JMIA,Jumia Technologies AG American Depositary Shares each representing two Ordinary Shares,Consumer Discretionary,Catalog/Specialty Distribution
JMKE,Jersey Mike's Subs Inc. Class A Common Stock,Consumer Discretionary,Restaurants
JMM,Nuveen Multi-Market Income Fund (MA),Finance,Trusts Except Educational Religious and Charitable
JMSB,John Marshall Bancorp Inc. Common Stock,Finance,Major Banks
JNJ,Johnson & Johnson Common Stock,Health Care,Biotechnology: Pharmaceutical Preparations
JOB,GEE Group Inc. Common Stock,Consumer Discretionary,Diversified Commercial Services
JOBY,Joby Aviation Inc. Common Stock,Industrials,Aerospace
JOE,St. Joe Company (The) Common Stock,Real Estate,Homebuilding
JOF,Japan Smaller Capitalization Fund Inc Common Stock,Finance,Trusts Except Educational Religious and Charitable
JONE,Jones Ventures INTL Acquisition1 Corp Class A Ordinary Shares,Finance,Blank Checks
JONER,Jones Ventures INTL Acquisition1 Corp Rights,Finance,Blank Checks
JONEU,Jones Ventures INTL Acquisition1 Corp Units,,
JOUT,Johnson Outdoors Inc. Class A Common Stock,Consumer Discretionary,Recreational Games/Products/Toys
JOYY,JOYY Inc. American Depositary Shares,Technology,EDP Services
JPC,Nuveen Preferred & Income Opportunities Fund,Finance,Investment Managers
JPM,JP Morgan Chase & Co. Common Stock,Finance,Major Banks
JQC,Nuveen Credit Strategies Income Fund Shares of Beneficial Interest,Finance,Finance Companies
JRI,Nuveen Real Asset Income and Growth Fund Common Shares of Beneficial Interest,Finance,Finance Companies
JRS,Nuveen Real Estate Income Fund Common Shares of Beneficial Interest,Finance,Finance/Investors Services
JRSH,Jerash Holdings (US) Inc. Common Stock,Consumer Discretionary,Apparel
JRVR,James River Group Holdings Inc. Common Stock,Finance,Property-Casualty Insurers
JSM,Navient Corporation 6% Senior Notes due December 15 2043,Finance,Investment Bankers/Brokers/Service
JSPR,Jasper Therapeutics Inc. Common Stock,Health Care,Biotechnology: Biological Products (No Diagnostic Substances)
JSPRW,Japer Therapeutics Inc. Warrants,Health Care,Biotechnology: Biological Products (No Diagnostic Substances)
JTAI,Jet.AI Inc. Common Stock,Consumer Discretionary,Transportation Services
JTTT,JATT III Acquisition Corp Ordinary Shares,Finance,Blank Checks
JUNS,Jupiter Neurosciences Inc. Common Stock,Health Care,Biotechnology: Pharmaceutical Preparations
JVA,Coffee Holding Co. Inc. Common Stock,Consumer Staples,Packaged Foods
JWEL,Jowell Global Ltd. Ordinary Shares,Consumer Discretionary,Other Consumer Services
JXG,JX Luxventure Group Inc. Common Stock,Industrials,Office Equipment/Supplies/Services
JXN,Jackson Financial Inc. Class A Common Stock,Finance,Life Insurance
JYD,Jayud Global Logistics Limited Class A Ordinary Shares,Industrials,Integrated Freight & Logistics
JYNT,The Joint Corp. Common Stock,Miscellaneous,Multi-Sector Companies
JZ,Jianzhi Education Technology Group Company Limited American Depositary Shs,Real Estate,Other Consumer Services
JZXN,Jiuzi Holdings Inc. Ordinary Shares,Consumer Discretionary,Retail-Auto Dealers and Gas Stations
KAI,Kadant Inc Common Stock,Industrials,Industrial Machinery/Components
KALA,KALA BIO Inc. Common Stock,Health Care,Biotechnology: Pharmaceutical Preparations
KALU,Kaiser Aluminum Corporation Common Stock,Industrials,Metal Fabrications
KAPA,Kairos Pharma Ltd. Common Stock,Health Care,Biotechnology: Pharmaceutical Preparations
KARD,Kardigan Inc. Common Stock,Health Care,Biotechnology: Pharmaceutical Preparations
KARO,Karooooo Ltd. Ordinary Shares,Technology,Computer Software: Prepackaged Software
KAZR,Skyline Builders Group Holding Limited Class A Ordinary Shares,Consumer Discretionary,Engineering & Construction
KB,KB Financial Group Inc,Finance,Commercial Banks
KBDC,Kayne Anderson BDC Inc. Common Stock,,
KBH,KB Home Common Stock,Consumer Discretionary,Homebuilding
KBON,Karbon Capital Partners Corp. Class A Ordinary Shares,Finance,Blank Checks
KBONU,Karbon Capital Partners Corp. Units,Finance,Blank Checks
KBR,KBR Inc. Common Stock,Industrials,Military/Government/Technical
KBSX,FST Corp. Ordinary Shares,Consumer Discretionary,Recreational Games/Products/Toys
KC,Kingsoft Cloud Holdings Limited American Depositary Shares,Technology,Computer Software: Prepackaged Software
KCHV,Kochav Defense Acquisition Corp. Class A Ordinary Shares,,
KCHVR,Kochav Defense Acquisition Corp. Right,Finance,Blank Checks
KCHVU,Kochav Defense Acquisition Corp. Units,,
KD,Kyndryl Holdings Inc. Common Stock,Technology,EDP Services
KDK,Kodiak AI Inc. Common Stock,Technology,EDP Services
KDKRW,Kodiak AI Inc. Warrants,Technology,EDP Services
KDP,Keurig Dr Pepper Inc. Common Stock,Consumer Staples,Beverages (Production/Distribution)
KE,Kimball Electronics Inc. Common Stock,Technology,Electrical Products
KEEL,Keel Infrastructure Corp. Common Stock,Finance,Finance: Consumer Services
KELYA,Kelly Services Inc. Class A Common Stock,Consumer Discretionary,Professional Services
KELYB,Kelly Services Inc. Class B Common Stock,Consumer Discretionary,Professional Services
KEN,Kenon Holdings Ltd. Ordinary Shares,Utilities,Electric Utilities: Central
KEP,Korea Electric Power Corporation Common Stock,Utilities,Electric Utilities: Central
KEQU,Kewaunee Scientific Corporation Common Stock,Industrials,Medical Specialities
KEX,Kirby Corporation Common Stock,Consumer Discretionary,Marine Transportation
KEY,KeyCorp Common Stock,Finance,Major Banks
KEYS,Keysight Technologies Inc. Common Stock,Industrials,Industrial Machinery/Components
KEYY,Keystone Acquisition Corp. Class A Ordinary Shares,Finance,Blank Checks
KEYYW,Keystone Acquisition Corp. Warrants,Finance,Blank Checks
KF,Korea Fund Inc. (The) New Common Stock,Finance,Investment Managers
KFFB,Kentucky First Federal Bancorp Common Stock,Finance,Savings Institutions
KFII,K&F Growth Acquisition Corp. II Class A Ordinary shares,Finance,Blank Checks
KFIIU,K&F Growth Acquisition Corp. II Unit,Finance,Blank Checks
KFRC,Kforce Inc. Common Stock,Consumer Discretionary,Professional Services
KFY,Korn Ferry Common Stock,Consumer Discretionary,Diversified Commercial Services
KG,Kestrel Group Ltd.,Finance,Property-Casualty Insurers
KGC,Kinross Gold Corporation Common Stock,Basic Materials,Precious Metals
KGEI,Kolibri Global Energy Inc. Common stock,Energy,Oil & Gas Production
KGS,Kodiak Gas Services Inc. Common Stock,Utilities,Natural Gas Distribution
KHC,The Kraft Heinz Company Common Stock,Consumer Staples,Packaged Foods
KIDS,OrthoPediatrics Corp. Common Stock,Health Care,Medical/Dental Instruments
KIDZ,KIDZ AI Inc. Class B Common Stock,Real Estate,Other Consumer Services
KIDZW,KIDZ AI Inc. Warrants,Real Estate,Other Consumer Services
KIM,Kimco Realty Corporation (HC) Common Stock,Real Estate,Real Estate Investment Trusts
KINS,Kingstone Companies Inc. Common Stock,Finance,Property-Casualty Insurers
KIO,KKR Income Opportunities Fund Common Shares,Finance,Investment Managers
KITT,Nauticus Robotics Inc. Common stock,Industrials,Industrial Machinery/Components
KITTW,Nauticus Robotics Inc. Warrant,Industrials,Industrial Machinery/Components
KKR,KKR & Co. Inc. Common Stock,Finance,Investment Managers
KKRS,KKR Group Finance Co. IX LLC 4.625% Subordinated Notes due 2061,Finance,Investment Managers
KKRT,KKR & Co. Inc. 6.875% Subordinated Notes due 2065,Finance,Investment Managers
KLAC,KLA Corporation Common Stock,Technology,Electronic Components
KLAR,Klarna Group plc Ordinary Shares,Finance,Finance: Consumer Services
KLC,KinderCare Learning Companies Inc. Common Stock,Consumer Discretionary,Other Consumer Services
KLIC,Kulicke and Soffa Industries Inc. Common Stock,Technology,Semiconductors
KLRA,Kailera Therapeutics Inc. Common Stock,Health Care,Biotechnology: Pharmaceutical Preparations
KLRS,Kalaris Therapeutics Inc. Common Stock,Health Care,Biotechnology: Biological Products (No Diagnostic Substances)
KLTR,Kaltura Inc. Common Stock,Technology,Computer Software: Prepackaged Software
KLXE,KLX Energy Services Holdings Inc. Common Stock,Energy,Oilfield Services/Equipment
KLXER,KLX Energy Services Holdings Inc.  Rights,Energy,Oilfield Services/Equipment
KMB,Kimberly-Clark Corporation Common Stock,Consumer Discretionary,Containers/Packaging
KMDA,Kamada Ltd. Ordinary Shares,Health Care,Biotechnology: Pharmaceutical Preparations
KMI,Kinder Morgan Inc. Common Stock,Utilities,Natural Gas Distribution
KMPB,Kemper Corporation 5.875% Fixed-Rate Reset Junior Subordinated Debentures due 2062,Finance,Property-Casualty Insurers
KMPR,Kemper Corporation,Finance,Property-Casualty Insurers
KMRK,K-Tech Solutions Company Limited Class A Ordinary Shares,Consumer Discretionary,Recreational Games/Products/Toys
KMT,Kennametal Inc. Common Stock,Industrials,Industrial Machinery/Components
KMTS,Kestra Medical Technologies Ltd. Common Stock,Health Care,Medical/Dental Instruments
KMX,CarMax Inc,Consumer Discretionary,Retail-Auto Dealers and Gas Stations
KN,Knowles Corporation Common Stock,Consumer Staples,Consumer Electronics/Appliances
KNDI,Kandi Technologies Group Inc. Ordinary Shares,Industrials,Auto Manufacturing
KNF,Knife Riv Holding Co. Common Stock,Industrials,Mining & Quarrying of Nonmetallic Minerals (No Fuels)
KNOP,KNOT Offshore Partners LP Common Units representing Limited Partner Interests,Consumer Discretionary,Marine Transportation
KNRX,KNOREX LTD. Class A Ordinary Shares,Technology,Computer Software: Programming Data Processing
KNSA,Kiniksa Pharmaceuticals International plc Class A Ordinary Shares,Health Care,Biotechnology: Pharmaceutical Preparations
KNSL,Kinsale Capital Group Inc. Common Stock,Finance,Property-Casualty Insurers
KNTK,Kinetik Holdings Inc. Class A Common Stock,Utilities,Natural Gas Distribution
KNX,Knight-Swift Transportation Holdings Inc.,Industrials,Trucking Freight/Courier Services
KO,Coca-Cola Company (The) Common Stock,Consumer Staples,Beverages (Production/Distribution)
KOD,Kodiak Sciences Inc Common Stock,Health Care,Biotechnology: Biological Products (No Diagnostic Substances)
KODK,Eastman Kodak Company Common New,Consumer Discretionary,Industrial Machinery/Components
KOF,Coca Cola Femsa S.A.B. de C.V.  American Depositary Shares each representing 10 Units (each Unit consists of 3 Series B Shares and 5 Series L Shares),Consumer Staples,Beverages (Production/Distribution)
KOP,Koppers Holdings Inc. Common Stock,Basic Materials,Forest Products
KOPN,Kopin Corporation Common Stock,Technology,Semiconductors
KOS,Kosmos Energy Ltd. Common Shares (DE),Energy,Oil & Gas Production
KOSS,Koss Corporation Common Stock,Consumer Staples,Consumer Electronics/Appliances
KOYN,CSLM Digital Asset Acquisition Corp III Class A Ordinary Shares,,
KPET,KPET Ultra Paceline Corporation Class A Ordinary Shares,,
KPLT,Katapult Holdings Inc. Common Stock,Consumer Discretionary,Diversified Commercial Services
KPRX,Kiora Pharmaceuticals Inc.  Common Stock,Health Care,Biotechnology: Pharmaceutical Preparations
KPTI,Karyopharm Therapeutics Inc. Common Stock,Health Care,Biotechnology: Pharmaceutical Preparations
KR,Kroger Company (The) Common Stock,Consumer Staples,Food Chains
KRAQ,KRAKacquisition Corp Class A Ordinary Shares,,
KRAQU,KRAKacquisition Corp Unit,,
KRAQW,KRAKacquisition Corp Warrants,,
KRC,Kilroy Realty Corporation Common Stock,Real Estate,Real Estate Investment Trusts
KREF,KKR Real Estate Finance Trust Inc. Common Stock,Real Estate,Real Estate Investment Trusts
KRG,Kite Realty Group Trust Common Stock,Real Estate,Real Estate Investment Trusts
KRKR,36Kr Holdings Inc. American Depositary Shares,Consumer Discretionary,Business Services
KRMD,KORU Medical Systems Inc. Common Stock (DE),Health Care,Medical/Dental Instruments
KRMN,Karman Holdings Inc. Common Stock,Industrials,Military/Government/Technical
KRNT,Kornit Digital Ltd. Ordinary Shares,Industrials,Industrial Machinery/Components
KRNY,Kearny Financial Corp Common Stock,Finance,Savings Institutions
KRO,Kronos Worldwide Inc Common Stock,Basic Materials,Major Chemicals
KROS,Keros Therapeutics Inc. Common Stock,Health Care,Biotechnology: Pharmaceutical Preparations
KRP,Kimbell Royalty Partners Common Units Representing Limited Partner Interests,Energy,Oil & Gas Production
KRRO,Korro Bio Inc. Common Stock,Health Care,Biotechnology: Pharmaceutical Preparations
KRSA,Korsana Biosciences Inc. Common Stock,Health Care,Biotechnology: Pharmaceutical Preparations
KRSP,Rice Acquisition Corporation 3 Class A Ordinary Shares,,
KRT,Karat Packaging Inc. Common Stock,Industrials,Plastic Products
KRUS,Kura Sushi USA Inc. Class A Common Stock,Consumer Discretionary,Restaurants
KRYS,Krystal Biotech Inc. Common Stock,Health Care,Biotechnology: Biological Products (No Diagnostic Substances)
KSCP,Knightscope Inc. Class A Common Stock,Telecommunications,Telecommunications Equipment
KSPI,Joint Stock Company Kaspi.kz American Depository Shares,,
KSS,Kohl's Corporation Common Stock,Consumer Discretionary,Department/Specialty Retail Stores
KT,KT Corporation Common Stock,Telecommunications,Telecommunications Equipment
KTB,Kontoor Brands Inc. Common Stock,Industrials,Garments and Clothing
KTCC,Key Tronic Corporation Common Stock,Technology,Electrical Products
KTF,DWS Municipal Income Trust,Finance,Finance Companies
KTH,Structures Products Cp 8% CorTS Issued by Peco Energy Cap Tr II Preferred Stock,Finance,Finance: Consumer Services
KTN,Structured Products Corp 8.205% CorTS 8.205% Corporate Backed Trust Securities (CorTS),Finance,Finance: Consumer Services
KTOS,Kratos Defense & Security Solutions Inc. Common Stock,Industrials,Military/Government/Technical
KTTA,Pasithea Therapeutics Corp. Common Stock,Health Care,Biotechnology: Pharmaceutical Preparations
KTWO,K2 Capital Acquisition Corporation Class A Ordinary Share,Health Care,Medical/Dental Instruments
KULR,KULR Technology Group Inc. Common Stock,Technology,Electrical Products
KURA,Kura Oncology Inc. Common Stock,Health Care,Biotechnology: Pharmaceutical Preparations
KUST,Kustom Entertainment Inc. Common Stock,Technology,Radio And Television Broadcasting And Communications Equipment
KVHI,KVH Industries Inc. Common Stock,Consumer Discretionary,Telecommunications Equipment
KVUE,Kenvue Inc. Common Stock,Consumer Discretionary,Package Goods/Cosmetics
KVYO,Klaviyo Inc. Series A Common Stock,Technology,Computer Software: Prepackaged Software
KWR,Quaker Houghton Common Stock,Industrials,Major Chemicals
KWY,Kingsway Corporation Common Stock,Finance,Property-Casualty Insurers
KXIN,Kaixin Holdings Ordinary Shares,Consumer Discretionary,Retail-Auto Dealers and Gas Stations
KYIV,Kyivstar Group Ltd. Common Shares,Telecommunications,Telecommunications Equipment
KYIVW,Kyivstar Group Ltd. Warrant,Telecommunications,Telecommunications Equipment
KYMR,Kymera Therapeutics Inc. Common Stock,Health Care,Biotechnology: Biological Products (No Diagnostic Substances)
KYN,Kayne Anderson Energy Infrastructure Fund Inc.,Finance,Finance/Investors Services
KYNB,Kyntra Bio Inc. Common Stock,Health Care,Biotechnology: Pharmaceutical Preparations
KYTX,Kyverna Therapeutics Inc. Common Stock,Health Care,Biotechnology: Biological Products (No Diagnostic Substances)
KZIA,Kazia Therapeutics Limited American Depositary Shares,Health Care,Biotechnology: Pharmaceutical Preparations
L,Loews Corporation Common Stock,Finance,Property-Casualty Insurers
LAB,Standard BioTools Inc. Common Stock,Industrials,Biotechnology: Laboratory Analytical Instruments
LABT,Lakewood-Amedex Biotherapeutics Inc. Common Stock,Health Care,Biotechnology: Pharmaceutical Preparations
LAC,Lithium Americas Corp. Common Shares,Basic Materials,Metal Mining
LAD,Lithia Motors Inc. Common Stock,Consumer Discretionary,Retail-Auto Dealers and Gas Stations
LADR,Ladder Capital Corp Class A Common Stock,Real Estate,Real Estate Investment Trusts
LAES,SEALSQ Corp Ordinary Shares,Technology,Semiconductors
LAFA,LaFayette Acquisition Corp. Ordinary Share,,
LAFAU,LaFayette Acquisition Corp. Unit,,
LAKE,Lakeland Industries Inc. Common Stock,Health Care,Industrial Specialties
LAMR,Lamar Advertising Company Class A Common Stock,Real Estate,Real Estate Investment Trusts
LAND,Gladstone Land Corporation Common Stock,Real Estate,Real Estate Investment Trusts
LANDO,Gladstone Land Corporation 6.00% Series B Cumulative Redeemable Preferred Stock,Real Estate,Real Estate Investment Trusts
LANDP,Gladstone Land Corporation 6.00% Series C Cumulative Redeemable Preferred Stock,Real Estate,Real Estate Investment Trusts
LANV,Lanvin Group Holdings Limited Ordinary Shares,Consumer Discretionary,Apparel
LAR,Lithium Argentina AG Common Shares,Basic Materials,Metal Mining
LARK,Landmark Bancorp Inc. Common Stock,Finance,Major Banks
LASE,Laser Photonics Corporation Common Stock,Miscellaneous,Industrial Machinery/Components
LASR,nLIGHT Inc. Common Stock,Technology,Semiconductors
LATA,Galata Acquisition Corp. II Class A Ordinary Shares,Finance,Blank Checks
LATAU,Galata Acquisition Corp. II Units,,
LAUR,Laureate Education Inc. Common Stock,Real Estate,Other Consumer Services
LAW,CS Disco Inc. Common Stock,Technology,Computer Software: Prepackaged Software
LAZ,Lazard Inc. Common Stock,Finance,Investment Managers
LB,LandBridge Company LLC Class A Shares Representing Limited Liability Company Interests,Energy,Oil & Gas Production
LBGJ,Li Bang International Corporation Class A Ordinary Shares,Industrials,Industrial Machinery/Components
LBRT,Liberty Energy Inc. Class A common stock,Energy,Oilfield Services/Equipment
LBRX,LB Pharmaceuticals Inc Common Stock,Health Care,Biotechnology: Pharmaceutical Preparations
LBTYA,Liberty Global Ltd. Class A Common Shares,Telecommunications,Cable & Other Pay Television Services
LBTYB,Liberty Global Ltd. Class B Common Shares,Telecommunications,Cable & Other Pay Television Services
LBTYK,Liberty Global Ltd. Class C Common Shares,Telecommunications,Cable & Other Pay Television Services
LCCC,Lakeshore Acquisition III Corp. Ordinary Shares,Finance,Blank Checks
LCFY,Locafy Limited Ordinary Share,Technology,Computer Software: Programming Data Processing
LCFYW,Locafy Limited Warrant,Technology,Computer Software: Programming Data Processing
LCID,Lucid Group Inc. Common Stock,Industrials,Auto Manufacturing
LCII,LCI Industries,Consumer Discretionary,Auto Parts:O.E.M.
LCLN,Lincoln International Inc. Class A Common Stock,Finance,Investment Managers
LCNB,LCNB Corporation Common Stock,Finance,Major Banks
LCTX,Lineage Cell Therapeutics Inc. Common Stock,Health Care,Biotechnology: Biological Products (No Diagnostic Substances)
LCUT,Lifetime Brands Inc. Common Stock,Consumer Discretionary,Industrial Machinery/Components
LDI,loanDepot Inc. Class A Common Stock,Finance,Finance: Consumer Services
LDOS,Leidos Holdings Inc. Common Stock,Technology,EDP Services
LDP,Cohen & Steers Limited Duration Preferred and Income Fund Inc.,Finance,Finance Companies
LE,Lands' End Inc. Common Stock,Consumer Discretionary,Clothing/Shoe/Accessory Stores
LEA,Lear Corporation Common Stock,Consumer Discretionary,Auto Parts:O.E.M.
LECO,Lincoln Electric Holdings Inc. Common Shares,Industrials,Industrial Machinery/Components
LEDS,SemiLEDS Corporation Common Stock,Technology,Semiconductors
LEE,Lee Enterprises Incorporated Common Stock,Consumer Discretionary,Newspapers/Magazines
LEGH,Legacy Housing Corporation Common Stock (TX),Consumer Discretionary,Homebuilding
LEGN,Legend Biotech Corporation American Depositary Shares,Health Care,Biotechnology: Pharmaceutical Preparations
LEGO,Legato Merger Corp. IV Ordinary Shares,Industrials,Military/Government/Technical
LEN,Lennar Corporation Class A Common Stock,Consumer Discretionary,Homebuilding
LENZ,LENZ Therapeutics Inc. Common Stock,Health Care,Biotechnology: Biological Products (No Diagnostic Substances)
LEO,BNY Mellon Strategic Municipals Inc. Common Stock,Finance,Trusts Except Educational Religious and Charitable
LESL,Leslie's Inc. Common Stock,Consumer Discretionary,Other Specialty Stores
LEU,Centrus Energy Corp. Class A Common Stock,Industrials,Mining & Quarrying of Nonmetallic Minerals (No Fuels)
LEVI,Levi Strauss & Co Class A Common Stock,Consumer Discretionary,Apparel
LEXX,Lexaria Bioscience Corp. Common Stock,Health Care,Biotechnology: Pharmaceutical Preparations
LFAC,Leapfrog Acquisition Corporation Class A Ordinary Shares,Finance,Blank Checks
LFACW,Leapfrog Acquisition Corporation Warrants,Finance,Blank Checks
LFCR,Lifecore Biomedical Inc. Common Stock,Health Care,Biotechnology: Pharmaceutical Preparations
LFMD,LifeMD Inc. Common Stock,Health Care,Medical/Nursing Services
LFMDP,LifeMD Inc. 8.875% Series A Cumulative Perpetual Preferred Stock,Health Care,Medical/Nursing Services
LFS,LEIFRAS Co. Ltd. American Depositary Shares,Real Estate,Other Consumer Services
LFST,LifeStance Health Group Inc. Common Stock,Health Care,Medical/Nursing Services
LFT,Lument Finance Trust Inc. Common Stock,Real Estate,Real Estate Investment Trusts
LFTO,Liftoff Mobile Inc. Common Stock,Technology,EDP Services
LFUS,Littelfuse Inc. Common Stock,Energy,Electrical Products
LFVN,Lifevantage Corporation Common Stock (Delaware),Health Care,Biotechnology: Pharmaceutical Preparations
LFWD,Lifeward Ltd. Ordinary Shares,Health Care,Industrial Specialties
LGCL,Lucas GC Limited Class A Ordinary Shares,Technology,Computer Software: Programming Data Processing
LGCY,Legacy Education Inc. Common Stock,Real Estate,Other Consumer Services
LGHL,Lion Group Holding Ltd. American Depositary Share,Finance,Investment Bankers/Brokers/Service
LGI,Lazard Global Total Return and Income Fund Common Stock,,
LGIH,LGI Homes Inc. Common Stock,Consumer Discretionary,Homebuilding
LGL,LGL Group Inc. (The) Common Stock,Technology,Industrial Machinery/Components
LGN,Legence Corp. Class A Common stock,Consumer Discretionary,Engineering & Construction
LGND,Ligand Pharmaceuticals Incorporated Common Stock,Health Care,Biotechnology: Pharmaceutical Preparations
LGO,Largo Inc. Common Shares,Industrials,Mining & Quarrying of Nonmetallic Minerals (No Fuels)
LGPS,LogProstyle Inc. Common Shares,Consumer Discretionary,Homebuilding
LGVN,Longeveron Inc. Class A Common Stock,Health Care,Biotechnology: Pharmaceutical Preparations
LH,Labcorp Holdings Inc. Common Stock,Health Care,Medical Specialities
LHAI,Linkhome Holdings Inc. Common stock,Finance,Real Estate
LHSW,Lianhe Sowell International Group Ltd Class A Ordinary Shares,Technology,Computer Software: Prepackaged Software
LHX,L3Harris Technologies Inc. Common Stock,Industrials,Industrial Machinery/Components
LI,Li Auto Inc. American Depositary Shares,Industrials,Auto Manufacturing
LICN,Lichen International Limited Class A Ordinary Shares,Consumer Discretionary,Professional Services
LIDR,AEye Inc. Class A Common Stock,Consumer Discretionary,Auto Parts:O.E.M.
LIEN,Chicago Atlantic BDC Inc. Common Stock,Finance,Finance: Consumer Services
LIF,Life360 Inc. Common Stock,Technology,EDP Services
LIFE,Ethos Technologies Inc. Class A Common Stock,Finance,Specialty Insurers
LII,Lennox International Inc. Common Stock,Industrials,Industrial Machinery/Components
LILA,Liberty Latin America Ltd. Class A Common Stock,Telecommunications,Cable & Other Pay Television Services
LILAK,Liberty Latin America Ltd. Class C Common Stock,Telecommunications,Cable & Other Pay Television Services
LILAP,Liberty Latin America Ltd. 9.0% Fixed Rate Cumulative Perpetual Redeemable Series A Preference Shares,Telecommunications,Cable & Other Pay Television Services
LIME,Neutron Holdings Inc. Common Stock,Technology,Computer Software: Prepackaged Software
LIMN,Liminatus Pharma Inc. Class A Common Stock,Health Care,Biotechnology: Biological Products (No Diagnostic Substances)
LIN,Linde plc Ordinary Shares,Basic Materials,Major Chemicals
LINC,Lincoln Educational Services Corporation Common Stock,Real Estate,Other Consumer Services
LIND,Lindblad Expeditions Holdings Inc. Common Stock,Consumer Discretionary,Transportation Services
LINE,Lineage Inc. Common Stock,Real Estate,Real Estate Investment Trusts
LINK,Interlink Electronics Inc. Common Stock,Technology,Computer peripheral equipment
LION,Lionsgate Studios Corp Common Shares,Consumer Discretionary,Movies/Entertainment
LIQT,LiqTech International Inc. Common Stock,Technology,Industrial Machinery/Components
LITB,LightInTheBox Holding Co. Ltd. American Depositary Shares each representing twelve ordinary shares,Consumer Discretionary,Catalog/Specialty Distribution
LITE,Lumentum Holdings Inc. Common Stock,Telecommunications,Telecommunications Equipment
LITS,Lite Strategy Inc. Common Stock,Health Care,Biotechnology: Pharmaceutical Preparations
LIVE,Live Ventures Incorporated Common Stock,Consumer Discretionary,Other Specialty Stores
LIVN,LivaNova PLC Ordinary Shares,Health Care,Biotechnology: Electromedical & Electrotherapeutic Apparatus
LKFN,Lakeland Financial Corporation Common Stock,Finance,Major Banks
LKFT,Lakefront Biotherapeutics American Depositary Shares,Health Care,Biotechnology: Pharmaceutical Preparations
LKQ,LKQ Corporation Common Stock,Consumer Discretionary,Motor Vehicles
LKSP,Lake Superior Acquisition Corp. Class A Ordinary Shares,,
LKSPR,Lake Superior Acquisition Corp. Rights,,
LLY,Eli Lilly and Company Common Stock,Health Care,Biotechnology: Pharmaceutical Preparations
LLYVA,Liberty Live Holdings Inc. Series A Liberty Live Group Common Stock,Consumer Discretionary,Services-Misc. Amusement & Recreation
LLYVK,Liberty Live Holdings Inc. Series C Liberty Live Group Common Stock,Consumer Discretionary,Services-Misc. Amusement & Recreation
LMAT,LeMaitre Vascular Inc. Common Stock,Health Care,Medical/Dental Instruments
LMB,Limbach Holdings Inc. Common Stock,Consumer Discretionary,Engineering & Construction
LMND,Lemonade Inc. Common Stock,Finance,Property-Casualty Insurers
LMNR,Limoneira Co Common Stock,Consumer Staples,Farming/Seeds/Milling
LMRI,Lumexa Imaging Holdings Inc. Common Stock,Health Care,Medical Specialities
LMT,Lockheed Martin Corporation Common Stock,Industrials,Military/Government/Technical
LNAI,Lunai Bioworks Inc. Common Stock,Health Care,Biotechnology: Pharmaceutical Preparations
LNC,Lincoln National Corporation Common Stock,Finance,Life Insurance
LND,Brasilagro Brazilian Agric Real Estate Co Sponsored ADR (Brazil),Consumer Staples,Farming/Seeds/Milling
LNG,Cheniere Energy Inc. Common Stock,Utilities,Oil/Gas Transmission
LNKS,Linkers Industries Limited Class A Ordinary Shares,Technology,Electrical Products
LNN,Lindsay Corporation Common Stock,Industrials,Industrial Machinery/Components
LNSR,LENSAR Inc. Common Stock,Health Care,Medical/Dental Instruments
LNT,Alliant Energy Corporation Common Stock,Utilities,Power Generation
LNTH,Lantheus Holdings Inc. Common Stock,Health Care,Biotechnology: In Vitro & In Vivo Diagnostic Substances
LNZA,LanzaTech Global Inc. Common Stock,Industrials,Major Chemicals
LNZAW,LanzaTech Global Inc. Warrant,Industrials,Major Chemicals
LOAN,Manhattan Bridge Capital Inc,Real Estate,Real Estate Investment Trusts
LOAR,Loar Holdings Inc. Common Stock,Industrials,Military/Government/Technical
LOB,Live Oak Bancshares Inc. Common Stock,Finance,Major Banks
LOBO,LOBO TECHNOLOGIES LTD. Class A Ordinary Shares,Consumer Discretionary,Motor Vehicles
LOCL,Local Bounti Corporation Common Stock,Consumer Staples,Farming/Seeds/Milling
LOCO,El Pollo Loco Holdings Inc. Common Stock,Consumer Discretionary,Restaurants
LODE,Comstock Inc. Common Stock,Industrials,Major Chemicals
LOGI,Logitech International S.A. Ordinary Shares,Technology,Computer peripheral equipment
LOMA,Loma Negra Compania Industrial Argentina Sociedad Anonima ADS,Industrials,Building Materials
LONA,LeonaBio Inc. Common Stock,Health Care,Biotechnology: Biological Products (No Diagnostic Substances)
LOOP,Loop Industries Inc. Common Stock,Industrials,Major Chemicals
LOPE,Grand Canyon Education Inc. Common Stock,Real Estate,Other Consumer Services
LOT,Lotus Technology Inc. American Depositary Shares,Industrials,Auto Manufacturing
LOTWW,Lotus Technology Inc. Warrants,Industrials,Auto Manufacturing
LOVE,The Lovesac Company Common Stock,Consumer Discretionary,Other Specialty Stores
LOW,Lowe's Companies Inc. Common Stock,Consumer Discretionary,RETAIL: Building Materials
LPA,Logistic Properties of the Americas Ordinary Shares,Finance,Real Estate
LPAA,Launch One Acquisition Corp. Class A Ordinary shares,,
LPAAW,Launch One Acquisition Corp. Warrant,Finance,Blank Checks
LPBB,Launch Two Acquisition Corp. Class A Ordinary Shares,,
LPBBU,Launch Two Acquisition Corp. Unit,Finance,Blank Checks
LPBBW,Launch Two Acquisition Corp. Warrant,Finance,Blank Checks
LPCN,Lipocine Inc. Common Stock,Health Care,Biotechnology: Pharmaceutical Preparations
LPCV,Launchpad Cadenza Acquisition Corp I Class A Ordinary Share,,
LPCVU,Launchpad Cadenza Acquisition Corp I Unit,Finance,Blank Checks
LPCVW,Launchpad Cadenza Acquisition Corp I Warrant,,
LPG,Dorian LPG Ltd. Common Stock,Consumer Discretionary,Marine Transportation
LPL,LG Display Co Ltd AMERICAN DEPOSITORY SHARES,Technology,Industrial Machinery/Components
LPLA,LPL Financial Holdings Inc. Common Stock,Finance,Investment Bankers/Brokers/Service
LPTH,LightPath Technologies Inc. Class A Common Stock,Technology,Semiconductors
LPX,Louisiana-Pacific Corporation Common Stock,Basic Materials,Forest Products
LQDA,Liquidia Corporation Common Stock,Health Care,Biotechnology: Pharmaceutical Preparations
LQDT,Liquidity Services Inc. Common Stock,Consumer Discretionary,Business Services
LRCX,Lam Research Corporation Common Stock,Technology,Industrial Machinery/Components
LRE,Lead Real Estate Co. Ltd American Depositary Shares,Consumer Discretionary,Homebuilding
LRHC,La Rosa Holdings Corp. Common Stock,Finance,Real Estate
LRMR,Larimar Therapeutics Inc. Common Stock,Health Care,Biotechnology: Pharmaceutical Preparations
LRN,Stride Inc. Common Stock,Real Estate,Other Consumer Services
LSAK,Lesaka Technologies Inc. Common Stock,Finance,Investment Bankers/Brokers/Service
LSBK,Lake Shore Bancorp Inc. Common Stock,Finance,Savings Institutions
LSCC,Lattice Semiconductor Corporation Common Stock,Technology,Semiconductors
LSE,Leishen Energy Holding Co. Ltd. Class A Ordinary Shares,Consumer Discretionary,Oil and Gas Field Machinery
LSF,Laird Superfood Inc. Common Stock,Consumer Staples,Packaged Foods
LSPD,Lightspeed Commerce Inc. Subordinate Voting Shares,Technology,Computer Software: Prepackaged Software
LSTA,Lisata Therapeutics Inc. Common Stock,Health Care,Biotechnology: Pharmaceutical Preparations
LSTR,Landstar System Inc. Common Stock,Industrials,Trucking Freight/Courier Services
LTBR,Lightbridge Corporation Common Stock,Basic Materials,Major Chemicals
LTC,LTC Properties Inc. Common Stock,Real Estate,Real Estate Investment Trusts
LTGO,Latigo Biotherapeutics Inc. Common Stock,Health Care,Biotechnology: Pharmaceutical Preparations
LTGR,Long Table Growth Corp. Class A Ordinary Shares,Finance,Blank Checks
LTGRU,Long Table Growth Corp. Units,Finance,Blank Checks
LTH,Life Time Group Holdings Inc. Common Stock,Consumer Discretionary,Hotels/Resorts
LTM,LATAM Airlines Group S.A. American Depositary Shares (each representing two thousand (2000) shares of Common Stock),Consumer Discretionary,Air Freight/Delivery Services
LTRN,Lantern Pharma Inc. Common Stock,Health Care,Biotechnology: Pharmaceutical Preparations
LTRX,Lantronix Inc. Common Stock,Telecommunications,Computer Communications Equipment
LTRYW,Sports Entertainment Gaming Global Corporation Warrants,Technology,Computer Software: Prepackaged Software
LU,Lufax Holding Ltd American Depositary Shares each representing two (2) Ordinary Shares,Finance,Finance: Consumer Services
LUCD,Lucid Diagnostics Inc. Common Stock,Health Care,Medical/Dental Instruments
LUCK,Lucky Strike Entertainment Corporation Class A Common Stock,Consumer Discretionary,Services-Misc. Amusement & Recreation
LUCY,Innovative Eyewear Inc. Common Stock,Health Care,Ophthalmic Goods
LUCYW,Innovative Eyewear Inc. Series A Warrants 8/16/27,Health Care,Ophthalmic Goods
LUD,Luda Technology Group Limited Ordinary Shares,Industrials,Steel/Iron Ore
LULU,lululemon athletica inc. Common Stock,Consumer Discretionary,Apparel
LUMN,Lumen Technologies Inc. Common Stock,Telecommunications,Telecommunications Equipment
LUNG,Pulmonx Corporation Common Stock,Health Care,Medical/Dental Instruments
LUNR,Intuitive Machines Inc. Class A Common Stock,Industrials,Industrial Machinery/Components
LUV,Southwest Airlines Company Common Stock,Consumer Discretionary,Air Freight/Delivery Services
LUXE,LuxExperience B.V. American Depositary Shares each representing one Ordinary Share,Consumer Discretionary,Catalog/Specialty Distribution
LVLU,Lulu's Fashion Lounge Holdings Inc. Common Stock,Consumer Discretionary,Catalog/Specialty Distribution
LVO,LiveOne Inc. Common Stock,Consumer Discretionary,Restaurants
LVS,Las Vegas Sands Corp. Common Stock,Consumer Discretionary,Hotels/Resorts
LVWR,LiveWire Group Inc. Common Stock,Consumer Discretionary,Motor Vehicles
LW,Lamb Weston Holdings Inc. Common Stock,Consumer Staples,Packaged Foods
LWAC,LightWave Acquisition Corp. Class A Ordinary Shares,Finance,Blank Checks
LWACU,LightWave Acquisition Corp. Units,Finance,Blank Checks
LWACW,LightWave Acquisition Corp. Warrants,Finance,Blank Checks
LWAY,Lifeway Foods Inc. Common Stock,Consumer Staples,Packaged Foods
LWLG,Lightwave Logic Inc. Common Stock,Industrials,Containers/Packaging
LX,LexinFintech Holdings Ltd. American Depositary Shares,Finance,Finance: Consumer Services
LXEH,Lixiang Education Holding Co. Ltd. American Depositary Shares,Real Estate,Other Consumer Services
LXEO,Lexeo Therapeutics Inc. Common Stock,Health Care,Biotechnology: Biological Products (No Diagnostic Substances)
LXFR,Luxfer Holdings PLC Ordinary Shares,Basic Materials,Major Chemicals
LXP,LXP Industrial Trust Common Stock (Maryland REIT),Real Estate,Real Estate Investment Trusts
LXRX,Lexicon Pharmaceuticals Inc. Common Stock,Health Care,Biotechnology: Pharmaceutical Preparations
LXU,LSB Industries Inc. Common Stock,Basic Materials,Major Chemicals
LYB,LyondellBasell Industries NV Ordinary Shares Class A (Netherlands),Industrials,Major Chemicals
LYEL,Lyell Immunopharma Inc. Common Stock,Health Care,Biotechnology: Pharmaceutical Preparations
LYFT,Lyft Inc. Class A Common Stock,Consumer Discretionary,Business Services
LYG,Lloyds Banking Group Plc American Depositary Shares,Finance,Commercial Banks
LYNX,Lyntris Inc. Common Stock,Industrials,Industrial Machinery/Components
LYTS,LSI Industries Inc. Common Stock,Consumer Discretionary,Building Products
LYV,Live Nation Entertainment Inc. Common Stock,Consumer Discretionary,Services-Misc. Amusement & Recreation
LZ,LegalZoom.com Inc. Common Stock,Technology,EDP Services
LZB,La-Z-Boy Incorporated Common Stock,Consumer Discretionary,Home Furnishings
LZM,Lifezone Metals Limited Ordinary Shares,Basic Materials,Metal Mining
LZMH,LZ Technology Holdings Limited Class B Ordinary Shares,Technology,EDP Services
M,Macy's Inc Common Stock,Consumer Discretionary,Department/Specialty Retail Stores
MA,Mastercard Incorporated Common Stock,Consumer Discretionary,Business Services
MAA,Mid-America Apartment Communities Inc. Common Stock,Real Estate,Real Estate Investment Trusts
MAAS,Maase Inc. Class A Ordinary Shares,Finance,Investment Managers
MAC,Macerich Company (The) Common Stock,Real Estate,Real Estate Investment Trusts
MACI,Melar Acquisition Corp. I Class A Ordinary Shares,,
MAGN,Magnera Corporation Common Stock,Basic Materials,Paper
MAIA,MAIA Biotechnology Inc. Common Stock,Health Care,Biotechnology: Pharmaceutical Preparations
MAIN,Main Street Capital Corporation Common Stock,Finance,Finance/Investors Services
MAIR,Madison Air Solutions Corporation Class A Common Stock,Industrials,Pollution Control Equipment
MAKO,Mako Mining Corp Common Stock,Basic Materials,Precious Metals
MAMA,Mama's Creations Inc. Common Stock,Consumer Staples,Specialty Foods
MAMO,Massimo Group Common Stock,Consumer Discretionary,Industrial Specialties
MAN,ManpowerGroup Common Stock,Consumer Discretionary,Professional Services
MANE,Veradermics Incorporated Common Stock,Health Care,Biotechnology: Pharmaceutical Preparations
MANH,Manhattan Associates Inc. Common Stock,Technology,Computer Software: Prepackaged Software
MANU,Manchester United Ltd. Class A Ordinary Shares,Consumer Discretionary,Services-Misc. Amusement & Recreation
MAR,Marriott International Class A Common Stock,Consumer Discretionary,Hotels/Resorts
MARA,MARA Holdings Inc. Common Stock,Finance,Finance: Consumer Services
MARPS,Marine Petroleum Trust Units of Beneficial Interest,Energy,Oil & Gas Production
MAS,Masco Corporation Common Stock,Industrials,Industrial Specialties
MASK,3 E Network Technology Group Ltd Class A Ordinary Shares,Technology,EDP Services
MASS,908 Devices Inc. Common Stock,Industrials,Industrial Machinery/Components
MAT,Mattel Inc. Common Stock,Consumer Discretionary,Recreational Games/Products/Toys
MATH,Metalpha Technology Holding Limited Ordinary Shares,Finance,Finance: Consumer Services
MATV,Mativ Holdings Inc. Common Stock,Basic Materials,Paper
MATW,Matthews International Corporation Class A Common Stock,Telecommunications,Metal Fabrications
MATX,Matson Inc. Common Stock,Consumer Discretionary,Marine Transportation
MAX,MediaAlpha Inc. Class A Common Stock,Consumer Discretionary,Business Services
MAYS,J. W. Mays Inc. Common Stock,Real Estate,Building operators
MAZE,Maze Therapeutics Inc. Common Stock,Health Care,Biotechnology: Biological Products (No Diagnostic Substances)
MB,MasterBeef Group Ordinary Shares,Consumer Discretionary,Restaurants
MBAI,MBody AI Ltd. Ordinary Share,Health Care,Medical Electronics
MBBC,Marathon Bancorp Inc. Common Stock,Finance,Banks
MBC,MasterBrand Inc. Common Stock,Consumer Discretionary,Home Furnishings
MBGL,Mobility Global Inc. Common Stock,Consumer Discretionary,Business Services
MBI,MBIA Inc. Common Stock,Finance,Property-Casualty Insurers
MBIN,Merchants Bancorp Common Stock,Finance,Major Banks
MBINL,Merchants Bancorp Depositary Shares Each Representing a 1/40thInterest in a Share of 7.25% Fixed Rate Series E Non-CumulativePerpetual Preferred Stock without par value,Finance,Major Banks
MBINM,Merchants Bancorp Depositary Shares Each Representing a 1/40th Interest in a Share of 8.25% Fixed-Rate Reset Series D Non-Cumulative Perpetual Preferred Stock,Finance,Major Banks
MBINN,Merchants Bancorp Depositary Shares Preferred Series C,Finance,Major Banks
MBIO,Mustang Bio Inc. Common Stock,Health Care,Biotechnology: Pharmaceutical Preparations
MBLY,Mobileye Global Inc. Class A Common Stock,Technology,Computer Software: Prepackaged Software
MBNKO,Medallion Bank Fixed-Rate Reset Non-Cumulative Perpetual Preferred Stock Series G par value $1.00 per share,Finance,Commercial Banks
MBOT,Microbot Medical Inc. Common Stock,Health Care,Medical/Dental Instruments
MBRX,Moleculin Biotech Inc. Common Stock,Health Care,Biotechnology: Pharmaceutical Preparations
MBUU,Malibu Boats Inc. Class A Common Stock,Industrials,Marine Transportation
MBVI,M3-Brigade Acquisition VI Corp. Class A Ordinary Shares,,
MBWM,Mercantile Bank Corporation Common Stock,Finance,Major Banks
MBX,MBX Biosciences Inc. Common Stock,Health Care,Biotechnology: Pharmaceutical Preparations
MC,Moelis & Company Class A Common Stock,Finance,Investment Managers
MCAH,Mountain Crest Acquisition 6 Corp. Ordinary Shares,Finance,Blank Checks
MCB,Metropolitan Bank Holding Corp. Common Stock,Finance,Major Banks
MCBS,MetroCity Bankshares Inc. Common Stock,Finance,Major Banks
MCD,McDonald's Corporation Common Stock,Consumer Discretionary,Restaurants
MCFT,MasterCraft Boat Holdings Inc. Common Stock,Industrials,Marine Transportation
MCGA,Yorkville Acquisition Corp. Class A Ordinary Share,Utilities,Electric Utilities: Central
MCGAU,Yorkville Acquisition Corp. Unit,Finance,Blank Checks
MCGAW,Yorkville Acquisition Corp. Warrant,,
MCHB,Mechanics Bancorp Class A Common Stock,Finance,Major Banks
MCHP,Microchip Technology Incorporated Common Stock,Technology,Semiconductors
MCHPP,Microchip Technology Incorporated Depositary Shares Each Representing a 1/20th Interest in a Share of 7.50% Series A Mandatory Convertible Preferred Stock,Technology,Semiconductors
MCHX,Marchex Inc. Class B Common Stock,Technology,Computer Software: Prepackaged Software
MCI,Barings Corporate Investors Common Stock,Finance,Trusts Except Educational Religious and Charitable
MCK,McKesson Corporation Common Stock,Health Care,Other Pharmaceuticals
MCN,XAI Madison Equity Premium Income Fund Common Shares,,
MCO,Moody's Corporation Common Stock,Finance,Finance: Consumer Services
MCRB,Seres Therapeutics Inc. Common Stock,Health Care,Biotechnology: Pharmaceutical Preparations
MCRI,Monarch Casino & Resort Inc. Common Stock,Consumer Discretionary,Hotels/Resorts
MCRP,Micropolis AI Robotics Ordinary Shares,Consumer Discretionary,Auto Parts:O.E.M.
MCS,Marcus Corporation (The) Common Stock,Consumer Discretionary,Movies/Entertainment
MCY,Mercury General Corporation Common Stock,Finance,Property-Casualty Insurers
MD,Pediatrix Medical Group Inc. Common Stock,Health Care,Hospital/Nursing Management
MDA,MDA Space Ltd. Common Shares,Consumer Discretionary,Electronic Components
MDAI,Spectral AI Inc. Class A Common Stock,Health Care,Medical/Dental Instruments
MDAIW,Spectral AI Inc. Warrants,Health Care,Medical/Dental Instruments
MDB,MongoDB Inc. Class A Common Stock,Technology,Computer Software: Prepackaged Software
MDBH,MDB Capital Holdings LLC Class A common,Finance,Finance: Consumer Services
MDCX,Medicus Pharma Ltd. Common Stock,Health Care,Biotechnology: Pharmaceutical Preparations
MDCXW,Medicus Pharma Ltd. Warrant,Health Care,Biotechnology: Pharmaceutical Preparations
MDGL,Madrigal Pharmaceuticals Inc. Common Stock,Health Care,Biotechnology: Pharmaceutical Preparations
MDIA,Mediaco Holding Inc. Class A Common Stock,Consumer Discretionary,Broadcasting
MDLN,Medline Inc. Class A Common Stock,Health Care,Medical/Dental Instruments
MDLZ,Mondelez International Inc. Class A Common Stock,Consumer Staples,Packaged Foods
MDRR,Medalist Diversified Inc. Common Stock,Real Estate,Real Estate Investment Trusts
MDT,Medtronic plc. Ordinary Shares,Health Care,Biotechnology: Electromedical & Electrotherapeutic Apparatus
MDU,MDU Resources Group Inc. Common Stock (Holding Company),Industrials,Mining & Quarrying of Nonmetallic Minerals (No Fuels)
MDWD,MediWound Ltd. Ordinary Shares,Health Care,Medicinal Chemicals and Botanical Products
MDXG,MiMedx Group Inc Common Stock,Health Care,Medical/Dental Instruments
MDXH,MDxHealth SA Ordinary Shares,Health Care,Medical Specialities
MEC,Mayville Engineering Company Inc. Common Stock,Industrials,Industrial Specialties
MED,MEDIFAST INC Common Stock,Consumer Staples,Packaged Foods
MEDP,Medpace Holdings Inc. Common Stock,Health Care,Biotechnology: Commercial Physical & Biological Resarch
MEDS,DataMeds AI Inc. Common Stock,Health Care,Other Pharmaceuticals
MEGI,NYLIM CBRE Global Infrastructure Megatrends Term Fund Common Shares,Finance,Investment Managers
MEGL,Magic Empire Global Limited Class A Ordinary Shares,Finance,Finance: Consumer Services
MEI,Methode Electronics Inc. Common Stock,Technology,Electrical Products
MELI,MercadoLibre Inc. Common Stock,Consumer Discretionary,Business Services
MENS,Jyong Biotech Ltd. Ordinary Shares,Health Care,Biotechnology: Pharmaceutical Preparations
MEOH,Methanex Corporation Common Stock,Industrials,Major Chemicals
MERC,Mercer International Inc. Common Stock,Basic Materials,Paper
MESH,Meshflow Acquisition Corp. Class A Ordinary Shares,,
MESHU,Meshflow Acquisition Corp. Units,,
MESHW,Meshflow Acquisition Corp. Warrants,,
MESO,Mesoblast Limited American Depositary Shares,Health Care,Biotechnology: Biological Products (No Diagnostic Substances)
MET,MetLife Inc. Common Stock,Finance,Life Insurance
META,Meta Platforms Inc. Class A Common Stock,Technology,Computer Software: Programming Data Processing
METC,Ramaco Resources Inc. Class A Common Stock,Energy,Coal Mining
METCB,Ramaco Resources Inc. Class B Common Stock,Energy,Coal Mining
METCI,Ramaco Resources Inc. 8.250% Senior Notes due 2030,Energy,Coal Mining
METCZ,Ramaco Resources Inc. 8.375% Senior Notes due 2029,Energy,Coal Mining
MEVO,M Evo Global Acquisition Corp II Class A Ordinary Shares,Finance,Blank Checks
MF,MindForge Inc. Class A Ordinary Shares,Technology,Computer Software: Programming Data Processing
MFA,MFA Financial Inc.,Real Estate,Real Estate Investment Trusts
MFAN,MFA Financial Inc. 8.875% Senior Notes due 2029,Real Estate,Real Estate Investment Trusts
MFAO,MFA Financial Inc. 9.000% Senior Notes due 2029,Real Estate,Real Estate Investment Trusts
MFC,Manulife Financial Corporation Common Stock,Finance,Life Insurance
MFG,Mizuho Financial Group Inc. Sponosred ADR (Japan),Finance,Major Banks
MFI,mF International Limited Class A Ordinary Shares,Technology,EDP Services
MFIC,MidCap Financial Investment Corporation Common Stock,Finance,Finance/Investors Services
MFICL,MidCap Financial Investment Corporation 8.00% Notes due 2028,Finance,Finance/Investors Services
MFIN,Medallion Financial Corp. Common Stock,Finance,Finance: Consumer Services
MFM,Aberdeen Municipal Income Fund Common Shares of Beneficial Interest,Finance,Finance Companies
MFP,Midera Food Processing Inc. Common Stock,Industrials,Industrial Machinery/Components
MG,Mistras Group Inc Common Stock,Consumer Discretionary,Military/Government/Technical
MGA,Magna International Inc. Common Stock,Consumer Discretionary,Auto Parts:O.E.M.
MGEE,MGE Energy Inc,Energy,Electric Utilities: Central
MGF,Aberdeen Government Markets Income Fund Common Shares of Beneficial Interest,Finance,Trusts Except Educational Religious and Charitable
MGIH,Millennium Group International Holdings Limited Ordinary Shares,Consumer Discretionary,Publishing
MGLD,The Marygold Companies Inc. Common Stock,Finance,Finance: Consumer Services
MGM,MGM Resorts International Common Stock,Consumer Discretionary,Hotels/Resorts
MGN,Megan Holdings Limited Class A Ordinary Shares,Consumer Staples,Farming/Seeds/Milling
MGNI,Magnite Inc. Common Stock,Technology,Computer Software: Programming Data Processing
MGNX,MacroGenics Inc. Common Stock,Health Care,Biotechnology: Pharmaceutical Preparations
MGPI,MGP Ingredients Inc.,Consumer Staples,Beverages (Production/Distribution)
MGR,Affiliated Managers Group Inc. 5.875% Junior Subordinated Notes due 2059,Finance,Investment Managers
MGRB,Affiliated Managers Group Inc. 4.750% Junior Subordinated Notes due 2060,Finance,Investment Managers
MGRC,McGrath RentCorp Common Stock,Consumer Discretionary,Diversified Commercial Services
MGRD,Affiliated Managers Group Inc. 4.200% Junior Subordinated Notes due 2061,Finance,Investment Managers
MGRE,Affiliated Managers Group Inc. 6.750% Junior Subordinated Notes due 2064,Finance,Investment Managers
MGRT,Mega Fortune Company Limited Ordinary Shares,Technology,EDP Services
MGRX,Mangoceuticals Inc. Common Stock,Health Care,Misc Health and Biotechnology Services
MGTX,MeiraGTx Holdings plc Ordinary Shares,Health Care,Biotechnology: Biological Products (No Diagnostic Substances)
MGX,Metagenomi Therapeutics Inc. Common Stock,Health Care,Biotechnology: Biological Products (No Diagnostic Substances)
MGY,Magnolia Oil & Gas Corporation Class A Common Stock,Energy,Oil & Gas Production
MGYR,Magyar Bancorp Inc. Common Stock,Finance,Savings Institutions
MH,McGraw Hill Inc. Common Stock,Consumer Discretionary,Publishing
MHD,Blackrock MuniHoldings Fund Inc. Common Stock,Finance,Investment Bankers/Brokers/Service
MHF,Western Asset Municipal High Income Fund Inc. Common Stock,Finance,Finance/Investors Services
MHH,Mastech Digital Inc Common Stock,Consumer Discretionary,Professional Services
MHK,Mohawk Industries Inc. Common Stock,Consumer Discretionary,Home Furnishings
MHLA,Maiden Holdings Ltd. 6.625% Notes due 2046,Finance,Property-Casualty Insurers
MHNC,Maiden Holdings North America Ltd. 7.75% Notes due 2043,Finance,Property-Casualty Insurers
MHO,M/I Homes Inc. Common Stock,Consumer Discretionary,Homebuilding
MI,NFT Limited Class A Ordinary Share,Finance,Finance: Consumer Services
MIAC,Meridian3 Industrials Acquisition Corp Class A Ordinary Shares,,
MIACU,Meridian3 Industrials Acquisition Corp Units,,
MIAX,Miami International Holdings Inc. Common Stock,Finance,Investment Bankers/Brokers/Service
MICC,The Magnum Ice Cream Company N.V. Ordinary Shares,Consumer Staples,Specialty Foods
MIDD,Middleby Corporation (The) Common Stock,Industrials,Industrial Machinery/Components
MIMI,Mint Incorporation Limited Class A Ordinary Shares,Consumer Discretionary,Business Services
MIN,Aberdeen Intermediate Income Fund Common Shares of Beneficial Interest,Finance,Trusts Except Educational Religious and Charitable
MIND,MIND Technology Inc. Common Stock (DE),Industrials,Industrial Machinery/Components
MINE,Mayfair Gold Corp. Common Shares,Energy,Oil & Gas Production
MIR,Mirion Technologies Inc. Class A Common Stock,Industrials,Industrial Machinery/Components
MIRA,MIRA Pharmaceuticals Inc. Common Stock,Health Care,Biotechnology: Pharmaceutical Preparations
MIRM,Mirum Pharmaceuticals Inc. Common Stock,Health Care,Biotechnology: Pharmaceutical Preparations
MIST,Milestone Pharmaceuticals Inc. Common Shares,Health Care,Biotechnology: Pharmaceutical Preparations
MITK,Mitek Systems Inc. Common Stock,Technology,Computer peripheral equipment
MITN,TPG Mortgage Investment Trust Inc. 9.500% Senior Notes due 2029,Real Estate,Real Estate Investment Trusts
MITP,TPG Mortgage Investment Trust Inc. 9.500% Senior Notes due 2029,Real Estate,Real Estate Investment Trusts
MITQ,Moving iMage Technologies Inc. Common Stock,Consumer Discretionary,Industrial Machinery/Components
MITT,TPG Mortgage Investment Trust Inc. Common Stock,Real Estate,Real Estate Investment Trusts
MIY,Blackrock MuniYield Michigan Quality Fund Inc. Common Stock,Finance,Investment Bankers/Brokers/Service
MKC,McCormick & Company Incorporated Common Stock,Consumer Staples,Packaged Foods
MKDW,MKDWELL Tech Inc. Ordinary Share,Technology,Consumer Electronics/Appliances
MKDWW,MKDWELL Tech Inc. Warrants,Technology,Consumer Electronics/Appliances
MKL,Markel Group Inc. Common Stock,Finance,Property-Casualty Insurers
MKLY,McKinley Acquisition Corporation Class A Ordinary Shares,Finance,Blank Checks
MKLYR,McKinley Acquisition Corporation Rights,Finance,Blank Checks
MKSI,MKS Inc. Common Stock,Industrials,Industrial Machinery/Components
MKTW,MarketWise Inc. Class A Common Stock,Technology,Computer Software: Prepackaged Software
MKTX,MarketAxess Holdings Inc. Common Stock,Finance,Investment Bankers/Brokers/Service
MKZR,MacKenzie Realty Capital Inc. Common Stock,Real Estate,Real Estate Investment Trusts
MLAA,Mountain Lake Acquisition Corp. II Class A Ordinary Shares,Finance,Blank Checks
MLAAW,Mountain Lake Acquisition Corp. II Warrants,Finance,Blank Checks
MLAB,Mesa Laboratories Inc. Common Stock,Industrials,Industrial Machinery/Components
MLCI,Mount Logan Capital Inc. Common Stock,Finance,Investment Managers
MLCIL,Mount Logan Capital Inc. 8.00% Notes Due 2031,Finance,Investment Managers
MLCO,Melco Resorts & Entertainment Limited American Depositary Shares,Consumer Discretionary,Hotels/Resorts
MLEC,Moolec Science SA Ordinary Shares,Finance,Blank Checks
MLGO,MicroAlgo Inc. Class A Ordinary Shares,Technology,EDP Services
MLI,Mueller Industries Inc. Common Stock,Industrials,Metal Fabrications
MLKN,MillerKnoll Inc. Common Stock,Consumer Discretionary,Office Equipment/Supplies/Services
MLM,Martin Marietta Materials Inc. Common Stock,Industrials,Mining & Quarrying of Nonmetallic Minerals (No Fuels)
MLP,Maui Land & Pineapple Company Inc. Common Stock,Finance,Real Estate
MLR,Miller Industries Inc. Common Stock,Consumer Discretionary,Construction/Ag Equipment/Trucks
MLSS,Milestone Scientific Inc. Common Stock,Health Care,Industrial Specialties
MLTX,MoonLake Immunotherapeutics Class A Ordinary Shares,Health Care,Biotechnology: Pharmaceutical Preparations
MLYS,Mineralys Therapeutics Inc. Common Stock,Health Care,Biotechnology: Pharmaceutical Preparations
MMA,Mixed Martial Arts Group Limited Ordinary Shares,Consumer Discretionary,Other Consumer Services
MMD,NYLIM MacKay DefinedTerm Muni Opportunities Fund Common Shares,Finance,Investment Managers
MMED,MiniMed Group Inc. Common Stock,Health Care,Medical/Dental Instruments
MMI,Marcus & Millichap Inc. Common Stock,Finance,Real Estate
MMLP,Martin Midstream Partners L.P. Limited Partnership,Energy,Oil Refining/Marketing
MMM,3M Company Common Stock,Health Care,Medical/Dental Instruments
MMS,Maximus Inc. Common Stock,Consumer Discretionary,Business Services
MMSI,Merit Medical Systems Inc. Common Stock,Health Care,Medical/Dental Instruments
MMT,Aberdeen Multi-Market Income Fund Common Shares of Beneficial Interest,Finance,Trusts Except Educational Religious and Charitable
MMTX,Miluna Acquisition Corp Class A Ordinary Share,Finance,Blank Checks
MMU,Western Asset Managed Municipals Fund Inc. Common Stock,Finance,Investment Managers
MMYT,MakeMyTrip Limited Ordinary Shares,Consumer Discretionary,Transportation Services
MNDO,MIND C.T.I. Ltd. Ordinary Shares,Technology,EDP Services
MNDR,Mobile-health Network Solutions Class A Ordinary Shares,Technology,Computer Software: Prepackaged Software
MNDY,monday.com Ltd. Ordinary Shares,Technology,Computer Software: Prepackaged Software
MNKD,MannKind Corporation Common Stock,Health Care,Biotechnology: Pharmaceutical Preparations
MNOV,Medicinova Inc Common Stock,Health Care,Biotechnology: Pharmaceutical Preparations
MNPR,Monopar Therapeutics Inc. Common Stock,Health Care,Biotechnology: Pharmaceutical Preparations
MNR,Mach Natural Resources LP Common Units representing Limited Partner Interests,Energy,Oil & Gas Production
MNRO,Monro Inc. Common Stock,Consumer Discretionary,Automotive Aftermarket
MNSB,MainStreet Bancshares Inc. Common Stock,Finance,Major Banks
MNSBP,MainStreet Bancshares Inc. Depositary Shares,Finance,Major Banks
MNSO,MINISO Group Holding Limited American Depositary Shares each representing four Ordinary Shares,Consumer Discretionary,Department/Specialty Retail Stores
MNST,Monster Beverage Corporation,Consumer Staples,Beverages (Production/Distribution)
MNTK,Montauk Renewables Inc. Common Stock,Utilities,Natural Gas Distribution
MNTN,MNTN Inc. Class A Common Stock,Consumer Discretionary,Advertising
MNTS,Momentus Inc. Class A Common Stock,Industrials,Military/Government/Technical
MNY,MoneyHero Limited Class A Ordinary Shares,Consumer Discretionary,Business Services
MNYWW,MoneyHero Limited Warrants,Consumer Discretionary,Business Services
MO,Altria Group Inc.,Health Care,Medicinal Chemicals and Botanical Products
MOB,Mobilicom Limited Ordinary Shares,Industrials,Aerospace
MOBBW,Mobilicom Limited Warrants,Industrials,Aerospace
MOBI,Mobia Medical Inc. Common Stock,Health Care,Medical/Dental Instruments
MOBX,Mobix Labs Inc. Class A Common Stock,Technology,Semiconductors
MOBXW,Mobix Labs Inc Warrants,Technology,Semiconductors
MOD,Modine Manufacturing Company Common Stock,Consumer Discretionary,Auto Parts:O.E.M.
MODD,Modular Medical Inc. Common Stock,Health Care,Medical/Dental Instruments
MOGU,MOGU Inc. American Depositary Shares (each  representing 25 Class A Ordinary Shares),Consumer Discretionary,Business Services
MOH,Molina Healthcare Inc Common Stock,Health Care,Medical Specialities
MOLN,Molecular Partners AG American Depositary Shares,Health Care,Biotechnology: Biological Products (No Diagnostic Substances)
MOMO,Hello Group Inc. American Depositary Shares,Technology,Computer Software: Prepackaged Software
MORN,Morningstar Inc. Common Stock,Finance,Investment Managers
MOS,Mosaic Company (The) Common Stock,Industrials,Agricultural Chemicals
MOV,Movado Group Inc. Common Stock,Consumer Discretionary,Consumer Specialties
MOVE,Corvex Inc. Common Stock,Technology,EDP Services
MP,MP Materials Corp. Common Stock,Basic Materials,Metal Mining
MPA,Blackrock MuniYield Pennsylvania Quality Fund Common Stock,Finance,Finance Companies
MPAA,Motorcar Parts  of America Inc. Common Stock,Consumer Discretionary,Auto Parts:O.E.M.
MPB,Mid Penn Bancorp Common Stock,Finance,Major Banks
MPC,Marathon Petroleum Corporation Common Stock,Energy,Integrated oil Companies
MPLT,MapLight Therapeutics Inc. Common Stock,Health Care,Biotechnology: Pharmaceutical Preparations
MPLX,MPLX LP Common Units Representing Limited Partner Interests,Energy,Natural Gas Distribution
MPT,Medical Properties Trust Inc. common stock,Real Estate,Real Estate Investment Trusts
MPTI,M-tron Industries Inc. Common Stock,Technology,Industrial Machinery/Components
MPU,Mega Matrix Inc. Class A Ordinary Shares,Consumer Discretionary,Movies/Entertainment
MPV,Barings Participation Investors Common Stock,Finance,Finance Companies
MPWR,Monolithic Power Systems Inc. Common Stock,Technology,Semiconductors
MQ,Marqeta Inc. Class A Common Stock,Technology,Computer Software: Prepackaged Software
MQY,Blackrock MuniYield Quality Fund Inc. Common Stock,Finance,Investment Bankers/Brokers/Service
MRAM,Everspin Technologies Inc. Common Stock,Technology,Semiconductors
MRBK,Meridian Corporation Common Stock,Finance,Major Banks
MRCO,Mercator Acquisition Corp. Class A Ordinary Shares,Finance,Blank Checks
MRCOU,Mercator Acquisition Corp. Units,Finance,Blank Checks
MRCOW,Mercator Acquisition Corp. Warrant,Finance,Blank Checks
MRCY,Mercury Systems Inc Common Stock,Technology,Electrical Products
MRDN,Meridian Holdings Inc. Common Stock,Technology,Computer Software: Prepackaged Software
MREO,Mereo BioPharma Group plc American Depositary Shares,Health Care,Biotechnology: Pharmaceutical Preparations
MRK,Merck & Company Inc. Common Stock (new),Health Care,Biotechnology: Pharmaceutical Preparations
MRKR,Marker Therapeutics Inc. Common Stock,Health Care,Biotechnology: Pharmaceutical Preparations
MRLN,Merlin Inc. Common Stock,Technology,EDP Services
MRM,MEDIROM Healthcare Technologies Inc. American Depositary Share,Consumer Discretionary,Other Consumer Services
MRNA,Moderna Inc. Common Stock,Health Care,Biotechnology: Biological Products (No Diagnostic Substances)
MRNO,Murano Global Investments PLC Ordinary Shares,Consumer Discretionary,Hotels/Resorts
MRNOW,Murano Global Investments PLC Warrants,Consumer Discretionary,Hotels/Resorts
MRP,Millrose Properties Inc. Class A Common Stock,Finance,Real Estate
MRSH,Marsh Common Stock,Finance,Specialty Insurers
MRT,Marti Technologies Inc. Class A Ordinary Shares,Consumer Discretionary,Rental/Leasing Companies
MRTN,Marten Transport Ltd. Common Stock,Industrials,Trucking Freight/Courier Services
MRVI,Maravai LifeSciences Holdings Inc. Class A Common Stock,Health Care,Biotechnology: Pharmaceutical Preparations
MRVL,Marvell Technology Inc. Common Stock,Technology,Semiconductors
MRX,Marex Group Limited Ordinary Shares,Finance,Investment Bankers/Brokers/Service
MS,Morgan Stanley Common Stock,Finance,Investment Bankers/Brokers/Service
MSA,MSA Safety Incorporated Common Stock,Health Care,Industrial Specialties
MSAI,MultiSensor AI Holdings Inc. Common Stock,Technology,Electronic Components
MSAIW,MultiSensor AI Holdings Inc. Warrant,Technology,Electronic Components
MSB,Mesabi Trust Common Stock,Industrials,Precious Metals
MSBI,Midland States Bancorp Inc. Common Stock,Finance,Major Banks
MSBIP,Midland States Bancorp Inc. Depositary Shares Each Representing a 1/40th Interest in a Share of 7.750% Fixed-Rate Reset Non-Cumulative Perpetual Preferred Stock Series A,Finance,Major Banks
MSC,Studio City International Holdings Limited American depositary shares each representing four  Class A ordinary shares,Consumer Discretionary,Hotels/Resorts
MSCI,MSCI Inc. Common Stock,Consumer Discretionary,Business Services
MSD,Morgan Stanley Emerging Markets Debt Fund Inc. Common Stock,Finance,Trusts Except Educational Religious and Charitable
MSDL,Morgan Stanley Direct Lending Fund Common Stock,,
MSEX,Middlesex Water Company Common Stock,Utilities,Water Supply
MSFT,Microsoft Corporation Common Stock,Technology,Computer Software: Prepackaged Software
MSGE,Madison Square Garden Entertainment Corp. Class A Common Stock,Consumer Discretionary,Services-Misc. Amusement & Recreation
MSGM,Motorsport Games Inc. Class A Common Stock,Technology,Computer Software: Prepackaged Software
MSGS,Madison Square Garden Sports Corp. Class A Common Stock (New),Consumer Discretionary,Services-Misc. Amusement & Recreation
MSGY,Masonglory Limited Class A Ordinary Shares,Consumer Discretionary,Engineering & Construction
MSI,Motorola Solutions Inc. Common Stock,Technology,Radio And Television Broadcasting And Communications Equipment
MSIF,MSC Income Fund Inc. Common Stock,Finance,Finance/Investors Services
MSLE,Satellos Bioscience Inc. Common Stock,Health Care,Biotechnology: Pharmaceutical Preparations
MSM,MSC Industrial Direct Company Inc. Common Stock,Industrials,Industrial Machinery/Components
MSN,Emerson Radio Corporation Common Stock,Consumer Staples,Consumer Electronics/Appliances
MSS,Maison Solutions Inc. Class A Common Stock,Consumer Staples,Food Chains
MSTR,Strategy Inc Common Stock Class A,Technology,Computer Software: Prepackaged Software
MT,Arcelor Mittal NY Registry Shares NEW,Industrials,Steel/Iron Ore
MTA,Metalla Royalty & Streaming Ltd. Common Shares,Basic Materials,Precious Metals
MTAK,Market Technology Acquisition Corp Class A Ordinary Shares,,
MTAKU,Market Technology Acquisition Corp Unit,Finance,Blank Checks
MTAKW,Market Technology Acquisition Corp Warrants,,
MTAL,Metals Acquisition Corp. II Class A Ordinary Shares,Basic Materials,Metal Mining
MTB,M&T Bank Corporation Common Stock,Finance,Major Banks
MTC,MMTec Inc. Common Shares,Technology,Computer Software: Prepackaged Software
MTCH,Match Group Inc. Common Stock,Technology,Computer Software: Programming Data Processing
MTD,Mettler-Toledo International Inc. Common Stock,Industrials,Biotechnology: Laboratory Analytical Instruments
MTDR,Matador Resources Company Common Stock,Energy,Oil & Gas Production
MTEK,Maris-Tech Ltd. Ordinary Shares,Telecommunications,Telecommunications Equipment
MTEKW,Maris-Tech Ltd. Warrants,Telecommunications,Telecommunications Equipment
MTEN,Mingteng International Corporation Inc. Class A Ordinary Shares,Industrials,Building Products
MTEX,Mannatech Incorporated Common Stock,Health Care,Medicinal Chemicals and Botanical Products
MTG,MGIC Investment Corporation Common Stock,Finance,Property-Casualty Insurers
MTH,Meritage Homes Corporation Common Stock,Consumer Discretionary,Homebuilding
MTLS,Materialise NV American Depositary Shares,Technology,Computer Software: Prepackaged Software
MTN,Vail Resorts Inc. Common Stock,Consumer Discretionary,Services-Misc. Amusement & Recreation
MTNB,Matinas Biopharma Holdings Inc. Common Stock,Health Care,Biotechnology: Pharmaceutical Preparations
MTNE,CH4 Natural Solutions Corporation Class A Ordinary Shares,,
MTR,Mesa Royalty Trust Common Stock,Energy,Oil & Gas Production
MTRN,Materion Corporation,Industrials,Industrial Specialties
MTRX,Matrix Service Company Common Stock,Consumer Discretionary,Engineering & Construction
MTSI,MACOM Technology Solutions Holdings Inc. Common Stock,Technology,Semiconductors
MTUS,Metallus Inc. Common Shares,Industrials,Steel/Iron Ore
MTVA,MetaVia Inc. Common Stock,Health Care,Biotechnology: Pharmaceutical Preparations
MTW,Manitowoc Company Inc. (The) Common Stock,Industrials,Construction/Ag Equipment/Trucks
MTX,Minerals Technologies Inc. Common Stock,Basic Materials,Major Chemicals
MTZ,MasTec Inc. Common Stock,Industrials,Water Sewer Pipeline Comm & Power Line Construction
MU,Micron Technology Inc. Common Stock,Technology,Semiconductors
MUA,Blackrock MuniAssets Fund Inc Common Stock,Finance,Investment Bankers/Brokers/Service
MUC,Blackrock MuniHoldings California Quality Fund Inc.  Common Stock,Finance,Investment Bankers/Brokers/Service
MUFG,Mitsubishi UFJ Financial Group Inc. Common Stock,Finance,Commercial Banks
MUJ,Blackrock MuniHoldings New Jersey Quality Fund Inc. Common Stock,Finance,Investment Bankers/Brokers/Service
MUR,Murphy Oil Corporation Common Stock,Energy,Oil & Gas Production
MUSA,Murphy USA Inc. Common Stock,Consumer Discretionary,Retail-Auto Dealers and Gas Stations
MUX,McEwen Inc. Common Stock,Basic Materials,Precious Metals
MUZE,Muzero Acquisition Corp Class A Ordinary Shares,Finance,Blank Checks
MVBF,MVB Financial Corp. Common Stock,Finance,Major Banks
MVIS,MicroVision Inc. Common Stock,Technology,Industrial Machinery/Components
MVST,Microvast Holdings Inc. Common Stock,Miscellaneous,Industrial Machinery/Components
MWA,MUELLER WATER PRODUCTS Common Stock,Industrials,Metal Fabrications
MWC,Micware Co. Ltd. American Depositary Shares,Technology,EDP Services
MWG,Multi Ways Holdings Limited Class A Ordinary Shares,Consumer Discretionary,Miscellaneous manufacturing industries
MWH,SOLV Energy Inc. Class A Common Stock,Industrials,Military/Government/Technical
MWYN,Marwynn Holdings Inc. Common stock,Consumer Discretionary,Food Distributors
MX,Magnachip Semiconductor Corporation Common Stock,Technology,Semiconductors
MXC,Mexco Energy Corporation Common Stock,Energy,Oil & Gas Production
MXCT,MaxCyte Inc. Common Stock,Health Care,Biotechnology: Commercial Physical & Biological Resarch
MXE,Mexico Equity and Income Fund Inc. (The) Common Stock,Finance,Finance Companies
MXF,Mexico Fund Inc. (The) Common Stock,Finance,Trusts Except Educational Religious and Charitable
MXL,MaxLinear Inc. Common Stock,Technology,Semiconductors
MYE,Myers Industries Inc. Common Stock,Industrials,Plastic Products
MYFW,First Western Financial Inc. Common Stock,Finance,Major Banks
MYGN,Myriad Genetics Inc. Common Stock,Health Care,Biotechnology: In Vitro & In Vivo Diagnostic Substances
MYI,Blackrock MuniYield Quality Fund III Inc Common Stock,Finance,Investment Bankers/Brokers/Service
MYN,Blackrock MuniYield New York Quality Fund Inc.Common Stock,Finance,Finance Companies
MYND,Mynd.ai Inc. American Depositary Shares,Technology,Computer peripheral equipment
MYO,Myomo Inc. Common Stock,Health Care,Industrial Specialties
MYPS,PLAYSTUDIOS Inc.  Class A Common Stock,Technology,Computer Software: Prepackaged Software
MYRG,MYR Group Inc. Common Stock,Industrials,Water Sewer Pipeline Comm & Power Line Construction
MYSE,Myseum.AI Inc. Common Stock,Telecommunications,Telecommunications Equipment
MYSZ,My Size Inc. Common Stock,Technology,Computer Software: Prepackaged Software
MYX,Maywood Acquisition Corp. 2 Class A Ordinary Share,Finance,Blank Checks
MYXXU,Maywood Acquisition Corp. 2 Units,Finance,Blank Checks
MZTI,The Marzetti Company Common Stock,Consumer Staples,Packaged Foods
MZYX,MOZAYYX Acquisition Corp. Class A Ordinary Shares,,
NA,Nano Labs Ltd Class A Ordinary Shares,Technology,Semiconductors
NAAS,NaaS Technology Inc. American Depositary Shares,Consumer Discretionary,Other Specialty Stores
NABL,N-able Inc. Common Stock,Technology,Computer Software: Prepackaged Software
NAC,Nuveen California Quality Municipal Income Fund,Finance,Investment Managers
NAD,Nuveen Quality Municipal Income Fund Common Stock,Finance,Investment Managers
NAGE,Niagen Bioscience Inc. Common Stock,Health Care,Medicinal Chemicals and Botanical Products
NAII,Natural Alternatives International Inc. Common Stock,Health Care,Medicinal Chemicals and Botanical Products
NAK,Northern Dynasty Minerals Ltd. Common Stock,Basic Materials,Precious Metals
NAKA,Nakamoto Inc. Common Stock,Health Care,Medical/Nursing Services
NAMI,Jinxin Technology Holding Company American Depositary Shares,Real Estate,Other Consumer Services
NAMM,Namib Minerals Ordinary Shares,Basic Materials,Precious Metals
NAMMW,Namib Minerals Warrants,Basic Materials,Precious Metals
NAMS,NewAmsterdam Pharma Company N.V. Ordinary Shares,Health Care,Biotechnology: Pharmaceutical Preparations
NAMSW,NewAmsterdam Pharma Company N.V. Warrant,Health Care,Biotechnology: Pharmaceutical Preparations
NAN,Nuveen New York Quality Municipal Income Fund Common Stock,Finance,Investment Managers
NAT,Nordic American Tankers Limited Common Stock,Consumer Discretionary,Marine Transportation
NATH,Nathan's Famous Inc. Common Stock,Consumer Discretionary,Restaurants
NATL,NCR Atleos Corporation Common Stock,Miscellaneous,Office Equipment/Supplies/Services
NATR,Nature's Sunshine Products Inc. Common Stock,Health Care,Biotechnology: Pharmaceutical Preparations
NAUT,Nautilus Biotechnology Inc. Common Stock,Industrials,Biotechnology: Laboratory Analytical Instruments
NAVI,Navient Corporation Common Stock,Finance,Investment Bankers/Brokers/Service
NAVN,Navan Inc. Class A Common Stock,Technology,Computer Software: Prepackaged Software
NAZ,Nuveen Arizona Quality Municipal Income Fund Common Stock,Finance,Finance/Investors Services
NB,NioCorp Developments Ltd. Common Stock,Basic Materials,Metal Mining
NBB,Nuveen Taxable Municipal Income Fund Common Shares of Beneficial Interest,Finance,Finance Companies
NBBK,NB Bancorp Inc. Common Stock,Finance,Banks
NBH,Neuberger Municipal Fund Inc. Common Stock,Finance,Finance/Investors Services
NBHC,National Bank Holdings Corporation Common Stock,Finance,Major Banks
NBIS,Nebius Group N.V. Class A Ordinary Shares,Technology,Computer Software: Programming Data Processing
NBIX,Neurocrine Biosciences Inc. Common Stock,Health Care,Biotechnology: Biological Products (No Diagnostic Substances)
NBN,Northeast Bank Common Stock,Finance,Major Banks
NBP,NovaBridge Biosciences American Depositary Shares,Health Care,Biotechnology: Pharmaceutical Preparations
NBR,Nabors Industries Ltd.,Energy,Oil & Gas Production
NBRG,Newbridge Acquisition Limited Class A Ordinary Share,Finance,Blank Checks
NBRGR,Newbridge Acquisition Limited Rights,,
NBRGU,Newbridge Acquisition Limited Unit,Finance,Blank Checks
NBTB,NBT Bancorp Inc. Common Stock,Finance,Major Banks
NBTX,Nanobiotix S.A. American Depositary Shares,Health Care,Biotechnology: Pharmaceutical Preparations
NBXG,Neuberger Next Generation Connectivity Fund Inc. Common Stock,Finance,Trusts Except Educational Religious and Charitable
NC,NACCO Industries Inc. Common Stock,Energy,Coal Mining
NCA,Nuveen California Municipal Value Fund,Finance,Investment Managers
NCDL,Nuveen Churchill Direct Lending Corp. Common Stock,,
NCEL,NewcelX Ltd. Ordinary Shares,Health Care,Biotechnology: Pharmaceutical Preparations
NCEW,New Century Logistics (BVI) Limited Ordinary Shares,Industrials,Integrated Freight & Logistics
NCI,Neo-Concept International Group Holdings Limited Class A Ordinary Shares,Consumer Discretionary,Apparel
NCLH,Norwegian Cruise Line Holdings Ltd. Ordinary Shares,Consumer Discretionary,Marine Transportation
NCMI,National CineMedia Inc. Common Stock,Consumer Discretionary,Advertising
NCNA,NuCana plc American Depositary Share,Health Care,Biotechnology: Pharmaceutical Preparations
NCNO,nCino Inc. Common Stock,Technology,Computer Software: Prepackaged Software
NCO,Southern Cross Acquisition I Corp. Ordinary Shares,,
NCOOU,Southern Cross Acquisition I Corp. Units,Finance,Blank Checks
NCOOW,Southern Cross Acquisition I Corp. Warrants,,
NCPL,Netcapital Inc. Common Stock,Finance,Finance: Consumer Services
NCPLW,Netcapital Inc. Warrants,Finance,Finance: Consumer Services
NCRA,Nocera Inc. Common Stock,Consumer Staples,Farming/Seeds/Milling
NCT,Intercont (Cayman) Limited Class A Ordinary shares,Consumer Discretionary,Restaurants
NCTY,The9 Limited American Depository Shares,Finance,Finance: Consumer Services
NCV,Virtus Convertible & Income Fund Common Shares of Beneficial Interest,Finance,Finance Companies
NCZ,Virtus Convertible & Income Fund II Common Shares of Beneficial Interest,Finance,Finance Companies
NDAQ,Nasdaq Inc. Common Stock,Finance,Investment Bankers/Brokers/Service
NDLS,Noodles & Company Class A Common Stock,Consumer Discretionary,Restaurants
NDMO,Nuveen Dynamic Municipal Opportunities Fund Common Shares of Beneficial Interest,Finance,Trusts Except Educational Religious and Charitable
NDRA,ENDRA Life Sciences Inc. Common Stock,Health Care,Biotechnology: Electromedical & Electrotherapeutic Apparatus
NDSN,Nordson Corporation Common Stock,Industrials,Industrial Machinery/Components
NE,Noble Corporation plc A Ordinary Shares,Energy,Oil & Gas Production
NEA,Nuveen AMT-Free Quality Municipal Income Fund Common Shares of Beneficial Interest Par Value $.01,Finance,Finance/Investors Services
NECB,NorthEast Community Bancorp Inc. Common Stock,Finance,Banks
NEE,NextEra Energy Inc. Common Stock,Utilities,Electric Utilities: Central
NEGG,Newegg Commerce Inc. Common Shares,Consumer Discretionary,Other Specialty Stores
NEM,Newmont Corporation,Basic Materials,Precious Metals
NEN,New England Realty Associates Limited Partnership Class A Depositary Receipts Evidencing Units of Limited Partnership,Real Estate,Building operators
NEO,NeoGenomics Inc. Common Stock,Health Care,Precision Instruments
NEOG,Neogen Corporation Common Stock,Health Care,Biotechnology: In Vitro & In Vivo Diagnostic Substances
NEON,Neonode Inc. Common Stock,Technology,Industrial Machinery/Components
NEOV,NeoVolta Inc. Common Stock,Miscellaneous,Industrial Machinery/Components
NEPH,Nephros Inc. Common Stock,Health Care,Medical/Dental Instruments
NERV,Minerva Neurosciences Inc Common Stock,Health Care,Biotechnology: Pharmaceutical Preparations
NESR,National Energy Services Reunited Corp Ordinary Shares,Energy,Oilfield Services/Equipment
NET,Cloudflare Inc. Class A Common Stock,Technology,Computer Software: Prepackaged Software
NEU,NewMarket Corp Common Stock,Industrials,Major Chemicals
NEUP,Neuphoria Therapeutics Inc. Common Stock,Health Care,Biotechnology: Pharmaceutical Preparations
NEWP,New Pacific Metals Corp. Common Shares,Basic Materials,Precious Metals
NEWT,NewtekOne Inc. Common Stock,Finance,Major Banks
NEWTG,NewtekOne Inc. 8.50% Fixed Rate Senior Notes due 2029,Finance,Major Banks
NEWTH,NewtekOne Inc. 8.625% Fixed Rate Senior Notes due 2029,Finance,Major Banks
NEWTI,NewtekOne Inc. 8.00% Fixed Rate Senior Notes due 2028,Finance,Major Banks
NEWTO,NewtekOne Inc. 8.50% Fixed Rate Senior Notes due 2031,Finance,Major Banks
NEWTP,NewtekOne Inc. Depositary Shares Non-Cumulative Perpetual Preferred Stock Series B,Finance,Major Banks
NEXA,Nexa Resources S.A. Common Shares,Basic Materials,Metal Mining
NEXM,NexMetals Mining Corp. Common Shares,Basic Materials,Metal Mining
NEXN,Nexxen International Ltd. Ordinary Shares,Technology,Computer Software: Programming Data Processing
NEXR,Nexera Technologies Ltd Ordinary Shares,Consumer Discretionary,Other Specialty Stores
NEXRW,Nexera Technologies Ltd Warrant,Consumer Discretionary,Other Specialty Stores
NEXT,NextDecade Corporation Common Stock,Utilities,Oil & Gas Production
NFE,New Fortress Energy Inc. Class A Common Stock,Utilities,Oil/Gas Transmission
NFEGP,New Fortress Energy Inc. Series A Mandatorily Convertible Preferred Stock,Utilities,Oil/Gas Transmission
NFG,National Fuel Gas Company Common Stock,Utilities,Oil/Gas Transmission
NFGC,New Found Gold Corp Common Shares,Basic Materials,Precious Metals
NFJ,Virtus Dividend Interest & Premium Strategy Fund Common Shares of Beneficial Interest,Finance,Finance: Consumer Services
NFLX,Netflix Inc. Common Stock,Consumer Discretionary,Consumer Electronics/Video Chains
NG,Novagold Resources Inc.,Basic Materials,Precious Metals
NGEN,NervGen Pharma Corp. Common stock,Health Care,Biotechnology: Pharmaceutical Preparations
NGG,National Grid Transco PLC National Grid PLC (NEW) American Depositary Shares,Utilities,Natural Gas Distribution
NGL,NGL ENERGY PARTNERS LP Common Units representing Limited Partner Interests,Utilities,Natural Gas Distribution
NGNE,Neurogene Inc. Common Stock,Health Care,Biotechnology: Pharmaceutical Preparations
NGS,Natural Gas Services Group Inc. Common Stock,Energy,Oilfield Services/Equipment
NGVC,Natural Grocers by Vitamin Cottage Inc. Common Stock,Consumer Staples,Food Chains
NGVT,Ingevity Corporation Common Stock,Industrials,Major Chemicals
NHC,National HealthCare Corporation Common Stock,Health Care,Hospital/Nursing Management
NHI,National Health Investors Inc. Common Stock,Real Estate,Real Estate Investment Trusts
NHIC,NewHold Investment Corp III Class A Ordinary Shares,,
NHICU,NewHold Investment Corp III Units,Finance,Blank Checks
NHICW,NewHold Investment Corp III Warrants,,
NHIV,NewHold Investment Corp IV Class A Ordinary Shares,Finance,Blank Checks
NHIVU,NewHold Investment Corp IV Units,Finance,Blank Checks
NHP,National Healthcare Properties Inc. Class A Common Stock,Real Estate,Real Estate Investment Trusts
NHPBP,National Healthcare Properties Inc. 7.125% Series B Cumulative Redeemable Perpetual Preferred Stock,Real Estate,Real Estate Investment Trusts
NHS,Neuberger High Yield Strategies Fund Inc. Common Stock,Finance,Trusts Except Educational Religious and Charitable
NHTC,Natural Health Trends Corp. Common Stock,Consumer Discretionary,Consumer Specialties
NI,NiSource Inc Common Stock,Utilities,Power Generation
NIC,Nicolet Bankshares Inc. Common Stock,Finance,Major Banks
NICE,NICE Ltd American Depositary Shares,Technology,Computer Software: Prepackaged Software
NICM,Nicola Mining Inc. American Depositary Shares,Basic Materials,Metal Mining
NIE,Virtus Equity & Convertible Income Fund Common Shares of Beneficial Interest,Finance,Investment Managers
NIKI,Niki BioSolutions Inc. Common Stock,Industrials,Industrial Machinery/Components
NIM,Nuveen Select Maturities Municipal Fund Common Stock,Finance,Trusts Except Educational Religious and Charitable
NINE,Nine Energy Service Inc. Common Stock,Energy,Oilfield Services/Equipment
NIO,NIO Inc. American depositary shares each  representing one Class A ordinary share,Industrials,Auto Manufacturing
NIOBW,NioCorp Developments Ltd. Warrant,Basic Materials,Metal Mining
NIPG,NIP Group Inc. American Depositary Shares,Consumer Discretionary,Services-Misc. Amusement & Recreation
NIQ,NIQ Global Intelligence plc Ordinary Shares,Technology,Computer Software: Programming Data Processing
NIU,Niu Technologies American Depositary Shares,Industrials,Auto Manufacturing
NIVF,NewGenIvf Group Limited Class A Ordinary Shares,Health Care,Misc Health and Biotechnology Services
NIVFW,NewGenIvf Group Limited Warrants,Health Care,Misc Health and Biotechnology Services
NIXX,Nixxy Inc. Common Stock,Technology,EDP Services
NJR,NewJersey Resources Corporation Common Stock,Utilities,Oil/Gas Transmission
NKE,Nike Inc. Common Stock,Consumer Discretionary,Shoe Manufacturing
NKLR,Terra Innovatum Global N.V. Ordinary shares,Industrials,Metal Fabrications
NKSH,National Bankshares Inc. Common Stock,Finance,Major Banks
NKTR,Nektar Therapeutics  Common Stock,Health Care,Biotechnology: Pharmaceutical Preparations
NKTX,Nkarta Inc. Common Stock,Health Care,Biotechnology: Pharmaceutical Preparations
NKX,Nuveen California AMT-Free Quality Municipal Income Fund,Finance,Finance/Investors Services
NL,NLI Holdings Inc. Common Stock,Basic Materials,Major Chemicals
NLOP,Net Lease Office Properties Common Shares of Beneficial Interest,Real Estate,Real Estate Investment Trusts
NLY,Annaly Capital Management Inc. Common Stock,Real Estate,Real Estate Investment Trusts
NMAD,Nomad Power Solutions Inc. Common Stock,Health Care,Biotechnology: Pharmaceutical Preparations
NMAI,Nuveen Multi-Asset Income Fund Common Shares of Beneficial Interest,Finance,Investment Managers
NMAX,Newsmax Inc. Class B Common Stock,Industrials,Broadcasting
NMCO,Nuveen Municipal Credit Opportunities Fund Common Shares,Finance,Finance/Investors Services
NMFC,New Mountain Finance Corporation Common Stock,Finance,Finance/Investors Services
NMFCZ,New Mountain Finance Corporation 8.250% Notes due 2028,,
NMG,Nouveau Monde Graphite Inc. Common Shares,Basic Materials,Other Metals and Minerals
NMI,Nuveen Municipal Income Fund Inc. Common Stock,Finance,Trusts Except Educational Religious and Charitable
NMIH,NMI Holdings Inc. Common Stock,Finance,Property-Casualty Insurers
NML,Neuberger Energy Infrastructure and Income Fund Inc. Common Stock,Finance,Finance/Investors Services
NMM,Navios Maritime Partners LP Common Units Representing Limited Partner Interests,Consumer Discretionary,Marine Transportation
NMP,NMP Acquisition Corp. Class A Ordinary Shares,Finance,Blank Checks
NMPAR,NMP Acquisition Corp. Right,Finance,Blank Checks
NMPAU,NMP Acquisition Corp. Units,Finance,Blank Checks
NMR,Nomura Holdings Inc ADR American Depositary Shares,Finance,Investment Bankers/Brokers/Service
NMRA,Neumora Therapeutics Inc. Common Stock,Health Care,Biotechnology: Biological Products (No Diagnostic Substances)
NMRK,Newmark Group Inc. Class A Common Stock,Finance,Real Estate
NMS,Nuveen Minnesota Quality Municipal Income Fund,Finance,Finance Companies
NMT,Nuveen Massachusetts Quality Municipal Income Fund Common Stock,Finance,Finance/Investors Services
NMTC,NeuroOne Medical Technologies Corporation Common Stock,Health Care,Medical/Dental Instruments
NMZ,Nuveen Municipal High Income Opportunity Fund Common Stock $0.01 par value per share,Finance,Finance/Investors Services
NN,NextNav Inc. Common Stock,Industrials,Industrial Machinery/Components
NNBR,NN Inc. Common Stock,Industrials,Industrial Machinery/Components
NNDM,Nano Dimension Ltd. American Depositary Shares,Technology,Electrical Products
NNE,Nano Nuclear Energy Inc. Common Stock,Utilities,Electric Utilities: Central
NNI,Nelnet Inc. Common Stock,Finance,Finance: Consumer Services
NNN,NNN REIT Inc. Common Stock,Real Estate,Real Estate Investment Trusts
NNNN,Anbio Biotechnology Class A Ordinary Shares,Health Care,Biotechnology: In Vitro & In Vivo Diagnostic Substances
NNOX,NANO-X IMAGING LTD Ordinary Shares,Health Care,Medical Electronics
NNVC,NanoViricides Inc. Common Stock,Health Care,Biotechnology: Pharmaceutical Preparations
NNY,Nuveen New York Municipal Value Fund Common Stock,Finance,Investment Managers
NOA,North American Construction Group Ltd. Common Shares (no par),Energy,Oilfield Services/Equipment
NOAH,Noah Holdings Limited American Depositary Shares,Finance,Investment Managers
NOC,Northrop Grumman Corporation Common Stock,Industrials,Industrial Machinery/Components
NODK,NI Holdings Inc. Common Stock,Finance,Property-Casualty Insurers
NOEM,CO2 Energy Transition Corp. Common Stock,,
NOEMR,CO2 Energy Transition Corp. Right,,
NOEMU,CO2 Energy Transition Corp. Unit,,
NOEMW,CO2 Energy Transition Corp. Warrant,,
NOG,Northern Oil and Gas Inc. Common Stock,Energy,Oil & Gas Production
NOK,Nokia Corporation Sponsored American Depositary Shares,Technology,Radio And Television Broadcasting And Communications Equipment
NOMA,NOMADAR Corp. Class A Common Stock,Consumer Discretionary,Services-Misc. Amusement & Recreation
NOMD,Nomad Foods Limited Ordinary Shares,Consumer Staples,Packaged Foods
NOV,NOV Inc. Common Stock,Consumer Discretionary,Oil and Gas Field Machinery
NOVT,Novanta Inc. Common Stock,Miscellaneous,Industrial Machinery/Components
NOVTU,Novanta Inc. Tangible Equity Units,Miscellaneous,Industrial Machinery/Components
NOW,ServiceNow Inc. Common Stock,Technology,Computer Software: Prepackaged Software
NP,Neptune Insurance Holdings Inc. Class A Common Stock,Finance,Specialty Insurers
NPAC,New Providence Acquisition Corp. III Class A Ordinary Shares,Finance,Blank Checks
NPACU,New Providence Acquisition Corp. III Units,Finance,Blank Checks
NPACW,New Providence Acquisition Corp. III Warrants,Finance,Blank Checks
NPB,Northpointe Bancshares Inc. Common Stock,Finance,Major Banks
NPCE,Neuropace Inc. Common Stock,Health Care,Medical/Dental Instruments
NPCT,Nuveen Core Plus Impact Fund Common Shares of Beneficial Interest,Finance,Investment Managers
NPFD,Nuveen Variable Rate Preferred & Income Fund Common Shares,Finance,Trusts Except Educational Religious and Charitable
NPK,National Presto Industries Inc. Common Stock,Industrials,Ordnance And Accessories
NPKI,NPK International Inc. Common Stock,Industrials,Misc Corporate Leasing Services
NPO,Enpro Inc. Common Stock,Industrials,Metal Fabrications
NPT,Texxon Holding Limited Ordinary shares,Consumer Discretionary,Specialty Chemicals
NPV,Nuveen Virginia Quality Municipal Income Fund Common Stock,Finance,Investment Managers
NPWR,NET Power Inc. Class A Common Stock,Energy,Industrial Machinery/Components
NRC,NRC Health Common Stock,Health Care,Biotechnology: Commercial Physical & Biological Resarch
NRDS,NerdWallet Inc. Class A Common Stock,Technology,EDP Services
NRDY,Nerdy Inc. Class A Common Stock,Real Estate,Other Consumer Services
NREF,NexPoint Real Estate Finance Inc. Common Stock,Real Estate,Real Estate Investment Trusts
NRG,NRG Energy Inc. Common Stock,Utilities,Electric Utilities: Central
NRGV,Energy Vault Holdings Inc. Common Stock,Miscellaneous,Industrial Machinery/Components
NRIM,Northrim BanCorp Inc Common Stock,Finance,Savings Institutions
NRIX,Nurix Therapeutics Inc. Common stock,Health Care,Biotechnology: Pharmaceutical Preparations
NRK,Nuveen New York AMT-Free Quality Municipal Income Fund,Finance,Trusts Except Educational Religious and Charitable
NRO,Neuberger Real Estate Securities Income Fund Inc. Common Stock,Finance,Finance/Investors Services
NRP,Natural Resource Partners LP Limited Partnership,Energy,Coal Mining
NRSN,NeuroSense Therapeutics Ltd. Ordinary Shares,Health Care,Biotechnology: Pharmaceutical Preparations
NRSNW,NeuroSense Therapeutics Ltd. Warrant,Health Care,Biotechnology: Pharmaceutical Preparations
NRT,North European Oil Royality Trust Common Stock,Energy,Oil & Gas Production
NRUC,National Rural Utilities Cooperative Finance Corporation 5.500% Subordinated Notes due 2064 (Subordinated Deferrable Interest Notes),Finance,Diversified Financial Services
NRXP,NRX Pharmaceuticals Inc. Common Stock,Health Care,Biotechnology: Pharmaceutical Preparations
NRXS,Neuraxis Inc. Common Stock,Health Care,Biotechnology: Electromedical & Electrotherapeutic Apparatus
NSAI,NorthStrive Acquisition Corp I. Class A Ordinary Shares,,
NSAIR,NorthStrive Acquisition Corp I. Rights,,
NSAIU,NorthStrive Acquisition Corp I. Units,,
NSAIW,NorthStrive Acquisition Corp I. Warrants,,
NSC,Norfolk Southern Corporation Common Stock,Industrials,Railroads
NSIT,Insight Enterprises Inc. Common Stock,Consumer Discretionary,Catalog/Specialty Distribution
NSLR,Neostellar Capital Corp. Common Stock,Finance,Finance: Consumer Services
NSLRL,Neostellar Capital Corp. 6.00% Notes due 2026,Finance,Finance: Consumer Services
NSP,Insperity Inc. Common Stock,Consumer Discretionary,Professional Services
NSPR,InspireMD Inc. Common Stock,Health Care,Medical/Dental Instruments
NSRX,Nasus Pharma Ltd. Ordinary Shares,Health Care,Biotechnology: Pharmaceutical Preparations
NSSC,NAPCO Security Technologies Inc. Common Stock,Telecommunications,Telecommunications Equipment
NSTS,NSTS Bancorp Inc. Common Stock,Finance,Savings Institutions
NSYS,Nortech Systems Incorporated Common Stock,Technology,Industrial Machinery/Components
NTAP,NetApp Inc. Common Stock,Technology,Electronic Components
NTB,Bank of N.T. Butterfield & Son Limited (The) Voting Ordinary Shares,Finance,Commercial Banks
NTCL,NETCLASS TECHNOLOGY INC Class A Ordinary Shares,Technology,Computer Software: Prepackaged Software
NTCT,NetScout Systems Inc. Common Stock,Technology,EDP Services
NTES,NetEase Inc. American Depositary Shares,Technology,Computer Software: Prepackaged Software
NTGR,NETGEAR Inc. Common Stock,Utilities,Telecommunications Equipment
NTHI,NeOnc Technologies Holdings Inc. Common Stock,Health Care,Biotechnology: Pharmaceutical Preparations
NTIC,Northern Technologies International Corporation Common Stock,Industrials,Industrial Specialties
NTIP,Network-1 Technologies Inc. Common Stock,Miscellaneous,Multi-Sector Companies
NTLA,Intellia Therapeutics Inc. Common Stock,Health Care,Biotechnology: In Vitro & In Vivo Diagnostic Substances
NTNX,Nutanix Inc. Class A Common Stock,Technology,Computer Software: Prepackaged Software
NTR,Nutrien Ltd. Common Shares,Industrials,Agricultural Chemicals
NTRA,Natera Inc. Common Stock,Health Care,Medical Specialities
NTRB,Nutriband Inc. Common Stock,Health Care,Industrial Specialties
NTRBW,Nutriband Inc. Warrant,Health Care,Industrial Specialties
NTRP,NextTrip Inc. Common Stock,Consumer Discretionary,Transportation Services
NTRS,Northern Trust Corporation Common Stock,Finance,Major Banks
NTRSO,Northern Trust Corporation Depositary Shares Each Representing a 1/1000th Interest in a Share of Series E Non-Cumulative Perpetual Preferred Stock,Finance,Major Banks
NTSK,Netskope Inc. Class A Common Stock,Technology,Computer Software: Prepackaged Software
NTST,NetSTREIT Corp. Common Stock,Real Estate,Real Estate Investment Trusts
NTWK,NetSol Technologies Inc. Common  Stock,Technology,Computer Software: Prepackaged Software
NTWO,Newbury Street II Acquisition Corp Class A Ordinary Shares,,
NTWOW,Newbury Street II Acquisition Corp Warrant,,
NU,Nu Holdings Ltd. Class A Ordinary Shares,Finance,Finance: Consumer Services
NUAI,New Era Energy & Digital Inc. Common Stock,Energy,Oil & Gas Production
NUAIW,New Era Energy & Digital Inc. Warrants,Energy,Oil & Gas Production
NUCL,Eagle Nuclear Energy Corp. Common stock,Basic Materials,Other Metals and Minerals
NUCLW,Eagle Nuclear Energy Corp. Warrants,Basic Materials,Other Metals and Minerals
NUE,Nucor Corporation Common Stock,Industrials,Steel/Iron Ore
NUR,Nuran Wireless Inc. Common Shares,,
NUS,Nu Skin Enterprises Inc. Common Stock,Health Care,Other Pharmaceuticals
NUTX,Nutex Health Inc. Common Stock,Consumer Discretionary,Business Services
NUV,Nuveen Municipal Value Fund Inc. Common Stock,Finance,Trusts Except Educational Religious and Charitable
NUVB,Nuvation Bio Inc. Class A Common Stock,Health Care,Biotechnology: Pharmaceutical Preparations
NUW,Nuveen AMT-Free Municipal Value Fund,Finance,Investment Managers
NUWE,Nuwellis Inc. Common Stock,Health Care,Biotechnology: Electromedical & Electrotherapeutic Apparatus
NVA,Nova Minerals Corp Common Stock,Basic Materials,Precious Metals
NVAX,Novavax Inc. Common Stock,Health Care,Biotechnology: Biological Products (No Diagnostic Substances)
NVCR,NovoCure Limited Ordinary Shares,Health Care,Medical/Dental Instruments
NVCT,Nuvectis Pharma Inc. Common Stock,Health Care,Biotechnology: Pharmaceutical Preparations
NVDA,NVIDIA Corporation Common Stock,Technology,Semiconductors
NVEC,NVE Corporation Common Stock,Technology,Semiconductors
NVG,Nuveen AMT-Free Municipal Credit Income Fund,Finance,Investment Managers
NVGS,Navigator Holdings Ltd. Ordinary Shares (Marshall Islands),Consumer Discretionary,Marine Transportation
NVMI,Nova Ltd. Ordinary Shares,Technology,Electronic Components
NVNI,Nvni Group Limited Ordinary Shares,Technology,Computer Software: Prepackaged Software
NVNIW,Nvni Group Limited Warrants,Technology,Computer Software: Prepackaged Software
NVNO,enVVeno Medical Corporation Common Stock,Health Care,Medical/Dental Instruments
NVO,Novo Nordisk A/S Common Stock,Health Care,Biotechnology: Pharmaceutical Preparations
NVR,NVR Inc. Common Stock,Consumer Discretionary,Homebuilding
NVRI,Enviri Corporation Common Stock,Miscellaneous,Diversified Commercial Services
NVS,Novartis AG Common Stock,Health Care,Biotechnology: Pharmaceutical Preparations
NVST,Envista Holdings Corporation Common Stock,Health Care,Medical/Dental Instruments
NVT,nVent Electric plc Ordinary Shares,Industrials,Industrial Machinery/Components
NVTS,Navitas Semiconductor Corporation Common Stock,Technology,Semiconductors
NVX,NOVONIX Limited American Depository Shares,Miscellaneous,Industrial Machinery/Components
NWAX,New America Acquisition I Corp. Class A Common Stock,Finance,Blank Checks
NWBI,Northwest Bancshares Inc. Common Stock,Finance,Major Banks
NWE,NorthWestern Energy Group Inc. Common Stock,Utilities,Power Generation
NWFL,Norwood Financial Corp. Common Stock,Finance,Major Banks
NWG,NatWest Group plc American Depositary Shares (each representing two (2) Ordinary Shares),Finance,Commercial Banks
NWGL,CL Workshop Group Limited American Depositary Shares,Basic Materials,Forest Products
NWL,Newell Brands Inc. Common Stock,Industrials,Plastic Products
NWN,Northwest Natural Holding Company Common Stock,Utilities,Oil/Gas Transmission
NWPX,NWPX Infrastructure Inc. Common Stock,Industrials,Steel/Iron Ore
NWS,News Corporation Class B Common Stock,Consumer Discretionary,Newspapers/Magazines
NWSA,News Corporation Class A Common Stock,Consumer Discretionary,Newspapers/Magazines
NWTG,Newton Golf Company Inc. Common Stock,Consumer Discretionary,Recreational Games/Products/Toys
NX,Quanex Building Products Corporation Common Stock,Industrials,Metal Fabrications
NXAT,Nexus Advanced Technologies Inc. Ordinary Shares,Consumer Discretionary,Movies/Entertainment
NXATW,Nexus Advanced Technologies Inc. Warrant,Consumer Discretionary,Movies/Entertainment
NXB,NextBoat Inc. Common Stcok,Industrials,Marine Transportation
NXDR,Nextdoor Holdings Inc. Class A Common Stock,Technology,Computer Software: Programming Data Processing
NXDT,NexPoint Diversified Real Estate Trust Common Stock,Real Estate,Real Estate Investment Trusts
NXE,Nexgen Energy Ltd. Common Shares,Basic Materials,Other Metals and Minerals
NXG,NXG NextGen Infrastructure Income Fund Common Shares of Beneficial Interest,,
NXGL,NexGel Inc Common Stock,Health Care,Medical/Dental Instruments
NXH,Neighborhood Intelligence Inc. Common Stock,Consumer Discretionary,Catalog/Specialty Distribution
NXL,Nexalin Technology Inc. Common Stock,Health Care,Biotechnology: Electromedical & Electrotherapeutic Apparatus
NXP,Nuveen Select Tax Free Income Portfolio Common Stock,Finance,Trusts Except Educational Religious and Charitable
NXPI,NXP Semiconductors N.V. Common Stock,Technology,Semiconductors
NXPL,NextPlat Corp Common Stock,Telecommunications,Telecommunications Equipment
NXRT,NexPoint Residential Trust Inc. Common Stock,Real Estate,Real Estate Investment Trusts
NXST,Nexstar Media Group Inc. Common Stock,Industrials,Broadcasting
NXT,Nextpower Inc. Common Stock,Technology,Semiconductors
NXTC,NextCure Inc. Common Stock,Health Care,Biotechnology: Pharmaceutical Preparations
NXTS,Nexentis Technologies Inc. Common Stock,Industrials,Agricultural Chemicals
NXTT,Next Technology Holding Inc. Ordinary Shares,Technology,EDP Services
NXXT,NextNRG Inc. Common Stock,Consumer Discretionary,Retail-Auto Dealers and Gas Stations
NYAX,Nayax Ltd. Ordinary Shares,Technology,Computer Software: Prepackaged Software
NYC,American Strategic Investment Co. Class A Common Stock,Real Estate,Real Estate Investment Trusts
NYT,New York Times Company (The) Common Stock,Consumer Discretionary,Newspapers/Magazines
NYXH,Nyxoah SA Ordinary Shares,Health Care,Medical/Dental Instruments
NZF,Nuveen Municipal Credit Income Fund,Finance,Finance Companies
O,Realty Income Corporation Common Stock,Real Estate,Real Estate Investment Trusts
OABI,OmniAb Inc. Common Stock,Health Care,Biotechnology: Commercial Physical & Biological Resarch
OACC,Oaktree Acquisition Corp. III Life Sciences Class A Ordinary Share,Finance,Blank Checks
OACCU,Oaktree Acquisition Corp. III Life Sciences Unit,Finance,Blank Checks
OBA,Oxley Bridge Acquisition Limited Class A Ordinary Shares,Finance,Blank Checks
OBAI,Our Bond Inc. Common Stock,Consumer Discretionary,Telecommunications Equipment
OBAWU,Oxley Bridge Acquisition Limited Unit,,
OBDC,Blue Owl Capital Corporation Common Stock,Finance,Diversified Financial Services
OBE,Obsidian Energy Ltd. Common Shares,Energy,Oil & Gas Production
OBIO,Orchestra BioMed Holdings Inc. Ordinary Shares,Health Care,Medicinal Chemicals and Botanical Products
OBK,Origin Bancorp Inc. Common Stock,Finance,Major Banks
OBT,Orange County Bancorp Inc. Common Stock,Finance,Major Banks
OBX,Obsidian Therapeutics Inc. Common Stock,Health Care,Biotechnology: Pharmaceutical Preparations
OC,Owens Corning Inc Common Stock New,Industrials,Industrial Machinery/Components
OCAC,Ocean Capital Acquisition Corporation Ordinary Shares,Finance,Blank Checks
OCC,Optical Cable Corporation Common Stock,Industrials,Telecommunications Equipment
OCCI,OFS Credit Company Inc. Common Stock,Finance,Trusts Except Educational Religious and Charitable
OCCIM,OFS Credit Company Inc. 7.875% Series F Term Preferred Stock,,
OCCIN,OFS Credit Company Inc. 5.25% Series E Term Preferred Stock Due 2026,Finance,Trusts Except Educational Religious and Charitable
OCFC,OceanFirst Financial Corp. Common Stock,Finance,Major Banks
OCG,Oriental Culture Holding LTD Ordinary Shares,Consumer Discretionary,Other Consumer Services
OCGN,Ocugen Inc. Common Stock,Health Care,Biotechnology: Biological Products (No Diagnostic Substances)
OCLT,OceanLight Acquisition Corporation Ordinary Shares,Finance,Blank Checks
OCLTR,OceanLight Acquisition Corporation Rights,Finance,Blank Checks
OCLTU,OceanLight Acquisition Corporation Units,Finance,Blank Checks
OCLTW,OceanLight Acquisition Corporation Warrants,Finance,Blank Checks
OCS,Oculis Holding AG Ordinary shares,Health Care,Biotechnology: Pharmaceutical Preparations
OCSAW,Oculis Holding AG Warrants,Health Care,Biotechnology: Pharmaceutical Preparations
OCSL,Oaktree Specialty Lending Corporation Common Stock,Finance,Finance: Consumer Services
OCTV,Octave Intelligence plc Class B Ordinary Shares,Technology,Computer Software: Prepackaged Software
OCUL,Ocular Therapeutix Inc. Common Stock,Health Care,Biotechnology: Pharmaceutical Preparations
ODC,Oil-Dri Corporation Of America Common Stock,Consumer Discretionary,Miscellaneous manufacturing industries
ODD,ODDITY Tech Ltd. Class A Ordinary Shares,Consumer Discretionary,Package Goods/Cosmetics
ODFL,Old Dominion Freight Line Inc. Common Stock,Industrials,Trucking Freight/Courier Services
ODTX,Odyssey Therapeutics Inc. Common Stock,Health Care,Biotechnology: Biological Products (No Diagnostic Substances)
ODYS,Odysight.ai Inc. Common Stock,Technology,EDP Services
OEC,Orion S.A. Common Shares,Industrials,Major Chemicals
OESX,Orion Energy Systems Inc. Common Stock,Consumer Discretionary,Building Products
OFAL,OFA Group Class A Ordinary Shares,Consumer Discretionary,Military/Government/Technical
OFG,OFG Bancorp Common Stock,Finance,Major Banks
OFIX,Orthofix Medical Inc. Common Stock (DE),Health Care,Medical/Dental Instruments
OFLX,Omega Flex Inc. Common Stock,Industrials,Industrial Specialties
OFRM,Once Upon a Farm PBC Common Stock,Consumer Staples,Packaged Foods
OFS,OFS Capital Corporation Common Stock,Finance,Finance/Investors Services
OFSSH,OFS Capital Corporation 4.95% Notes due 2028,Finance,Finance Companies
OGC,OceanaGold Corporation Common Shares,,
OGE,OGE Energy Corp Common Stock,Utilities,Electric Utilities: Central
OGEN,Oragenics Inc. Common Stock,Health Care,Biotechnology: Pharmaceutical Preparations
OGG,Osisko Gold Group Inc. Common Shares,Basic Materials,Precious Metals
OGI,Organigram Global Inc. Common Shares,Health Care,Biotechnology: Pharmaceutical Preparations
OGN,Organon & Co. Common Stock,Health Care,Biotechnology: Pharmaceutical Preparations
OGS,ONE Gas Inc. Common Stock,Utilities,Oil/Gas Transmission
OHAC,Oceanhawk Acquisition Corp. Class A Ordinary Shares,,
OHACR,Oceanhawk Acquisition Corp. Rights,,
OHACU,Oceanhawk Acquisition Corp. Units,,
OHI,Omega Healthcare Investors Inc. Common Stock,Real Estate,Real Estate Investment Trusts
OI,O-I Glass Inc. Common Stock,Consumer Discretionary,Containers/Packaging
OIA,Invesco Municipal Income Opportunities Trust Common Stock,Finance,Finance Companies
OII,Oceaneering International Inc. Common Stock,Energy,Oilfield Services/Equipment
OIM,OneIM Acquisition Corp. Class A Ordinary Shares,,
OIMAW,OneIM Acquisition Corp. Warrant,,
OIO,OIO Group Ordinary Shares,Utilities,Environmental Services
OIOWW,OIO Group Warrants,Utilities,Environmental Services
OIS,Oil States International Inc. Common Stock,Consumer Discretionary,Oil and Gas Field Machinery
OKE,ONEOK Inc. Common Stock,Utilities,Oil & Gas Production
OKLO,Oklo Inc. Class A common stock,Utilities,Electric Utilities: Central
OKTA,Okta Inc. Class A Common Stock,Technology,Computer Software: Prepackaged Software
OKUR,OnKure Therapeutics Inc. Class A Common Stock,Health Care,Biotechnology: Pharmaceutical Preparations
OKYO,OKYO Pharma Limited Ordinary Shares,Health Care,Biotechnology: Biological Products (No Diagnostic Substances)
OLB,The OLB Group Inc. Common Stock,Consumer Discretionary,Business Services
OLED,Universal Display Corporation Common Stock,Technology,Electrical Products
OLLI,Ollie's Bargain Outlet Holdings Inc. Common Stock,Consumer Discretionary,Department/Specialty Retail Stores
OLMA,Olema Pharmaceuticals Inc. Common Stock,Health Care,Biotechnology: Pharmaceutical Preparations
OLN,Olin Corporation Common Stock,Industrials,Major Chemicals
OLOX,Olenox Industries Inc. Common Stock,Consumer Discretionary,RETAIL: Building Materials
OLP,One Liberty Properties Inc. Common Stock,Real Estate,Real Estate Investment Trusts
OM,Outset Medical Inc. Common Stock,Health Care,Biotechnology: Electromedical & Electrotherapeutic Apparatus
OMAB,Grupo Aeroportuario del Centro Norte S.A.B. de C.V. ADS,Consumer Discretionary,Aerospace
OMC,Omnicom Group Inc. Common Stock,Consumer Discretionary,Advertising
OMCL,Omnicell Inc. Common Stock ($0.001 par value),Technology,Computer Manufacturing
OMDA,Omada Health Inc. Common Stock,Health Care,Medical/Nursing Services
OMER,Omeros Corporation Common Stock,Health Care,Biotechnology: Pharmaceutical Preparations
OMEX,Odyssey Marine Exploration Inc. Common Stock,Consumer Discretionary,Marine Transportation
OMF,OneMain Holdings Inc. Common Stock,Finance,Finance: Consumer Services
OMH,Ohmyhome Limited Class A Ordinary Shares,Finance,Real Estate
OMSE,OMS Energy Technologies Inc. Ordinary Shares,Consumer Discretionary,Oil and Gas Field Machinery
ON,ON Semiconductor Corporation Common Stock,Technology,Semiconductors
ONB,Old National Bancorp Common Stock,Finance,Major Banks
ONBPO,Old National Bancorp Depositary Shares Each Representing a 1/40th Interest in a Share of Series C Preferred Stock,Finance,Major Banks
ONBPP,Old National Bancorp Depositary Shares Each Representing a 1/40th Interest in a Share of Series A Preferred Stock,Finance,Major Banks
ONC,BeOne Medicines Ltd. American Depositary Shares,Health Care,Biotechnology: Pharmaceutical Preparations
ONCH,1RT Acquisition Corp. Class A Ordinary Share,,
ONCHU,1RT Acquisition Corp. Units,,
ONCO,Onconetix Inc. Common Stock,Health Care,Biotechnology: Pharmaceutical Preparations
ONCY,Oncolytics Biotech Inc. Common Stock,Health Care,Biotechnology: Pharmaceutical Preparations
ONDS,Ondas Inc. Common Stock,Technology,Radio And Television Broadcasting And Communications Equipment
ONEG,OneConstruction Group Limited Ordinary Shares,Consumer Discretionary,Homebuilding
ONEW,OneWater Marine Inc. Class A Common Stock,Consumer Discretionary,Auto & Home Supply Stores
ONFO,Onfolio Holdings Inc. Common Stock,Technology,EDP Services
ONFOW,Onfolio Holdings Inc. Warrant,Technology,EDP Services
ONIT,Onity Group Inc. Common Stock,Finance,Finance: Consumer Services
ONL,Orion Properties Inc. Common Stock,Real Estate,Real Estate Investment Trusts
ONMD,OneMedNet Corp Class A Common Stock,Health Care,Biotechnology: Commercial Physical & Biological Resarch
ONMDW,OneMedNet Corp Warrant,Health Care,Biotechnology: Commercial Physical & Biological Resarch
ONON,On Holding AG Class A Ordinary Shares,Consumer Discretionary,Shoe Manufacturing
ONT,Onterris Inc. Common Stock,Consumer Discretionary,Professional Services
ONTO,Onto Innovation Inc. Common Stock,Industrials,Industrial Machinery/Components
OOMA,Ooma Inc. Common Stock,Technology,EDP Services
OPAD,Offerpad Solutions Inc. Class A Common Stock,Finance,Real Estate
OPAL,OPAL Fuels Inc. Class A Common Stock,Utilities,Natural Gas Distribution
OPBK,OP Bancorp Common Stock,Finance,Major Banks
OPCH,Option Care Health Inc. Common Stock,Health Care,Medical/Nursing Services
OPEN,Opendoor Technologies Inc Common Stock,Finance,Real Estate
OPENL,Opendoor Technologies Inc  Series A Warrants each whole warrant exercisable to purchase one share of Common Stock at an exercise price of $13.00 per warrant,Finance,Real Estate
OPENW,Opendoor Technologies Inc  Series K Warrants each whole warrant exercisable to purchase one share of Common Stock at an exercise price of $9.00 per warrant,Finance,Real Estate
OPENZ,Opendoor Technologies Inc  Series Z Warrants each whole warrant exercisable to purchase one share of Common Stock at an exercise price of $17.00 per warrant,Finance,Real Estate
OPFI,OppFi Inc. Class A Common Stock,Finance,Finance: Consumer Services
OPHC,OptimumBank Holdings Inc. Common Stock,Finance,Major Banks
OPI,Office Properties Income Trust Common shares of beneficial interest,Finance,Real Estate
OPK,OPKO Health Inc. Common Stock,Health Care,Biotechnology: Pharmaceutical Preparations
OPLN,OPENLANE Inc. Common Stock,Consumer Discretionary,Retail-Auto Dealers and Gas Stations
OPP,RiverNorth/DoubleLine Strategic Opportunity Fund Inc. Common Stock,Finance,Finance/Investors Services
OPRA,Opera Limited American Depositary Shares,Technology,Computer Software: Prepackaged Software
OPRT,Oportun Financial Corporation Common Stock,Finance,Finance: Consumer Services
OPRX,OptimizeRx Corporation Common Stock,Consumer Discretionary,Business Services
OPTH,Optimi Health Corp. Common Shares,Health Care,Biotechnology: Pharmaceutical Preparations
OPTT,Ocean Power Technologies Inc. Common Stock,Utilities,Electric Utilities: Central
OPTU,Optimum Communications Inc. Class A common stock,Telecommunications,Cable & Other Pay Television Services
OPTX,Syntec Optics Holdings Inc. Class A Common Stock,Technology,Electronic Components
OPTXW,Syntec Optics Holdings Inc. Warrant,Technology,Electronic Components
OPXS,Optex Systems Holdings Inc. Common Stock,Technology,Electronic Components
OPY,Oppenheimer Holdings Inc. Class A Common Stock (DE),Finance,Investment Bankers/Brokers/Service
OR,OR Royalties Inc. Common Shares,Basic Materials,Precious Metals
ORA,Ormat Technologies Inc. Common Stock,Utilities,Electric Utilities: Central
ORBS,Eightco Holdings Inc. Common Stock,Finance,Finance Companies
ORC,Orchid Island Capital Inc. Common Stock,Real Estate,Real Estate Investment Trusts
ORCL,Oracle Corporation Common Stock,Technology,Computer Software: Prepackaged Software
ORGO,Organogenesis Holdings Inc. Class A Common Stock,Health Care,Biotechnology: Pharmaceutical Preparations
ORI,Old Republic International Corporation Common Stock,Finance,Property-Casualty Insurers
ORIC,Oric Pharmaceuticals Inc. Common Stock,Health Care,Biotechnology: Pharmaceutical Preparations
ORIO,Orion Digital Corp. Common Shares,Finance,Finance: Consumer Services
ORIQ,Origin Investment Corp I Ordinary Shares,,
ORKA,Oruka Therapeutics Inc. Common Stock,Health Care,Biotechnology: In Vitro & In Vivo Diagnostic Substances
ORKT,Orangekloud Technology Inc. Class A Ordinary Shares,Technology,Computer Software: Prepackaged Software
ORLY,O'Reilly Automotive Inc. Common Stock,Consumer Discretionary,Auto & Home Supply Stores
ORMP,Oramed Pharmaceuticals Inc. Common Stock,Health Care,Biotechnology: Pharmaceutical Preparations
ORN,Orion Group Holdings Inc. Common,Industrials,Military/Government/Technical
ORRF,Orrstown Financial Services Inc. Common Stock,Finance,Major Banks
OSBC,Old Second Bancorp Inc. Common Stock,Finance,Major Banks
OSCR,Oscar Health Inc. Class A Common Stock,Health Care,Medical Specialities
OSG,Octave Specialty Group Inc. Common Stock,Finance,Property-Casualty Insurers
OSIS,OSI Systems Inc. Common Stock (DE),Technology,Semiconductors
OSK,Oshkosh Corporation (Holding Company)Common Stock,Industrials,Auto Manufacturing
OSPN,OneSpan Inc. Common Stock,Technology,EDP Services
OSPR,Osprey Acquisition Corp. III Class A Ordinary Shares,Finance,Blank Checks
OSPRU,Osprey Acquisition Corp. III Units,Finance,Blank Checks
OSPRW,Osprey Acquisition Corp. III Warrants,Finance,Blank Checks
OSS,One Stop Systems Inc. Common Stock,Technology,Computer Manufacturing
OSTX,OS Therapies Incorporated Common Stock,Health Care,Biotechnology: Pharmaceutical Preparations
OSUR,OraSure Technologies Inc. Common Stock,Health Care,Medical/Dental Instruments
OSW,OneSpaWorld Holdings Limited Common Shares,Consumer Discretionary,Hotels/Resorts
OTAI,Starlink AI Acquisition Corporation Ordinary Shares,,
OTEX,Open Text Corporation Common Shares,Technology,EDP Services
OTF,Blue Owl Technology Finance Corp. Common Stock,,
OTGA,OTG Acquisition Corp. I Class A Ordinary Share,Finance,Blank Checks
OTGAW,OTG Acquisition Corp. I Warrants,Finance,Blank Checks
OTIS,Otis Worldwide Corporation Common Stock,Technology,Consumer Electronics/Appliances
OTLK,Outlook Therapeutics Inc. Common Stock,Health Care,Biotechnology: Biological Products (No Diagnostic Substances)
OTLY,Oatly Group AB American Depositary Shares,Consumer Staples,Packaged Foods
OTTR,Otter Tail Corporation Common Stock,Utilities,Electric Utilities: Central
OUST,Ouster Inc. Common Stock,Industrials,Industrial Machinery/Components
OUT,OUTFRONT Media Inc. Common Stock,Real Estate,Real Estate Investment Trusts
OVBC,Ohio Valley Banc Corp. Common Stock,Finance,Major Banks
OVID,Ovid Therapeutics Inc. Common Stock,Health Care,Biotechnology: Pharmaceutical Preparations
OVLY,Oak Valley Bancorp (CA) Common Stock,Finance,Major Banks
OVV,Ovintiv Inc. (DE),Energy,Oil & Gas Production
OWL,Blue Owl Capital Inc. Class A Common Stock,Finance,Investment Managers
OWLS,OBOOK Holdings Inc. Class A Common Shares,Technology,Computer Software: Prepackaged Software
OWLT,Owlet Inc. Class A Common Stock,Industrials,Industrial Machinery/Components
OXBR,Oxbridge Re Holdings Limited Ordinary Shares,Finance,Property-Casualty Insurers
OXBRW,Oxbridge Re Holdings Limited Warrant expiring 3/26/2029,Finance,Property-Casualty Insurers
OXLC,Oxford Lane Capital Corp. Common Stock,Finance,Investment Managers
OXLCG,Oxford Lane Capital Corp. 7.95% Notes due 2032,Finance,Investment Managers
OXLCI,Oxford Lane Capital Corp. 8.75% Notes due 2030,,
OXLCL,Oxford Lane Capital Corp. 6.75% Notes due 2031,Finance,Finance Companies
OXLCM,Oxford Lane Capital Corp. Preferred Stock Shares 8.25% Series 2031,Finance,Investment Managers
OXLCN,Oxford Lane Capital Corp. 7.125% Series 2029 Term Preferred Stock,Finance,Investment Managers
OXLCO,Oxford Lane Capital Corp. Preferred Stock Shares 6.00% Series 2029,Finance,Investment Managers
OXLCZ,Oxford Lane Capital Corp. 5.00% Notes due 2027,Finance,Finance Companies
OXM,Oxford Industries Inc. Common Stock,Industrials,Garments and Clothing
OXSQ,Oxford Square Capital Corp. Common Stock,Finance,Blank Checks
OXSQG,Oxford Square Capital Corp. 5.50% Notes due 2028,Consumer Discretionary,Other Consumer Services
OXSQH,Oxford Square Capital Corp. 7.75% Notes due 2030,Finance,Blank Checks
OXY,Occidental Petroleum Corporation Common Stock,Energy,Oil & Gas Production
OYSE,Oyster Enterprises II Acquisition Corp Class A Ordinary Shares,Finance,Blank Checks
OYSER,Oyster Enterprises II Acquisition Corp Rights,Finance,Blank Checks
OZ,Belpointe PREP LLC Class A Units,Finance,Real Estate
OZK,Bank OZK Common Stock,Finance,Major Banks
OZKAP,Bank OZK 4.625% Series A Non-Cumulative Perpetual Preferred Stock,Finance,Major Banks
P,Everpure Inc. Class A common stock,Technology,Electronic Components
PAA,Plains All American Pipeline L.P. Common Units representing Limited Partner Interests,Energy,Natural Gas Distribution
PAAC,Proem Acquisition Corp I Ordinary Shares,Finance,Investment Managers
PAACW,Proem Acquisition Corp I Warrants,Finance,Investment Managers
PAAI,Paradium.AI Inc. Common Stock,Technology,EDP Services
PAAS,Pan American Silver Corp. Common Stock,Basic Materials,Precious Metals
PAC,Grupo Aeroportuario Del Pacifico S.A. B. de C.V. Grupo Aeroportuario Del Pacifico S.A. de C.V. (each representing 10 Series B shares),Consumer Discretionary,Aerospace
PACB,Pacific Biosciences of California Inc. Common Stock,Industrials,Biotechnology: Laboratory Analytical Instruments
PACH,Pioneer Acquisition I Corp Class A Ordinary Shares,,
PACHU,Pioneer Acquisition I Corp Units,,
PACHW,Pioneer Acquisition I Corp Warrants,,
PACK,Ranpak Holdings Corp Class A Common Stock,Consumer Discretionary,Containers/Packaging
PACS,PACS Group Inc. Common Stock,Health Care,Hospital/Nursing Management
PAG,Penske Automotive Group Inc. Common Stock,Consumer Discretionary,Retail-Auto Dealers and Gas Stations
PAGP,Plains GP Holdings L.P. Class A Units representing Limited Partner Interests,Energy,Natural Gas Distribution
PAGS,PagSeguro Digital Ltd. Class A Common Shares,Technology,EDP Services
PAHC,Phibro Animal Health Corporation Class A Common Stock,Health Care,Biotechnology: Pharmaceutical Preparations
PAI,Western Asset Investment Grade Income Fund Inc.,Finance,Trusts Except Educational Religious and Charitable
PAII,Pyrophyte Acquisition Corp. II Class A Ordinary Shares,,
PAL,Proficient Auto Logistics Inc. Common Stock,Consumer Discretionary,Transportation Services
PALI,Palisade Bio Inc. Common Stock,Health Care,Biotechnology: Biological Products (No Diagnostic Substances)
PALO,Paloma Acquisition Corp I Class A Ordinary Shares,Finance,Blank Checks
PALOU,Paloma Acquisition Corp I Units,Finance,Blank Checks
PAM,Pampa Energia S.A.,Utilities,Electric Utilities: Central
PAMT,PAMT CORP Common Stock,Industrials,Trucking Freight/Courier Services
PANL,Pangaea Logistics Solutions Ltd. Common Shares,Consumer Discretionary,Marine Transportation
PANW,Palo Alto Networks Inc. Common Stock,Technology,Computer peripheral equipment
PAPL,Pineapple Financial Inc. Common Stock,Finance,Finance: Consumer Services
PAR,PAR Technology Corporation Common Stock,Miscellaneous,Office Equipment/Supplies/Services
PARA,Banzai International Inc. Class A Common Stock,Industrials,Broadcasting
PARAW,Banzai International Inc. Warrant,Technology,Computer Software: Prepackaged Software
PARK,Park Dental Partners Inc. Common Stock,Health Care,Misc Health and Biotechnology Services
PARR,Par Pacific Holdings Inc.  Common Stock,Energy,Oil & Gas Production
PASG,Passage Bio Inc. Common Stock,Health Care,Biotechnology: Biological Products (No Diagnostic Substances)
PASW,Ping An Biomedical Co. Ltd. Class A Ordinary Shares,Consumer Discretionary,Apparel
PATH,UiPath Inc. Class A Common Stock,Technology,Computer Software: Prepackaged Software
PATK,Patrick Industries Inc. Common Stock,Consumer Discretionary,Auto Parts:O.E.M.
PAVM,PAVmed Inc. Common Stock,Health Care,Medical/Dental Instruments
PAVS,Paranovus Entertainment Technology Ltd. Class A Ordinary Shares,Technology,EDP Services
PAX,Patria Investments Limited Class A Common Shares,Finance,Investment Managers
PAXS,PIMCO Access Income Fund Common Shares of Beneficial Interest,Finance,Investment Managers
PAY,Paymentus Holdings Inc. Class A Common Stock,Consumer Discretionary,Business Services
PAYC,Paycom Software Inc. Common Stock,Technology,Computer Software: Prepackaged Software
PAYO,Payoneer Global Inc. Common Stock,Consumer Discretionary,Business Services
PAYP,PayPay Corporation American Depository Shares,Consumer Discretionary,Business Services
PAYS,Paysign Inc. Common Stock,Technology,EDP Services
PAYX,Paychex Inc. Common Stock,Industrials,Diversified Commercial Services
PB,Prosperity Bancshares Inc. Common Stock,Finance,Major Banks
PBA,Pembina Pipeline Corp. Ordinary Shares (Canada),Energy,Oil & Gas Production
PBAM,Private Bancorp of America Inc. Common Stock,Finance,Major Banks
PBF,PBF Energy Inc. Class A Common Stock,Energy,Integrated oil Companies
PBFS,Pioneer Bancorp Inc. Common Stock,Finance,Banks
PBH,Prestige Consumer Healthcare Inc. Common Stock,Health Care,Biotechnology: Pharmaceutical Preparations
PBHC,Pathfinder Bancorp Inc. Common Stock (MD),Finance,Major Banks
PBI,Pitney Bowes Inc. Common Stock,Miscellaneous,Office Equipment/Supplies/Services
PBK,PowerBank Corporation Common Stock,Utilities,Power Generation
PBLS,Parabilis Medicines Inc. Common Stock,Health Care,Biotechnology: Pharmaceutical Preparations
PBM,Psyence Biomedical Ltd. Common Shares,Health Care,Biotechnology: Pharmaceutical Preparations
PBMWW,Psyence Biomedical Ltd. Warrant,Health Care,Biotechnology: Pharmaceutical Preparations
PBR,Petroleo Brasileiro S.A. Petrobras ADS,Energy,Oil & Gas Production
PBT,Permian Basin Royalty Trust Common Stock,Energy,Oil & Gas Production
PBYI,Puma Biotechnology Inc Common Stock,Health Care,Biotechnology: Pharmaceutical Preparations
PCAP,ProCap Acquisition Corp Class A Ordinary Shares,Finance,Blank Checks
PCAPU,ProCap Acquisition Corp Unit,,
PCAPW,ProCap Acquisition Corp Warrant,Finance,Blank Checks
PCAR,PACCAR Inc. Common Stock,Industrials,Auto Manufacturing
PCB,PCB Bancorp Common Stock,Finance,Major Banks
PCF,High Income Securities Fund Common Stock,Finance,Trusts Except Educational Religious and Charitable
PCG,Pacific Gas & Electric Co. Common Stock,Utilities,Power Generation
PCLA,PicoCELA Inc. American Depositary Shares,Consumer Discretionary,Building Products
PCM,PCM Fund Inc. Common Stock,Finance,Trusts Except Educational Religious and Charitable
PCN,Pimco Corporate & Income Strategy Fund Common Stock,Finance,Investment Managers
PCOR,Procore Technologies Inc. Common Stock,Technology,Computer Software: Prepackaged Software
PCQ,PIMCO California Municipal Income Fund Common Stock,Finance,Investment Managers
PCRX,Pacira BioSciences Inc. Common Stock,Health Care,Biotechnology: Pharmaceutical Preparations
PCSA,Processa Pharmaceuticals Inc. Common Stock,Health Care,Biotechnology: Pharmaceutical Preparations
PCT,PureCycle Technologies Inc. Common stock,Industrials,Major Chemicals
PCTTU,PureCycle Technologies Inc. Unit,Industrials,Major Chemicals
PCTTW,PureCycle Technologies Inc. Warrant,Industrials,Major Chemicals
PCTY,Paylocity Holding Corporation Common Stock,Technology,Computer Software: Prepackaged Software
PCVX,Vaxcyte Inc. Common Stock,Health Care,Biotechnology: Biological Products (No Diagnostic Substances)
PCYO,Pure Cycle Corporation Common Stock,Utilities,Water Supply
PD,PagerDuty Inc. Common Stock,Technology,Computer Software: Prepackaged Software
PDC,Perpetuals.com Ltd American Depositary Shares,Technology,EDP Services
PDCC,Pearl Diver Credit Company Inc. Common Stock,,
PDD,PDD Holdings Inc. American Depositary Shares,Consumer Discretionary,Business Services
PDEX,Pro-Dex Inc. Common Stock,Health Care,Medical/Dental Instruments
PDFS,PDF Solutions Inc. Common Stock,Technology,Computer Software: Prepackaged Software
PDI,PIMCO Dynamic Income Fund Common Stock,Finance,Trusts Except Educational Religious and Charitable
PDLB,Ponce Financial Group Inc. Common Stock,Finance,Savings Institutions
PDM,Piedmont Realty Trust Inc. Class A Common Stock,Real Estate,Building operators
PDO,PIMCO Dynamic Income Opportunities Fund Common Shares of Beneficial Interest,Finance,Trusts Except Educational Religious and Charitable
PDPA,Pearl Diver Credit Company Inc. 8.00% Series A Preferred Stock Due 2029,,
PDS,Precision Drilling Corporation Common Stock,Energy,Oil & Gas Production
PDSB,PDS Biotechnology Corporation Common Stock,Health Care,Biotechnology: Pharmaceutical Preparations
PDT,John Hancock Premium Dividend Fund,Finance,Finance Companies
PDX,PIMCO Dynamic Income Strategy Fund Common Shares of Beneficial Interest,Finance,Finance/Investors Services
PDYN,Palladyne AI Corp. Common Stock,Technology,Computer Software: Prepackaged Software
PDYNW,Palladyne AI Corp Warrants,Technology,Computer Software: Prepackaged Software
PEB,Pebblebrook Hotel Trust Common Shares of Beneficial Interest,Real Estate,Real Estate Investment Trusts
PEBK,Peoples Bancorp of North Carolina Inc. Common Stock,Finance,Major Banks
PEBO,Peoples Bancorp Inc. Common Stock,Finance,Major Banks
PECE,Peace Acquisition Corp Ordinary Shares,Finance,Blank Checks
PECER,Peace Acquisition Corp Right,Finance,Blank Checks
PECEU,Peace Acquisition Corp Units,Finance,Blank Checks
PECO,Phillips Edison & Company Inc. Common Stock,Real Estate,Real Estate Investment Trusts
PED,Pedevco Corp. Common Stock,Energy,Oil & Gas Production
PEG,Public Service Enterprise Group Incorporated Common Stock,Utilities,Power Generation
PEGA,Pegasystems Inc. Common Stock,Technology,EDP Services
PEN,Penumbra Inc. Common Stock,Health Care,Medical/Dental Instruments
PENG,Penguin Solutions Inc. Common Stock,Technology,Semiconductors
PENN,PENN Entertainment Inc. Common Stock,Consumer Discretionary,Hotels/Resorts
PEO,Adams Natural Resources Fund Inc. Common Stock,Finance,Finance/Investors Services
PEP,PepsiCo Inc. Common Stock,Consumer Staples,Beverages (Production/Distribution)
PEPG,PepGen Inc. Common Stock,Health Care,Biotechnology: Pharmaceutical Preparations
PERF,Perfect Corp. Class A Ordinary Share,Technology,Computer Software: Prepackaged Software
PERI,Perion Network Ltd. Ordinary Shares,Technology,EDP Services
PESI,Perma-Fix Environmental Services Inc. Common Stock,Industrials,Environmental Services
PETS,PetMed Express Inc. Common Stock,Consumer Staples,Retail-Drug Stores and Proprietary Stores
PETZ,TDH Holdings Inc. Common Shares,Finance,Real Estate
PEW,GrabAGun Digital Holdings Inc. Common Stock,Consumer Discretionary,Other Specialty Stores
PFAI,Pinnacle Food Group Limited Class A Common Shares,Consumer Staples,Farming/Seeds/Milling
PFBC,Preferred Bank Common Stock,Finance,Major Banks
PFD,Flaherty & Crumrine Preferred and Income Fund Incorporated,Finance,Investment Managers
PFE,Pfizer Inc. Common Stock,Health Care,Biotechnology: Pharmaceutical Preparations
PFG,Principal Financial Group Inc Common Stock,Finance,Accident &Health Insurance
PFGC,Performance Food Group Company Common Stock,Consumer Discretionary,Food Distributors
PFH,Prudential Financial Inc. 4.125% Junior Subordinated Notes due 2060,Finance,Life Insurance
PFIS,Peoples Financial Services Corp. Common Stock,Finance,Major Banks
PFL,PIMCO Income Strategy Fund Shares of Beneficial Interest,Finance,Finance Companies
PFLA,PennantPark Floating Rate Capital Ltd. 7.375% Notes Due 2031,Finance,Finance: Consumer Services
PFLT,PennantPark Floating Rate Capital Ltd. Common Stock,Finance,Finance: Consumer Services
PFN,PIMCO Income Strategy Fund II,Finance,Finance/Investors Services
PFO,Flaherty & Crumrine Preferred and Income Opportunity Fund Incorporated,Finance,Finance Companies
PFS,Provident Financial Services Inc Common Stock,Finance,Savings Institutions
PFSA,Profusa Inc. Common Stock,Health Care,Medical/Dental Instruments
PFSI,PennyMac Financial Services Inc. Common Stock,Finance,Finance: Consumer Services
PFX,PhenixFIN Corporation Common Stock,Finance,Finance: Consumer Services
PFXNZ,PhenixFIN Corporation  5.25% Notes due 2028,Finance,Finance: Consumer Services
PG,Procter & Gamble Company (The) Common Stock,Consumer Discretionary,Package Goods/Cosmetics
PGAC,Pantages Capital Acquisition Corporation Class A Ordinary Shares,,
PGC,Peapack-Gladstone Financial Corporation Common Stock,Finance,Commercial Banks
PGEN,Precigen Inc. Common Stock,Health Care,Biotechnology: Pharmaceutical Preparations
PGNY,Progyny Inc. Common Stock,Health Care,Misc Health and Biotechnology Services
PGP,Pimco Global StocksPlus & Income Fund Common Shares of Beneficial Interest,Finance,Finance Companies
PGR,Progressive Corporation (The) Common Stock,Finance,Property-Casualty Insurers
PGY,Pagaya Technologies Ltd. Class A Ordinary Shares,Finance,Finance: Consumer Services
PGYWW,Pagaya Technologies Ltd. Warrants,Finance,Finance: Consumer Services
PGZ,Principal Real Estate Income Fund Common Shares of Beneficial Interest,Finance,Investment Managers
PH,Parker-Hannifin Corporation Common Stock,Industrials,Metal Fabrications
PHAR,Pharming Group N.V. ADS each representing 10 ordinary shares,Health Care,Biotechnology: Pharmaceutical Preparations
PHAT,Phathom Pharmaceuticals Inc. Common Stock,Health Care,Biotechnology: Pharmaceutical Preparations
PHG,Koninklijke Philips N.V. NY Registry Shares,Health Care,Medical Electronics
PHI,PLDT Inc. Sponsored ADR,Telecommunications,Telecommunications Equipment
PHIN,PHINIA Inc. Common Stock,Consumer Discretionary,Auto Parts:O.E.M.
PHIO,Phio Pharmaceuticals Corp. Common Stock,Health Care,Biotechnology: Pharmaceutical Preparations
PHK,Pimco High Income Fund,Finance,Finance/Investors Services
PHM,PulteGroup Inc. Common Stock,Consumer Discretionary,Homebuilding
PHOE,Phoenix Asia Holdings Limited Ordinary Shares,Consumer Discretionary,Engineering & Construction
PHOS,First Phosphate Corp. American Depositary Shares,Industrials,Mining & Quarrying of Nonmetallic Minerals (No Fuels)
PHR,Phreesia Inc. Common Stock,Consumer Discretionary,Business Services
PHUN,Phunware Inc. Common Stock,Technology,EDP Services
PHVS,Pharvaris N.V. Ordinary Shares,Health Care,Biotechnology: Pharmaceutical Preparations
PI,Impinj Inc. Common Stock,Technology,Industrial Machinery/Components
PICS,PicS N.V. Class A Common Shares,Finance,Finance: Consumer Services
PII,Polaris Inc. Common Stock,Consumer Discretionary,Industrial Specialties
PIII,P3 Health Partners Inc. Class A Common Stock,Health Care,Medical/Nursing Services
PIIIW,P3 Health Partners Inc. Warrant,Health Care,Medical/Nursing Services
PIM,Franklin Master Intermediate Income Trust Shares of Beneficial Interest,Finance,Finance Companies
PINE,Alpine Income Property Trust Inc. Common Stock,Real Estate,Real Estate Investment Trusts
PINS,Pinterest Inc. Class A Common Stock,Technology,Computer Software: Programming Data Processing
PIPR,Piper Sandler Companies Common Stock,Finance,Investment Bankers/Brokers/Service
PJT,PJT Partners Inc. Class A Common Stock,Finance,Investment Managers
PK,Park Hotels & Resorts Inc. Common Stock,Consumer Discretionary,Hotels/Resorts
PKBK,Parke Bancorp Inc. Common Stock,Finance,Major Banks
PKE,Park Aerospace Corp. Common Stock,Industrials,Military/Government/Technical
PKG,Packaging Corporation of America Common Stock,Consumer Discretionary,Containers/Packaging
PKOH,Park-Ohio Holdings Corp. Common Stock,Industrials,Industrial Specialties
PKX,POSCO HOLDINGS INC. American Depositary Shares (Each representing 1/4th of a share of Common Stock),Industrials,Steel/Iron Ore
PL,Planet Labs PBC Class A Common Stock,Technology,Radio And Television Broadcasting And Communications Equipment
PLAB,Photronics Inc. Common Stock,Technology,Semiconductors
PLAG,Planet Green Holdings Corp. Common Stock,Consumer Staples,Packaged Foods
PLAY,Dave & Buster's Entertainment Inc. Common Stock,Consumer Discretionary,Restaurants
PLBC,Plumas Bancorp,Finance,Finance Companies
PLBL,Polibeli Group Ltd Class A Ordinary Shares,Consumer Discretionary,Consumer Electronics/Appliances
PLBY,Playboy Inc. Common Stock,Consumer Discretionary,Other Specialty Stores
PLCE,Children's Place Inc. (The) Common Stock,Consumer Discretionary,Clothing/Shoe/Accessory Stores
PLCI,Pelican Acquisition II Corporation Ordinary Shares,Finance,Blank Checks
PLCIU,Pelican Acquisition II Corporation Unit,Finance,Blank Checks
PLD,Prologis Inc. Common Stock,Real Estate,Real Estate Investment Trusts
PLG,Platinum Group Metals Ltd. Ordinary Shares (Canada),Basic Materials,Precious Metals
PLGO,Pelagos Insurance Capital Limited Common Shares,Finance,Property-Casualty Insurers
PLMK,Plum Acquisition Corp. IV Class A Ordinary Shares,,
PLMKU,Plum Acquisition Corp. IV Unit,,
PLMKW,Plum Acquisition Corp. IV Warrants,,
PLMR,Palomar Holdings Inc. Common stock,Finance,Property-Casualty Insurers
PLNT,Planet Fitness Inc. Common Stock,Consumer Discretionary,Hotels/Resorts
PLOW,Douglas Dynamics Inc. Common Stock,Industrials,Construction/Ag Equipment/Trucks
PLPC,Preformed Line Products Company Common Stock,Industrials,Water Sewer Pipeline Comm & Power Line Construction
PLRX,Pliant Therapeutics Inc. Common Stock,Health Care,Biotechnology: Pharmaceutical Preparations
PLRZ,Polyrizon Ltd. Ordinary Shares,Health Care,Medical/Dental Instruments
PLSE,Pulse Biosciences Inc Common Stock (DE),Health Care,Medical/Dental Instruments
PLSM,Pulsenmore Ltd. Ordinary Shares,Health Care,Medical/Dental Instruments
PLTK,Playtika Holding Corp. Common Stock,Technology,EDP Services
PLTR,Palantir Technologies Inc. Class A Common Stock,Technology,Computer Software: Prepackaged Software
PLUG,Plug Power Inc. Common Stock,Energy,Industrial Machinery/Components
PLUN,Plutonian Acquisition Corp II Class A Ordinary Shares,,
PLUR,Pluri Inc. Common Stock,Health Care,Biotechnology: Biological Products (No Diagnostic Substances)
PLUS,ePlus inc. Common Stock,Technology,Retail: Computer Software & Peripheral Equipment
PLUT,Plutus Financial Group Limited Ordinary Shares,Finance,Investment Bankers/Brokers/Service
PLX,Protalix BioTherapeutics Inc. (DE) Common Stock,Health Care,Biotechnology: Biological Products (No Diagnostic Substances)
PLXS,Plexus Corp. Common Stock,Technology,Electrical Products
PLYX,Polaryx Therapeutics Inc. Common Stock,Health Care,Biotechnology: Pharmaceutical Preparations
PM,Philip Morris International Inc Common Stock,Health Care,Medicinal Chemicals and Botanical Products
PMA,PMA Graphene Technology Group Inc. Class A Ordinary Shares,Consumer Discretionary,Engineering & Construction
PMAX,Powell Max Limited Class A Ordinary Shares,Consumer Discretionary,Other Consumer Services
PMCB,PharmaCyte  Biotech Inc. Common Stock,Health Care,Biotechnology: Biological Products (No Diagnostic Substances)
PMEC,Primech Holdings Ltd. Ordinary Shares,Consumer Discretionary,Diversified Commercial Services
PMI,Picard Medical Inc. Common Stock,Health Care,Medical/Dental Instruments
PML,Pimco Municipal Income Fund II Common Shares of Beneficial Interest,Finance,Investment Managers
PMM,Franklin Managed Municipal Income Trust Shares of Beneficial Interest,Finance,Investment Managers
PMN,ProMIS Neurosciences Inc. Common Shares (ON),Health Care,Biotechnology: Pharmaceutical Preparations
PMO,Franklin Municipal Opportunities Trust Shares of Beneficial Interest,Finance,Finance Companies
PMT,PennyMac Mortgage Investment Trust Common Shares of Beneficial Interest,Real Estate,Real Estate Investment Trusts
PMTR,Perimeter Acquisition Corp. I Class A Ordinary Shares,Finance,Blank Checks
PMTRU,Perimeter Acquisition Corp. I Unit,Finance,Blank Checks
PMTRW,Perimeter Acquisition Corp. I Warrant,Finance,Blank Checks
PMTS,CPI Card Group Inc. Common Stock,Consumer Discretionary,Publishing
PMTU,PennyMac Mortgage Investment Trust 8.50% Senior Notes due 2028,Real Estate,Real Estate Investment Trusts
PMTV,PennyMac Mortgage Investment Trust 9.00% Senior Notes due 2030,Real Estate,Real Estate Investment Trusts
PMTW,PennyMac Mortgage Investment Trust 9.00% Senior Notes due 2030,Real Estate,Real Estate Investment Trusts
PMVP,PMV Pharmaceuticals Inc. Common Stock,Health Care,Biotechnology: Pharmaceutical Preparations
PN,PN Smart Energy Limited Class A Ordinary Shares,Technology,Retail: Computer Software & Peripheral Equipment
PNBK,Patriot National Bancorp Inc. Common Stock,Finance,Major Banks
PNC,PNC Financial Services Group Inc. (The) Common Stock,Finance,Major Banks
PNFP,Pinnacle Financial Partners Inc. Common stock,Finance,Major Banks
PNI,Pimco New York Municipal Income Fund II Common Shares of Beneficial Interest,Finance,Trusts Except Educational Religious and Charitable
PNNT,PennantPark Investment Corporation Common Stock,Finance,Finance: Consumer Services
PNR,Pentair plc. Ordinary Share,Industrials,Industrial Machinery/Components
PNRG,PrimeEnergy Resources Corporation Common Stock,Energy,Oil & Gas Production
PNTG,The Pennant Group Inc. Common Stock,Health Care,Medical/Nursing Services
PNW,Pinnacle West Capital Corporation Common Stock,Utilities,Electric Utilities: Central
POAS,Phaos Technology Holdings (Cayman) Limited Class A Ordinary Shares,Industrials,Industrial Machinery/Components
POCI,Precision Optics Corporation Inc. Common stock,Health Care,Biotechnology: Electromedical & Electrotherapeutic Apparatus
PODC,PodcastOne Inc. Common Stock,Technology,Computer Software: Programming Data Processing
PODD,Insulet Corporation Common Stock,Health Care,Medical/Dental Instruments
POET,POET Technologies Inc. Common Shares,Technology,Semiconductors
POLA,Polar Power Inc. Common Stock,Miscellaneous,Industrial Machinery/Components
POLE,Andretti Acquisition Corp. II Class A Ordinary Shares,,
POLEW,Andretti Acquisition Corp. II Warrant,,
POM,POMDOCTOR LIMITED American Depositary Shares,Consumer Discretionary,Other Specialty Stores
PONO,Pono Capital Four Inc. Class A Ordinary Shares,Finance,Blank Checks
PONOR,Pono Capital Four Inc. Rights,Finance,Blank Checks
PONY,Pony AI Inc. American Depositary Shares,Technology,EDP Services
POOL,Pool Corporation Common Stock,Consumer Discretionary,Industrial Specialties
POR,Portland General Electric Co Common Stock,Utilities,Electric Utilities: Central
POST,Post Holdings Inc. Common Stock,Consumer Staples,Packaged Foods
POWI,Power Integrations Inc. Common Stock,Technology,Semiconductors
POWL,Powell Industries Inc. Common Stock,Energy,Electrical Products
POWW,Outdoor Holding Company Common Stock,Industrials,Ordnance And Accessories
POWWP,Outdoor Holding Company 8.75% Series A Cumulative Redeemable Perpetual Preferred Stock,Industrials,Ordnance And Accessories
PPBT,Purple Biotech Ltd. American Depositary Shares,Health Care,Biotechnology: Pharmaceutical Preparations
PPC,Pilgrim's Pride Corporation Common Stock,Consumer Staples,Meat/Poultry/Fish
PPCB,Propanc Biopharma Inc. Common Stock,Health Care,Biotechnology: Pharmaceutical Preparations
PPG,PPG Industries Inc. Common Stock,Consumer Discretionary,Paints/Coatings
PPHC,Public Policy Holding Company Inc. Common Stock,,
PPIH,Perma-Pipe International Holdings Inc. Common Stock,Industrials,Pollution Control Equipment
PPL,PPL Corporation Common Stock,Utilities,Electric Utilities: Central
PPLC,PPL Corporation Corporate Units,Utilities,Electric Utilities: Central
PPLI,People Incorporated Common Stock,Technology,Computer Software: Programming Data Processing
PPSI,Pioneer Power Solutions Inc. Common Stock,Miscellaneous,Industrial Machinery/Components
PPT,Franklin Premier Income Trust Shares of Beneficial Interest,Finance,Finance Companies
PPTA,Perpetua Resources Corp. Common Shares,Basic Materials,Precious Metals
PR,Permian Resources Corporation Class A Common Stock,Energy,Oil & Gas Production
PRAA,PRA Group Inc. Common Stock,Finance,Finance Companies
PRAX,Praxis Precision Medicines Inc. Common Stock,Health Care,Biotechnology: Pharmaceutical Preparations
PRCH,Porch Group Inc. Common Stock,Technology,Computer Software: Prepackaged Software
PRCT,PROCEPT BioRobotics Corporation Common Stock,Health Care,Medical/Dental Instruments
PRDO,Perdoceo Education Corporation Common Stock,Real Estate,Other Consumer Services
PRE,Prenetics Global Limited Class A Ordinary Share,Finance,Blank Checks
PRENW,Prenetics Global Limited Warrant,Finance,Blank Checks
PRFX,PRF Technologies Ltd. Ordinary Shares,Health Care,Biotechnology: Pharmaceutical Preparations
PRG,PROG Holdings Inc. Common Stock,Consumer Discretionary,Diversified Commercial Services
PRGO,Perrigo Company plc Ordinary Shares,Health Care,Biotechnology: Pharmaceutical Preparations
PRGS,Progress Software Corporation Common Stock (DE),Technology,Computer Software: Prepackaged Software
PRH,Prudential Financial Inc. 5.950% Junior Subordinated Notes due 2062,Finance,Life Insurance
PRHI,Presurance Holdings Inc. Common Stock,Finance,Property-Casualty Insurers
PRHIZ,Presurance Holdings Inc. 9.75% Senior Unsecured Notes due 2028,Finance,Property-Casualty Insurers
PRI,Primerica Inc. Common Stock,Finance,Life Insurance
PRIM,Primoris Services Corporation Common Stock,Industrials,Water Sewer Pipeline Comm & Power Line Construction
PRK,Park National Corporation Common Stock,Finance,Major Banks
PRKS,United Parks & Resorts Inc. Common Stock,Consumer Discretionary,Services-Misc. Amusement & Recreation
PRLB,Proto Labs Inc. Common stock,Industrials,Metal Fabrications
PRLD,Prelude Therapeutics Incorporated Common Stock,Health Care,Biotechnology: Pharmaceutical Preparations
PRM,Perimeter Solutions SA Common Stock,Industrials,Major Chemicals
PRMB,Primo Brands Corporation Class A Common Stock,Consumer Staples,Beverages (Production/Distribution)
PRME,Prime Medicine Inc. Common Stock,Health Care,Biotechnology: Biological Products (No Diagnostic Substances)
PROF,Profound Medical Corp. Common Stock,Health Care,Medical/Dental Instruments
PROK,ProKidney Corp. Class A Ordinary Shares,Health Care,Biotechnology: Biological Products (No Diagnostic Substances)
PROP,Prairie Operating Co. Common Stock,Energy,Oil & Gas Production
PROV,Provident Financial Holdings Inc. Common Stock,Finance,Savings Institutions
PRPL,Purple Innovation Inc. Common Stock,Consumer Discretionary,Home Furnishings
PRPO,Precipio Inc.  Common Stock,Industrials,Biotechnology: Laboratory Analytical Instruments
PRQR,ProQR Therapeutics N.V. Ordinary Shares,Health Care,Biotechnology: Pharmaceutical Preparations
PRS,Prudential Financial Inc. 5.625% Junior Subordinated Notes due 2058,Finance,Life Insurance
PRSO,Peraso Inc. Common Stock,Technology,Semiconductors
PRSU,Pursuit Attractions and Hospitality Inc. Common Stock,Consumer Discretionary,Services-Misc. Amusement & Recreation
PRT,PermRock Royalty Trust Units of Beneficial Interest,Energy,Oil & Gas Production
PRTA,Prothena Corporation plc Ordinary Shares,Health Care,Biotechnology: Pharmaceutical Preparations
PRTH,Priority Technology Holdings Inc. Common Stock,Consumer Discretionary,Business Services
PRTS,CarParts.com Inc. Common Stock,Consumer Discretionary,Auto & Home Supply Stores
PRU,Prudential Financial Inc. Common Stock,Finance,Life Insurance
PRVA,Privia Health Group Inc. Common Stock,Health Care,Medical/Nursing Services
PRZO,ParaZero Technologies Ltd. Ordinary Shares,Industrials,Military/Government/Technical
PS,Pershing Square Inc. Common Stock,Finance,Investment Managers
PSA,Public Storage Common Stock,Real Estate,Real Estate Investment Trusts
PSBD,Palmer Square Capital BDC Inc. Common Stock,,
PSEC,Prospect Capital Corporation Common Stock,Finance,Finance: Consumer Services
PSF,Cohen & Steers Select Preferred and Income Fund Inc. Common Stock,Finance,Investment Managers
PSFE,Paysafe Limited Common Shares,Consumer Discretionary,Business Services
PSHG,Performance Shipping Inc. Common Shares,Consumer Discretionary,Marine Transportation
PSIG,PS International Group Ltd. Ordinary Shares,Industrials,Integrated Freight & Logistics
PSIX,Power Solutions International Inc. Common Stock,Industrials,Industrial Machinery/Components
PSKY,Paramount Skydance Corporation Class B Common Stock,Industrials,Broadcasting
PSMT,PriceSmart Inc. Common Stock,Consumer Discretionary,Department/Specialty Retail Stores
PSN,Parsons Corporation Common Stock,Technology,EDP Services
PSNL,Personalis Inc. Common Stock,Health Care,Medical Specialities
PSNY,Polestar Automotive Holding UK PLC Class A ADS,Industrials,Auto Manufacturing
PSNYW,Polestar Automotive Holding UK PLC Class C-1 ADS (ADW),Industrials,Auto Manufacturing
PSO,Pearson Plc Common Stock,Consumer Discretionary,Books
PSQH,PSQ Holdings Inc. Class A Common Stock,Consumer Discretionary,Advertising
PSQL,Pasqal Holding SA Ordinary Share,Technology,EDP Services
PSQLW,Pasqal Holding SA Warrant,Technology,EDP Services
PSTL,Postal Realty Trust Inc. Class A Common Stock,Real Estate,Real Estate Investment Trusts
PSUS,Pershing Square USA Ltd. Common Shares,,
PSX,Phillips 66 Common Stock,Energy,Integrated oil Companies
PTA,Cohen & Steers Tax-Advantaged Preferred Securities and Income Fund Common Shares of Beneficial Interest,Finance,Trusts Except Educational Religious and Charitable
PTAC,Patriot Acquisition Corp. Class A Ordinary Shares,Finance,Blank Checks
PTACU,Patriot Acquisition Corp. Units,,
PTC,PTC Inc. Common Stock,Technology,Computer Software: Prepackaged Software
PTCT,PTC Therapeutics Inc. Common Stock,Health Care,Biotechnology: Pharmaceutical Preparations
PTEN,Patterson-UTI Energy Inc. Common Stock,Energy,Oil & Gas Production
PTGX,Protagonist Therapeutics Inc. Common Stock,Health Care,Biotechnology: Pharmaceutical Preparations
PTHS,Pelthos Therapeutics Inc. Common Stock,Health Care,Biotechnology: Biological Products (No Diagnostic Substances)
PTLE,PTL LTD Class A Ordinary Shares,Energy,Oil Refining/Marketing
PTLO,Portillo's Inc. Class A Common Stock,Consumer Discretionary,Restaurants
PTN,Palatin Technologies Inc. Common Stock,Health Care,Biotechnology: Pharmaceutical Preparations
PTON,Peloton Interactive Inc. Class A Common Stock,Consumer Discretionary,Recreational Games/Products/Toys
PTOR,Praetorian Acquisition Corp. Class A Ordinary Shares,Finance,Blank Checks
PTORU,Praetorian Acquisition Corp. Units,,
PTORW,Praetorian Acquisition Corp. Warrant,Finance,Blank Checks
PTRN,Pattern Group Inc. Series A Common Stock,Consumer Discretionary,Catalog/Specialty Distribution
PTY,Pimco Corporate & Income Opportunity Fund,Finance,Investment Managers
PUBM,PubMatic Inc. Class A Common Stock,Technology,Computer Software: Programming Data Processing
PUK,Prudential Public Limited Company Common Stock,Finance,Life Insurance
PULM,Pulmatrix Inc. Common Stock,Health Care,Biotechnology: Pharmaceutical Preparations
PUMP,ProPetro Holding Corp. Common Stock,Energy,Oilfield Services/Equipment
PURR,Hyperliquid Strategies Inc Common Stock,Finance,Finance: Consumer Services
PUSA,Aureus Greenway Holdings Inc. Common Stock,Consumer Discretionary,Hotels/Resorts
PVH,PVH Corp. Common Stock,Industrials,Garments and Clothing
PVL,Permianville Royalty Trust Units of Beneficial Interest,Energy,Oil & Gas Production
PVLA,Palvella Therapeutics Inc. Common Stock,Health Care,Biotechnology: Pharmaceutical Preparations
PW,Power REIT (MD) Common Stock,Real Estate,Real Estate Investment Trusts
PWCM,PowerCompute Inc. Common Stock,Finance,Finance: Consumer Services
PWP,Perella Weinberg Partners Class A Common Stock,Finance,Finance: Consumer Services
PWR,Quanta Services Inc. Common Stock,Industrials,Engineering & Construction
PWRL,Powerlaw Corp. Common Stock,,
PXED,Phoenix Education Partners Inc. Common Stock,Real Estate,Other Consumer Services
PXLW,Pixelworks Inc.  Common Stock,Technology,Computer Software: Prepackaged Software
PXS,Pyxis Tankers Inc. Common Stock,Consumer Discretionary,Marine Transportation
PYPD,PolyPid Ltd. Ordinary Shares,Health Care,Medical/Dental Instruments
PYPL,PayPal Holdings Inc. Common Stock,Industrials,Diversified Commercial Services
PYT,PPlus Tr GSC-2 Tr Ctf Fltg Rate,Finance,Finance: Consumer Services
PYXS,Pyxis Oncology Inc. Common Stock,Health Care,Biotechnology: Pharmaceutical Preparations
PZG,Paramount Gold Nevada Corp. Common Stock,Basic Materials,Metal Mining
PZZA,Papa John's International Inc. Common Stock,Consumer Discretionary,Restaurants
Q,Qnity Electronics Inc. Common Stock,Technology,Semiconductors
QADR,QDRO Acquisition Corp. Class A Ordinary Shares,Finance,Blank Checks
QBTS,D-Wave Quantum Inc. Common Stock,Technology,EDP Services
QCLS,Q/C Technologies Inc. Common Stock,Health Care,Biotechnology: In Vitro & In Vivo Diagnostic Substances
QCOM,QUALCOMM Incorporated Common Stock,Technology,Radio And Television Broadcasting And Communications Equipment
QCRH,QCR Holdings Inc. Common Stock,Finance,Major Banks
QDEL,QuidelOrtho Corporation Common Stock,Health Care,Biotechnology: In Vitro & In Vivo Diagnostic Substances
QETA,Quetta Acquisition Corporation Common Stock,Finance,Blank Checks
QFIN,Qfin Holdings Inc. American Depositary Shares,Finance,Finance: Consumer Services
QGEN,Qiagen N.V. Common Shares,Health Care,Biotechnology: Biological Products (No Diagnostic Substances)
QH,Quhuo Limited Class A Ordinary Shares,Consumer Discretionary,Business Services
QLEP,Quantum Leap Acquisition Corp Class A Ordinary Shares,,
QLYS,Qualys Inc. Common Stock,Technology,Computer Software: Prepackaged Software
QMCO,Quantum Corporation Common Stock,Technology,Electronic Components
QMLS,QumulusAI Inc. Common Stock,Technology,EDP Services
QNBC,QNB Corp. Common Stock,Finance,Major Banks
QNC,Quantum eMotion Corp. Common Shares,,
QNCX,Quince Therapeutics Inc. Common Stock,Health Care,Biotechnology: Biological Products (No Diagnostic Substances)
QNME,Quanome Technologies Inc. Common Stock,Industrials,Integrated Freight & Logistics
QNRX,Quoin Pharmaceuticals Ltd. American Depositary Shares,Health Care,Biotechnology: Pharmaceutical Preparations
QNST,QuinStreet Inc. Common Stock,Consumer Discretionary,Business Services
QNT,Quantinuum Inc. Class A Common Stock,Technology,EDP Services
QNTM,Quantum Biopharma Ltd. Class B Subordinate Voting Shares,Health Care,Biotechnology: Pharmaceutical Preparations
QQQX,Nuveen NASDAQ 100 Dynamic Overwrite Fund Shares of Beneficial Interest,Finance,Finance Companies
QRED,QuasarEdge Acquisition Corporation Ordinary Shares,Finance,Blank Checks
QRHC,Quest Resource Holding Corporation Common Stock,Utilities,Environmental Services
QRVO,Qorvo Inc. Common Stock,Technology,Semiconductors
QS,QuantumScape Corporation Class A Common Stock,Miscellaneous,Industrial Machinery/Components
QSEA,Quartzsea Acquisition Corporation Ordinary Shares,Finance,Blank Checks
QSEAR,Quartzsea Acquisition Corporation Rights,Finance,Blank Checks
QSI,Quantum-Si Incorporated Class A Common Stock,Industrials,Industrial Machinery/Components
QSR,Restaurant Brands International Inc. Common Shares,Consumer Discretionary,Restaurants
QTEX,QTREX Quantum Ltd. Ordinary Shares,Health Care,Medical/Dental Instruments
QTI,QT Imaging Holdings Inc. Common Stock,Health Care,Biotechnology: Electromedical & Electrotherapeutic Apparatus
QTRX,Quanterix Corporation Common Stock,Industrials,Biotechnology: Laboratory Analytical Instruments
QTTB,Q32 Bio Inc. Common Stock,Health Care,Biotechnology: Pharmaceutical Preparations
QTWO,Q2 Holdings Inc. Common Stock,Technology,Computer Software: Prepackaged Software
QUAD,Quad Graphics Inc Class A Common Stock,Consumer Discretionary,Publishing
QUBT,Quantum Computing Inc. Common Stock,Technology,Computer Software: Prepackaged Software
QUCY,Quantum Cyber N.V. Ordinary Shares,Health Care,Biotechnology: Pharmaceutical Preparations
QUIK,QuickLogic Corporation Common Stock,Technology,Semiconductors
QUMS,Quantumsphere Acquisition Corp. Ordinary Shares,,
QUMSR,Quantumsphere Acquisition Corp. Rights,,
QURE,uniQure N.V. Ordinary Shares,Health Care,Biotechnology: Pharmaceutical Preparations
QVCG,QVC Group Inc. Common Stock,Consumer Discretionary,Catalog/Specialty Distribution
QXL,Quantum X Labs Inc. Common Stock,Technology,Computer Software: Prepackaged Software
QXO,QXO Inc. Common Stock,Consumer Discretionary,RETAIL: Building Materials
R,Ryder System Inc. Common Stock,Consumer Discretionary,Rental/Leasing Companies
RA,Brookfield Real Assets Income Fund Inc. Common Stock,Finance,Investment Managers
RAC,Rithm Acquisition Corp. Class A Ordinary Shares,,
RACC,Research Alliance Corporation III Class A Ordinary Shares,Finance,Blank Checks
RACD,Research Alliance Corporation IV Class A Ordinary Shares,,
RACE,Ferrari N.V. Common Shares,Industrials,Auto Manufacturing
RADX,Radiopharm Theranostics Limited American Depositary Shares,Health Care,Biotechnology: Pharmaceutical Preparations
RAIL,FreightCar America Inc. Common Stock,Industrials,Railroads
RAIN,Rain Enhancement Technologies Holdco Inc. Class A Common Stock,Technology,Industrial Machinery/Components
RAL,Ralliant Corporation Common Stock,Industrials,Industrial Machinery/Components
RAMP,LiveRamp Holdings Inc. Common Stock,Technology,EDP Services
RAND,Rand Capital Corporation Common Stock,Finance,Finance: Consumer Services
RANG,Range Capital Acquisition Corp. Ordinary Shares,Finance,Blank Checks
RANGR,Range Capital Acquisition Corp. Rights,Finance,Blank Checks
RANI,Rani Therapeutics Holdings Inc. Class A Common Stock,Health Care,Biotechnology: Pharmaceutical Preparations
RAPP,Rapport Therapeutics Inc. Common Stock,Health Care,Biotechnology: Pharmaceutical Preparations
RARE,Ultragenyx Pharmaceutical Inc. Common Stock,Health Care,Biotechnology: Pharmaceutical Preparations
RAVE,Rave Restaurant Group Inc. Common Stock,Consumer Discretionary,Food Distributors
RAYA,Erayak Power Solution Group Inc. Class A Ordinary Shares,Consumer Discretionary,Metal Fabrications
RBA,RB Global Inc. Common Stock,Consumer Discretionary,Business Services
RBB,RBB Bancorp Common Stock,Finance,Major Banks
RBBN,Ribbon Communications Inc. Common Stock,Technology,EDP Services
RBC,RBC Bearings Incorporated Common Stock,Industrials,Metal Fabrications
RBCAA,Republic Bancorp Inc. Class A Common Stock,Finance,Major Banks
RBKB,Rhinebeck Bancorp Inc. Common Stock,Finance,Banks
RBLX,Roblox Corporation Class A Common Stock,Technology,Computer Software: Prepackaged Software
RBNE,Robin Energy Ltd. Common Stock,Consumer Discretionary,Marine Transportation
RBRK,Rubrik Inc. Class A Common Stock,Technology,Computer Software: Prepackaged Software
RC,Ready Capital Corporation Common Stock,Real Estate,Real Estate Investment Trusts
RCAT,Red Cat Holdings Inc. Common Stock,Technology,Computer Software: Prepackaged Software
RCBC,River City Bank Common stock,Finance,Major Banks
RCD,Ready Capital Corporation 9.00% Senior Notes due 2029,Real Estate,Real Estate Investment Trusts
RCEL,Avita Medical Inc. Common Stock,Health Care,Medical/Dental Instruments
RCG,RENN Fund Inc Common Stock,Finance,Investment Managers
RCI,Rogers Communication Inc. Common Stock,Telecommunications,Cable & Other Pay Television Services
RCKT,Rocket Pharmaceuticals Inc. Common Stock,Health Care,Biotechnology: Pharmaceutical Preparations
RCKY,Rocky Brands Inc. Common Stock,Consumer Discretionary,Shoe Manufacturing
RCL,Royal Caribbean Cruises Ltd. Common Stock,Consumer Discretionary,Marine Transportation
RCMT,RCM Technologies Inc. Common Stock,Consumer Discretionary,Professional Services
RCON,Recon Technology Ltd. Class A Ordinary Shares,Energy,Oilfield Services/Equipment
RCS,PIMCO Strategic Income Fund Inc.,Finance,Investment Managers
RCT,RedCloud Holdings plc Ordinary Shares,Technology,Computer Software: Programming Data Processing
RCUS,Arcus Biosciences Inc. Common Stock,Health Care,Biotechnology: Pharmaceutical Preparations
RDAC,Rising Dragon Acquisition Corp. Ordinary Shares,,
RDACR,Rising Dragon Acquisition Corp. Rights,Finance,Blank Checks
RDAG,Republic Digital Acquisition Company Class A Ordinary Shares,Finance,Blank Checks
RDAGW,Republic Digital Acquisition Company Warrants,Finance,Blank Checks
RDCM,Radcom Ltd. Ordinary Shares,Technology,Computer peripheral equipment
RDDT,Reddit Inc. Class A Common Stock,Technology,EDP Services
RDGT,Ridgetech Inc. Ordinary Shares,Consumer Staples,Retail-Drug Stores and Proprietary Stores
RDHL,Redhill Biopharma Ltd. American Depositary Shares,Health Care,Biotechnology: Pharmaceutical Preparations
RDI,Reading International Inc Class A Common Stock,Consumer Discretionary,Movies/Entertainment
RDIB,Reading International Inc Class B Common Stock,Consumer Discretionary,Movies/Entertainment
RDN,Radian Group Inc. Common Stock,Finance,Property-Casualty Insurers
RDNT,RadNet Inc. Common Stock,Health Care,Medical Specialities
RDNW,RideNow Group Inc. Class B Common Stock,Technology,EDP Services
RDVT,Red Violet Inc. Common Stock,Technology,Computer Software: Prepackaged Software
RDW,Redwire Corporation Common Stock,Industrials,Military/Government/Technical
RDWR,Radware Ltd. Ordinary Shares,Consumer Discretionary,Business Services
RDY,Dr. Reddy's Laboratories Ltd Common Stock,Health Care,Biotechnology: Pharmaceutical Preparations
RDZN,Roadzen Inc. Ordinary Shares,Finance,Specialty Insurers
RDZNW,Roadzen Inc. Warrants,Finance,Specialty Insurers
REA,Rare Earths Americas Inc. Common Stock,Basic Materials,Metal Mining
REAL,The RealReal Inc. Common Stock,Consumer Discretionary,Other Specialty Stores
REAX,Real REMAX Group Inc. Common Stock,Finance,Real Estate
REBN,Reborn Coffee Inc. Common Stock,Consumer Discretionary,Restaurants
RECT,Rectitude Holdings Ltd Ordinary Shares,Consumer Discretionary,Industrial Machinery/Components
REED,Reed's Inc. Common Stock,Consumer Staples,Beverages (Production/Distribution)
REF,Reformation Inc. Common Stock,Consumer Discretionary,Apparel
REFI,Chicago Atlantic Real Estate Finance Inc. Common Stock,Real Estate,Real Estate Investment Trusts
REFR,Research Frontiers Incorporated Common Stock,Miscellaneous,Multi-Sector Companies
REG,Regency Centers Corporation Common Stock,Real Estate,Real Estate Investment Trusts
REGCO,Regency Centers Corporation 5.875% Series B Cumulative Redeemable Preferred Stock,Real Estate,Real Estate Investment Trusts
REGCP,Regency Centers Corporation 6.25% Series A Cumulative Redeemable Preferred Stock,Real Estate,Real Estate Investment Trusts
REGN,Regeneron Pharmaceuticals Inc. Common Stock,Health Care,Biotechnology: Pharmaceutical Preparations
REI,Ring Energy Inc. Common Stock,Energy,Oil & Gas Production
REKR,Rekor Systems Inc. Common Stock,Telecommunications,Telecommunications Equipment
RELL,Richardson Electronics Ltd. Common Stock,Technology,Electronic Components
RELX,RELX PLC PLC American Depositary Shares (Each representing One Ordinary Share),Consumer Discretionary,Business Services
RELY,Remitly Global Inc. Common Stock,Consumer Discretionary,Business Services
RENT,Rent the Runway Inc. Class A Common Stock,Consumer Discretionary,Other Specialty Stores
RENX,RenX Enterprises Corp. Common Stock,Utilities,Environmental Services
REPL,Replimune Group Inc. Common Stock,Health Care,Biotechnology: Biological Products (No Diagnostic Substances)
REPX,Riley Exploration Permian Inc. Common Stock,Energy,Oil & Gas Production
RERE,ATRenew Inc. American Depositary Shares (every three of which representing two Class A ordinary shares),Consumer Discretionary,Other Specialty Stores
RES,RPC Inc. Common Stock,Energy,Oilfield Services/Equipment
RETO,ReTo Eco-Solutions Inc. Class A Shares,Industrials,Industrial Machinery/Components
REVB,Revelation Biosciences Inc. Common Stock,Health Care,Biotechnology: Pharmaceutical Preparations
REX,REX American Resources Corporation,Industrials,Major Chemicals
REXR,Rexford Industrial Realty Inc. Common Stock,Real Estate,Real Estate Investment Trusts
REYN,Reynolds Consumer Products Inc. Common Stock,Consumer Discretionary,Containers/Packaging
REZI,Resideo Technologies Inc. Common Stock,Industrials,Wholesale Distributors
RF,Regions Financial Corporation Common Stock,Finance,Major Banks
RFAI,RF Acquisition Corp II Ordinary Shares,,
RFAIR,RF Acquisition Corp II Right,Technology,Computer Software: Prepackaged Software
RFAIU,RF Acquisition Corp II Unit,Technology,Computer Software: Prepackaged Software
RFAM,RF Acquisition Corp III Ordinary Shares,,
RFAMU,RF Acquisition Corp III Units,Finance,Blank Checks
RFI,Cohen & Steers Total Return Realty Fund Inc. Common Stock,Finance,Investment Managers
RFIL,RF Industries Ltd. Common Stock,Technology,Electrical Products
RFL,Rafael Holdings Inc. Class B Common Stock,Health Care,Biotechnology: Pharmaceutical Preparations
RFM,RiverNorth Flexible Municipal Income Fund Inc. Common Stock,Finance,Finance/Investors Services
RFMZ,RiverNorth Flexible Municipal Income Fund II Inc. Common Stock,Finance,Finance/Investors Services
RGA,Reinsurance Group of America Incorporated Common Stock,Finance,Life Insurance
RGC,Regencell Bioscience Holdings Limited Ordinary Shares,Health Care,Medicinal Chemicals and Botanical Products
RGCO,RGC Resources Inc. Common Stock,Utilities,Oil & Gas Production
RGEN,Repligen Corporation Common Stock,Health Care,Biotechnology: Biological Products (No Diagnostic Substances)
RGLD,Royal Gold Inc. Common Stock,Industrials,Precious Metals
RGNT,Regentis Biomaterials Ltd. Ordinary Shares,Health Care,Industrial Specialties
RGNX,REGENXBIO Inc. Common Stock,Health Care,Biotechnology: Biological Products (No Diagnostic Substances)
RGP,Resources Connection Inc. Common Stock,Consumer Discretionary,Business Services
RGR,Sturm Ruger & Company Inc. Common Stock,Industrials,Ordnance And Accessories
RGS,Regis Corporation Common Stock,Consumer Discretionary,Other Consumer Services
RGT,Royce Global Trust Inc. Common Stock,Finance,Trusts Except Educational Religious and Charitable
RGTI,Rigetti Computing Inc. Common Stock,Technology,EDP Services
RGTIW,Rigetti Computing Inc. Warrants,Technology,EDP Services
RH,RH Common Stock,Consumer Discretionary,Other Specialty Stores
RHI,Robert Half Inc. Common Stock,Consumer Discretionary,Professional Services
RHLD,Resolute Holdings Management Common Stock,Finance,Finance: Consumer Services
RHP,Ryman Hospitality Properties Inc. (REIT),Real Estate,Real Estate Investment Trusts
RIBB,Ribbon Acquisition Corp Class A Ordinary Shares,,
RIBBU,Ribbon Acquisition Corp Unit,,
RICK,RCI Hospitality Holdings Inc. Common Stock,Consumer Discretionary,Restaurants
RIG,Transocean Ltd (Switzerland) Common Stock,Energy,Oil & Gas Production
RIGL,Rigel Pharmaceuticals Inc. Common Stock,Health Care,Biotechnology: Pharmaceutical Preparations
RILY,BRC Group Holdings Inc. Common Stock,Finance,Investment Managers
RILYG,BRC Group Holdings Inc. 5.00% Senior Notes due 2026,Finance,Investment Managers
RILYL,BRC Group Holdings Inc. Depositary Shares each representing 1/1000th in a share of 7.375% Series B Cumulative Perpetual Preferred Stock par value $0.0001,Finance,Investment Managers
RILYN,BRC Group Holdings Inc. 6.50% Senior Notes Due 2026,Finance,Investment Managers
RILYP,BRC Group Holdings Inc. Depositary Shares each representing a 1/1000th fractional interest in a share of Series A Cumulative Perpetual Preferred Stock,Finance,Investment Managers
RILYT,BRC Group Holdings Inc. 6.00% Senior Notes Due 2028,Finance,Investment Managers
RILYZ,BRC Group Holdings Inc. 5.25% Senior Notes due 2028,Finance,Investment Managers
RIME,Algorhythm Holdings Inc. Common Stock,Technology,EDP Services
RIO,Rio Tinto Plc Common Stock,Basic Materials,Metal Mining
RIOT,Riot Platforms Inc. Common Stock,Finance,Finance: Consumer Services
RITM,Rithm Capital Corp. Common Stock,Real Estate,Real Estate Investment Trusts
RIV,RiverNorth Opportunities Fund Inc. Common Stock,Finance,Finance Companies
RIVN,Rivian Automotive Inc. Class A Common Stock,Industrials,Auto Manufacturing
RJET,Republic Airways Holdings Inc. Common Stock,Consumer Discretionary,Air Freight/Delivery Services
RJF,Raymond James Financial Inc. Common Stock,Finance,Investment Bankers/Brokers/Service
RKDA,Arcadia Biosciences Inc. Common Stock,Energy,Oil & Gas Production
RKLB,Rocket Lab Corporation Common Stock,Industrials,Military/Government/Technical
RKT,Rocket Companies Inc. Class A Common Stock,Finance,Finance: Consumer Services
RKTO,Rocket One Inc. Common Stock,Health Care,Biotechnology: Pharmaceutical Preparations
RL,Ralph Lauren Corporation Common Stock,Industrials,Garments and Clothing
RLAY,Relay Therapeutics Inc. Common Stock,Health Care,Biotechnology: Biological Products (No Diagnostic Substances)
RLGT,Radiant Logistics Inc. Common Stock,Industrials,Integrated Freight & Logistics
RLI,RLI Corp. Common Stock (DE),Finance,Property-Casualty Insurers
RLJ,RLJ Lodging Trust Common Shares of Beneficial Interest $0.01 par value,Real Estate,Real Estate Investment Trusts
RLMD,Relmada Therapeutics Inc. Common Stock,Health Care,Biotechnology: Pharmaceutical Preparations
RLTY,Cohen & Steers Real Estate Opportunities and Income Fund Common Shares of Beneficial Interest,Finance,Investment Managers
RLX,RLX Technology Inc. American Depositary Shares each representing the right to receive one (1) Class A ordinary share,Health Care,Medicinal Chemicals and Botanical Products
RLYB,Rallybio Corporation Common Stock,Health Care,Biotechnology: Pharmaceutical Preparations
RM,Regional Management Corp. Common Stock,Finance,Finance: Consumer Services
RMBI,Richmond Mutual Bancorporation Inc. Common Stock,Finance,Major Banks
RMBS,Rambus Inc. Common Stock,Technology,Semiconductors
RMCF,Rocky Mountain Chocolate Factory Inc. Common Stock,Consumer Staples,Specialty Foods
RMCO,Royalty Management Holding Corporation Class A Common Stock,Miscellaneous,Multi-Sector Companies
RMCOW,Royalty Management Holding Corporation Warrant,Miscellaneous,Multi-Sector Companies
RMD,ResMed Inc. Common Stock,Health Care,Medical/Dental Instruments
RMI,RiverNorth Opportunistic Municipal Income Fund Inc. Common Stock,Finance,Finance/Investors Services
RMIX,Suncrete Inc. Class A Common Stock,Industrials,Building Materials
RML,Resolution Minerals Ltd American Depositary Shares,,
RMM,RiverNorth Managed Duration Municipal Income Fund Inc. Common Stock,Finance,Trusts Except Educational Religious and Charitable
RMMZ,RiverNorth Managed Duration Municipal Income Fund II Inc. Common Stock,Finance,Investment Managers
RMNI,Rimini Street Inc. (DE) Common Stock,Consumer Discretionary,Business Services
RMR,The RMR Group Inc. Class A Common Stock,Consumer Discretionary,Professional Services
RMSG,Real Messenger Corporation Ordinary Shares,Technology,Computer Software: Programming Data Processing
RMSGW,Real Messenger Corporation Warrants,Technology,Computer Software: Programming Data Processing
RMT,Royce Micro-Cap Trust Inc. Common Stock,Finance,Investment Managers
RMTI,Rockwell Medical Inc. Common Stock,Health Care,Biotechnology: Pharmaceutical Preparations
RNA,Atrium Therapeutics Inc. Common Stock,Health Care,Biotechnology: Pharmaceutical Preparations
RNAC,Cartesian Therapeutics Inc. Common Stock,Health Care,Biotechnology: Pharmaceutical Preparations
RNAQ,Rainier Acquisition Corporation Class A Ordinary Shares,Finance,Blank Checks
RNAQU,Rainier Acquisition Corporation Units,Finance,Blank Checks
RNAQW,Rainier Acquisition Corporation Warrants,Finance,Blank Checks
RNAZ,TransCode Therapeutics Inc. Common Stock,Health Care,Biotechnology: Pharmaceutical Preparations
RNG,RingCentral Inc. Class A Common Stock,Technology,EDP Services
RNGR,Ranger Energy Services Inc. Class A Common Stock,Energy,Oilfield Services/Equipment
RNGT,Range Capital Acquisition Corp II Class A Ordinary Shares,Finance,Blank Checks
RNGTW,Range Capital Acquisition Corp II Warrants,Finance,Blank Checks
RNP,Cohen & Steers REIT and Preferred and Income Fund Inc. Common Shares,Finance,Investment Managers
RNR,RenaissanceRe Holdings Ltd. Common Stock,Finance,Property-Casualty Insurers
RNR.F,RenaissanceRe Holdings Ltd. Depositary Shares each Representing a 1/1000th Interest in a 5.750% Series F Preference Share,,
RNST,Renasant Corporation Common Stock,Finance,Major Banks
RNTX,Rein Therapeutics Inc. Common Stock,Health Care,Biotechnology: Pharmaceutical Preparations
RNW,ReNew Energy Global plc Class A Ordinary Shares,Utilities,Electric Utilities: Central
RNXT,RenovoRx Inc. Common Stock,Health Care,Biotechnology: Pharmaceutical Preparations
ROAD,Construction Partners Inc. Class A Common Stock,Industrials,Military/Government/Technical
ROC,Rank One Computing Corporation Common stock,Technology,Computer Software: Prepackaged Software
ROCK,Gibraltar Industries Inc. Common Stock,Industrials,Steel/Iron Ore
ROG,Rogers Corporation Common Stock,Industrials,Major Chemicals
ROIV,Roivant Sciences Ltd. Common Shares,Health Care,Biotechnology: Pharmaceutical Preparations
ROK,Rockwell Automation Inc. Common Stock,Industrials,Industrial Machinery/Components
ROKU,Roku Inc. Class A Common Stock,Telecommunications,Cable & Other Pay Television Services
ROL,Rollins Inc. Common Stock,Consumer Discretionary,Diversified Commercial Services
ROLR,High Roller Technologies Inc. Common Stock,Consumer Discretionary,Services-Misc. Amusement & Recreation
ROMA,Roma Green Finance Limited Class A Ordinary Shares,Consumer Discretionary,Professional Services
ROOT,Root Inc. Class A Common Stock,Finance,Property-Casualty Insurers
ROP,Roper Technologies Inc. Common Stock,Industrials,Industrial Machinery/Components
ROST,Ross Stores Inc. Common Stock,Consumer Discretionary,Clothing/Shoe/Accessory Stores
RPAY,Repay Holdings Corporation Class A Common Stock,Consumer Discretionary,Business Services
RPC,Ridgepost Capital Inc. Class A Common Stock,Finance,Investment Managers
RPD,Rapid7 Inc. Common Stock,Technology,Computer Software: Prepackaged Software
RPGL,Republic Power Group Limited Class A Ordinary Shares,Technology,Computer Software: Prepackaged Software
RPID,Rapid Micro Biosystems Inc. Class A Common Stock,Industrials,Biotechnology: Laboratory Analytical Instruments
RPM,RPM International Inc. Common Stock,Consumer Discretionary,Paints/Coatings
RPRX,Royalty Pharma plc Class A Ordinary Shares,Health Care,Biotechnology: Pharmaceutical Preparations
RPT,Rithm Property Trust Inc. Common stock,Real Estate,Real Estate Investment Trusts
RQI,Cohen & Steers Quality Income Realty Fund Inc Common Shares,Finance,Trusts Except Educational Religious and Charitable
RR,Richtech Robotics Inc. Class B Common Stock,Industrials,Industrial Machinery/Components
RRBI,Red River Bancshares Inc. Common Stock,Finance,Major Banks
RRC,Range Resources Corporation Common Stock,Energy,Oil & Gas Production
RREV,RRE Ventures Acquisition Corp. Class A Ordinary Shares,Finance,Blank Checks
RRGB,Red Robin Gourmet Burgers Inc. Common Stock,Consumer Discretionary,Restaurants
RRR,Red Rock Resorts Inc. Class A Common Stock,Consumer Discretionary,Hotels/Resorts
RRX,Regal Rexnord Corporation Common Stock,Industrials,Industrial Machinery/Components
RS,Reliance Inc. Common Stock,Industrials,Metal Fabrications
RSF,RiverNorth Capital and Income Fund Common Stock,Finance,Investment Managers
RSG,Republic Services Inc. Common Stock,Utilities,Environmental Services
RSI,Rush Street Interactive Inc. Class A Common Stock,Consumer Discretionary,Services-Misc. Amusement & Recreation
RSKD,Riskified Ltd. Class A Ordinary Shares,Consumer Discretionary,Business Services
RSSS,Research Solutions Inc Common Stock,Technology,EDP Services
RSVR,Reservoir Media Inc. Common Stock,Consumer Discretionary,Services-Misc. Amusement & Recreation
RTAC,Renatus Tactical Acquisition Corp I Class A Ordinary Shares,Finance,Blank Checks
RTACU,Renatus Tactical Acquisition Corp I Unit,Finance,Blank Checks
RTACW,Renatus Tactical Acquisition Corp I Warrant,Finance,Blank Checks
RTB,RTB Digital Inc. Common Stock,Consumer Discretionary,Professional Services
RTO,Rentokil Initial plc American Depositary Shares (each representing five (5) Ordinary Shares),Consumer Discretionary,Other Consumer Services
RTX,RTX Corporation Common Stock,Industrials,Aerospace
RUBI,Rubico Inc. Common Stock,Consumer Discretionary,Marine Transportation
RUM,RUM Group Inc. Class A Common Stock,Technology,Computer Software: Programming Data Processing
RUMBW,RUM Group Inc. Warrant,Technology,Computer Software: Programming Data Processing
RUN,Sunrun Inc. Common Stock,Miscellaneous,Industrial Machinery/Components
RUSHA,Rush Enterprises Inc. Common Stock Cl A,Consumer Discretionary,Retail-Auto Dealers and Gas Stations
RUSHB,Rush Enterprises Inc. Class B,Consumer Discretionary,Retail-Auto Dealers and Gas Stations
RVI,Robinhood Ventures Fund I Common Shares of Beneficial Interest,,
RVII,Robinhood Ventures Fund II Common Shares of Beneficial Interest,,
RVLV,Revolve Group Inc. Class A Common Stock,Consumer Discretionary,Catalog/Specialty Distribution
RVMD,Revolution Medicines Inc. Common Stock,Health Care,Biotechnology: Biological Products (No Diagnostic Substances)
RVMDW,Revolution Medicines Inc. Warrant,Health Care,Biotechnology: Biological Products (No Diagnostic Substances)
RVP,Retractable Technologies Inc. Common Stock,Health Care,Medical/Dental Instruments
RVSB,Riverview Bancorp Inc Common Stock,Finance,Savings Institutions
RVSN,Rail Vision Ltd. Ordinary Share,Industrials,Railroads
RVSNW,Rail Vision Ltd. Warrant,Industrials,Railroads
RVT,Royce Small-Cap Trust Inc. Common Stock,Finance,Trusts Except Educational Religious and Charitable
RVTY,Revvity Inc. Common Stock,Industrials,Biotechnology: Laboratory Analytical Instruments
RWAY,Runway Growth Finance Corp. Common Stock,Finance,Finance: Consumer Services
RWAYI,Runway Growth Finance Corp. 7.25% Notes due 2031,Finance,Finance: Consumer Services
RWAYL,Runway Growth Finance Corp. 7.50% Notes due 2027,Finance,Finance: Consumer Services
RWT,Redwood Trust Inc. Common Stock,Real Estate,Real Estate Investment Trusts
RWTN,Redwood Trust Inc. 9.125% Senior Notes Due 2029,Real Estate,Real Estate Investment Trusts
RWTO,Redwood Trust Inc. 9.00% Senior Notes Due 2029,Real Estate,Real Estate Investment Trusts
RWTP,Redwood Trust Inc. 9.125% Senior Notes Due 2030,Real Estate,Real Estate Investment Trusts
RWTQ,Redwood Trust Inc. 9.500% Senior Notes Due 2030,Real Estate,Real Estate Investment Trusts
RWTS,Redwood Trust Inc. 9.75% Senior Notes Due 2031,Real Estate,Real Estate Investment Trusts
RXO,RXO Inc. Common Stock,Consumer Discretionary,Transportation Services
RXRX,Recursion Pharmaceuticals Inc. Class A Common Stock,Health Care,Biotechnology: Biological Products (No Diagnostic Substances)
RXST,RxSight Inc. Common Stock,Health Care,Ophthalmic Goods
RXT,Rackspace Technology Inc. Common Stock,Technology,Computer Software: Programming Data Processing
RY,Royal Bank Of Canada Common Stock,Finance,Commercial Banks
RYAAY,Ryanair Holdings plc American Depositary Shares,Consumer Discretionary,Air Freight/Delivery Services
RYAM,Rayonier Advanced Materials Inc. Common Stock,Basic Materials,Paper
RYAN,Ryan Specialty Holdings Inc. Class A Common Stock,Finance,Specialty Insurers
RYDE,Ryde Group Ltd. Class A Ordinary Shares,Consumer Discretionary,Business Services
RYET,Ruanyun Edai Technology Inc. Ordinary shares,Technology,Computer Software: Prepackaged Software
RYM,RYTHM Inc. Common Stock,Consumer Staples,Farming/Seeds/Milling
RYN,Rayonier Inc. REIT Common Stock,Real Estate,Real Estate Investment Trusts
RYOJ,rYojbaba Co. Ltd. Common Shares,Consumer Discretionary,Professional Services
RYTM,Rhythm Pharmaceuticals Inc. Common Stock,Health Care,Biotechnology: Pharmaceutical Preparations
RYZ,Ryerson Holding Corporation Common Stock,Industrials,Metal Fabrications
RZC,Reinsurance Group of America Incorporated 7.125% Fixed-Rate Reset Subordinated Debentures due 2052,Finance,Life Insurance
RZLT,Rezolute Inc. Common Stock (NV),Health Care,Biotechnology: Pharmaceutical Preparations
RZLV,Rezolve AI PLC Ordinary Shares,Technology,Computer Software: Programming Data Processing
RZLVW,Rezolve AI PLC Warrants,Technology,Computer Software: Programming Data Processing
S,SentinelOne Inc. Class A Common Stock,Technology,Computer Software: Prepackaged Software
SA,Seabridge Gold Inc. Common Shares New,Basic Materials,Precious Metals
SAAQ,Space Asset Acquisition Corp. Class A Ordinary Shares,Finance,Blank Checks
SAAQU,Space Asset Acquisition Corp. Units,Finance,Blank Checks
SAAQW,Space Asset Acquisition Corp. Warrants,Finance,Blank Checks
SABA,Saba Capital Income & Opportunities Fund II Shares of Beneficial Interest,,
SABR,Sabre Corporation Common Stock,Technology,Computer Software: Programming Data Processing
SABS,SAB Biotherapeutics Inc. Common Stock,Health Care,Biotechnology: Biological Products (No Diagnostic Substances)
SABSW,SAB Biotherapeutics Inc. Warrant,Health Care,Biotechnology: Biological Products (No Diagnostic Substances)
SAC,Safeguard Acquisition Corp. Class A Ordinary Shares,Finance,Blank Checks
SACH,Sachem Capital Corp. Common Shares,Real Estate,Real Estate Investment Trusts
SAFE,Safehold Inc. New Common Stock,Real Estate,Real Estate Investment Trusts
SAFT,Safety Insurance Group Inc. Common Stock,Finance,Property-Casualty Insurers
SAFX,XCF Global Inc. Class A Common Stock,Industrials,Major Chemicals
SAGT,SAGTEC GLOBAL LIMITED Class A Ordinary shares,Technology,Computer Software: Prepackaged Software
SAGU,Shreya Acquisition Group Class A Ordinary Shares,Finance,Blank Checks
SAH,Sonic Automotive Inc. Common Stock,Consumer Discretionary,Retail-Auto Dealers and Gas Stations
SAIA,Saia Inc. Common Stock,Industrials,Trucking Freight/Courier Services
SAIC,Science Applications International Corporation Common Stock,Technology,EDP Services
SAIH,SAIHEAT Limited Class A Ordinary Shares,Technology,EDP Services
SAIHW,SAIHEAT Limited Warrant,Technology,EDP Services
SAIL,SailPoint Inc. Common Stock,Technology,Computer Software: Prepackaged Software
SAJ,Saratoga Investment Corp 8.00% Notes due 2027,Finance,Investment Managers
SAM,Boston Beer Company Inc. (The) Common Stock,Consumer Staples,Beverages (Production/Distribution)
SAMG,Silvercrest Asset Management Group Inc. Class A Common Stock,Finance,Investment Managers
SAMO,Samos Energy Acquisition Corporation Class A Ordinary Shares,,
SAN,Banco Santander S.A. Sponsored ADR (Spain),Finance,Commercial Banks
SANA,Sana Biotechnology Inc. Common Stock,Health Care,Biotechnology: Biological Products (No Diagnostic Substances)
SANG,Sangoma Technologies Corporation Common Shares,Technology,Computer Software: Programming Data Processing
SANM,Sanmina Corporation Common Stock,Technology,Electrical Products
SAP,SAP  SE ADS,Technology,Computer Software: Prepackaged Software
SAR,Saratoga Investment Corp New,Finance,Investment Managers
SARO,StandardAero Inc. Common Stock,Industrials,Aerospace
SAT,Saratoga Investment Corp 6.00% Notes due 2027,Finance,Investment Managers
SATA,Strive Inc. Variable Rate Series A Perpetual Preferred Stock,Finance,Finance: Consumer Services
SATL,Satellogic Inc. Class A Common Stock,Technology,Radio And Television Broadcasting And Communications Equipment
SATLW,Satellogic Inc. Warrant,Technology,Radio And Television Broadcasting And Communications Equipment
SAV,Saratoga Investment Corp 7.50% Notes due 2031,Finance,Investment Managers
SAX,Saratoga Investment Corp 8.00% Notes due 2031,Finance,Investment Managers
SAY,Saratoga Investment Corp 8.125% Notes due 2027,Finance,Investment Managers
SAZ,Saratoga Investment Corp 8.50% Notes due 2028,Finance,Investment Managers
SB,Safe Bulkers Inc Common Stock ($0.001 par value),Consumer Discretionary,Marine Transportation
SBAC,SBA Communications Corporation Class A Common Stock,Real Estate,Real Estate Investment Trusts
SBC,SBC Medical Group Holdings Incorporated Common Stock,Health Care,Medical/Nursing Services
SBCF,Seacoast Banking Corporation of Florida Common Stock,Finance,Major Banks
SBCWW,SBC Medical Group Holdings Incorporated Warrants,Health Care,Medical/Nursing Services
SBET,Sharplink Inc. Common Stock,Technology,Computer Software: Prepackaged Software
SBFG,SB Financial Group Inc. Common Stock,Finance,Major Banks
SBFM,Sunshine Biopharma Inc. Common Stock,Health Care,Biotechnology: Pharmaceutical Preparations
SBFMW,Sunshine Biopharma Inc. Warrant,Health Care,Biotechnology: Pharmaceutical Preparations
SBGI,Sinclair Inc. Class A Common Stock,Industrials,Broadcasting
SBH,Sally Beauty Holdings Inc. (Name to be changed from Sally Holdings Inc.) Common Stock,Consumer Discretionary,Other Specialty Stores
SBI,Western Asset Intermediate Muni Fund Inc Common Stock,Finance,Finance/Investors Services
SBLK,Star Bulk Carriers Corp. Common Shares,Consumer Discretionary,Marine Transportation
SBMT,Silver Bow Mining Corp. Common Shares,Basic Materials,Precious Metals
SBR,Sabine Royalty Trust Common Stock,Energy,Oil & Gas Production
SBRA,Sabra Health Care REIT Inc. Common Stock,Real Estate,Real Estate Investment Trusts
SBS,Companhia de saneamento Basico Do Estado De Sao Paulo - Sabesp American Depositary Shares (Each repstg 250 Common Shares),Utilities,Water Supply
SBSI,Southside Bancshares Inc. Common Stock,Finance,Major Banks
SBSW,D/B/A Sibanye-Stillwater Limited ADS,Basic Materials,Precious Metals
SBUX,Starbucks Corporation Common Stock,Consumer Discretionary,Restaurants
SBXD,SilverBox Corp IV Class A Ordinary Shares,,
SBXE,SilverBox Corp V Class A Ordinary Shares,,
SCAG,Scage Future American Depositary Shares,Consumer Discretionary,Construction/Ag Equipment/Trucks
SCATU,Southern Cross Acquisition II Corp. Units,Finance,Blank Checks
SCCD,Sachem Capital Corp. 6.00% Notes due 2026,Real Estate,Real Estate Investment Trusts
SCCE,Sachem Capital Corp. 6.00% Notes due 2027,Real Estate,Real Estate Investment Trusts
SCCF,Sachem Capital Corp. 7.125% Notes due 2027,Real Estate,Real Estate Investment Trusts
SCCG,Sachem Capital Corp. 8.00% Notes due 2027,Real Estate,Real Estate Investment Trusts
SCCO,Southern Copper Corporation Common Stock,Basic Materials,Metal Mining
SCD,LMP Capital and Income Fund Inc. Common Stock,Finance,Trusts Except Educational Religious and Charitable
SCHL,Scholastic Corporation Common Stock,Consumer Discretionary,Books
SCHW,Charles Schwab Corporation (The) Common Stock,Finance,Investment Bankers/Brokers/Service
SCI,Service Corporation International Common Stock,Consumer Discretionary,Other Consumer Services
SCII,SC II Acquisition Corp. Class A ordinary share,,
SCKT,Socket Mobile Inc. Common Stock,Technology,Computer Manufacturing
SCL,Stepan Company Common Stock,Consumer Discretionary,Package Goods/Cosmetics
SCLX,Scilex Holding Company Common Stock,Health Care,Biotechnology: Biological Products (No Diagnostic Substances)
SCLXW,Scilex Holding Company Warrant,Health Care,Biotechnology: Biological Products (No Diagnostic Substances)
SCM,Stellus Capital Investment Corporation Common Stock,Finance,Finance/Investors Services
SCNI,Scinai Immunotherapeutics Ltd. American Depositary Shares,Health Care,Biotechnology: Biological Products (No Diagnostic Substances)
SCNX,Scienture Holdings Inc. Common Stock,Health Care,Biotechnology: Pharmaceutical Preparations
SCOR,comScore Inc. Common Stock,Consumer Discretionary,Business Services
SCPQ,Social Commerce Partners Corporation Class A Ordinary Shares,,
SCSC,ScanSource Inc. Common Stock,Technology,Retail: Computer Software & Peripheral Equipment
SCTX,Scribe Therapeutics Inc. Common Stock,Health Care,Biotechnology: Biological Products (No Diagnostic Substances)
SCWO,374Water Inc. Common Stock,Consumer Discretionary,Metal Fabrications
SCYX,SCYNEXIS Inc. Common Stock,Health Care,Biotechnology: Pharmaceutical Preparations
SCZM,Santacruz Silver Mining Ltd. Common Shares,Basic Materials,Precious Metals
SD,SandRidge Energy Inc. Common Stock,Energy,Oil & Gas Production
SDA,SunCar Technology Group Inc. Class A Ordinary Shares,Consumer Discretionary,Automotive Aftermarket
SDAWW,SunCar Technology Group Inc. Warrant,Consumer Discretionary,Automotive Aftermarket
SDEV,Stablecoin Development Corporation Common Stock,Health Care,Biotechnology: Pharmaceutical Preparations
SDGR,Schrodinger Inc. Common Stock,Health Care,Biotechnology: Pharmaceutical Preparations
SDHC,Smith Douglas Homes Corp. Class A Common Stock,Consumer Discretionary,Homebuilding
SDHI,Siddhi Acquisition Corp Class A Common stock,Finance,Blank Checks
SDHIU,Siddhi Acquisition Corp Unit,Finance,Blank Checks
SDHY,PGIM Short Duration High Yield Opportunities Fund Common Shares,Finance,Finance/Investors Services
SDOT,Sadot Group Inc. Common Stock,Consumer Discretionary,Restaurants
SDRL,Seadrill Limited Common Shares,Energy,Oil & Gas Production
SDST,Stardust Power Inc. Common Stock,Industrials,Major Chemicals
SDSTW,Stardust Power Inc. Warrant,Industrials,Major Chemicals
SE,Sea Limited American Depositary Shares each representing one Class A Ordinary Share,Consumer Discretionary,Other Consumer Services
SEAT,Vivid Seats Inc. Class A Common Stock,Consumer Discretionary,Services-Misc. Amusement & Recreation
SEATW,Vivid Seats Inc. Warrant,Consumer Discretionary,Services-Misc. Amusement & Recreation
SEB,Seaboard Corporation Common Stock,Industrials,Farming/Seeds/Milling
SECZ,Securitize Corp. Common Stock,Finance,Finance: Consumer Services
SEDG,SolarEdge Technologies Inc. Common Stock,Technology,Semiconductors
SEED,Origin Agritech Limited Common Stock,Consumer Staples,Farming/Seeds/Milling
SEER,Seer Inc. Class A Common Stock,Industrials,Biotechnology: Laboratory Analytical Instruments
SEG,Seaport Entertainment Group Inc. Common Stock,Consumer Discretionary,Services-Misc. Amusement & Recreation
SEGG,Sports Entertainment Gaming Global Corporation Common Stock,Technology,Computer Software: Prepackaged Software
SEI,Solaris Energy Infrastructure Inc. Class A Common Stock,Consumer Discretionary,Oil and Gas Field Machinery
SEIC,SEI Investments Company Common Stock,Finance,Investment Bankers/Brokers/Service
SELF,Global Self Storage Inc. Common Stock,Real Estate,Real Estate Investment Trusts
SENEA,Seneca Foods Corp. Class A Common Stock,Consumer Staples,Packaged Foods
SENEB,Seneca Foods Corp. Class B Common Stock,Consumer Staples,Packaged Foods
SENS,Senseonics Holdings Inc. Common Stock,Health Care,Medical/Dental Instruments
SEPN,Septerna Inc. Common Stock,Health Care,Biotechnology: Pharmaceutical Preparations
SER,Serina Therapeutics Inc. Common Stock,Health Care,Biotechnology: Pharmaceutical Preparations
SERA,Sera Prognostics Inc. Class A Common Stock,Health Care,Medical Specialities
SERV,Serve Robotics Inc. Common Stock,Industrials,Industrial Machinery/Components
SES,SES AI Corporation Class A Common Stock,Miscellaneous,Industrial Machinery/Components
SEV,Aptera Motors Corp. Class B Common Stock,Industrials,Auto Manufacturing
SEVN,Seven Hills Realty Trust Common Stock,Real Estate,Real Estate Investment Trusts
SEZL,Sezzle Inc. Common Stock,Finance,Finance: Consumer Services
SF,Stifel Financial Corporation Common Stock,Finance,Investment Bankers/Brokers/Service
SFB,Stifel Financial Corporation 5.20% Senior Notes due 2047,Finance,Investment Bankers/Brokers/Service
SFBC,Sound Financial Bancorp Inc. Common Stock,Finance,Savings Institutions
SFBS,ServisFirst Bancshares Inc. Common Stock,Finance,Major Banks
SFD,Smithfield Foods Inc. Common Stock,Consumer Staples,Meat/Poultry/Fish
SFHG,Samfine Creation Holdings Group Limited Class A Ordinary Share,Consumer Discretionary,Publishing
SFIX,Stitch Fix Inc. Class A Common Stock,Consumer Discretionary,Catalog/Specialty Distribution
SFL,SFL Corporation Ltd,Consumer Discretionary,Marine Transportation
SFM,Sprouts Farmers Market Inc. Common Stock,Consumer Staples,Food Chains
SFNC,Simmons First National Corporation Class A Common Stock,Finance,Major Banks
SFST,Southern First Bancshares Inc. Common Stock,Finance,Major Banks
SFWL,Shengfeng Development Limited Class A Ordinary Shares,Industrials,Trucking Freight/Courier Services
SG,Sweetgreen Inc. Class A Common Stock,Consumer Discretionary,Restaurants
SGA,Saga Communications Inc. Class A Common Stock (FL),Consumer Discretionary,Broadcasting
SGC,Superior Group of Companies Inc. Common Stock,Consumer Discretionary,Apparel
SGHC,Super Group (SGHC) Limited Ordinary Shares,Consumer Discretionary,Services-Misc. Amusement & Recreation
SGHT,Sight Sciences Inc. Common Stock,Health Care,Medical/Dental Instruments
SGI,Somnigroup International Inc. Common Stock,Consumer Discretionary,Home Furnishings
SGLD,Scorpio Gold Corporation American Depositary Shares,,
SGLY,Singularity Future Technology Ltd. Common Stock,Industrials,Integrated Freight & Logistics
SGML,Sigma Lithium Corporation Common Shares,Basic Materials,Metal Mining
SGMT,Sagimet Biosciences Inc. Series A Common Stock,Health Care,Biotechnology: Pharmaceutical Preparations
SGP,SpyGlass Pharma Inc. Common Stock,Health Care,Medical/Dental Instruments
SGRX,SANGRIX INC. Class A Ordinary Shares,Finance,Finance: Consumer Services
SGRY,Surgery Partners Inc. Common Stock,Health Care,Hospital/Nursing Management
SGU,Star Group L.P. Common Stock,Consumer Discretionary,Other Specialty Stores
SHAK,Shake Shack Inc. Class A Common Stock,Consumer Discretionary,Restaurants
SHAZ,SharonAI Holdings Inc. Class A Common Stock,Technology,EDP Services
SHBI,Shore Bancshares Inc Common Stock,Finance,Major Banks
SHC,Sotera Health Company Common Stock,Health Care,Misc Health and Biotechnology Services
SHEL,Shell PLC American Depositary Shares (each representing two (2) Ordinary Shares),Energy,Oil & Gas Production
SHEN,Shenandoah Telecommunications Co Common Stock,Telecommunications,Telecommunications Equipment
SHFS,SHF Holdings Inc. Class A Common Stock,Finance,Finance: Consumer Services
SHFSW,SHF Holdings Inc. Warrants,Finance,Finance: Consumer Services
SHG,Shinhan Financial Group Co Ltd American Depositary Shares,Finance,Major Banks
SHIM,Shimmick Corporation Common Stock,Industrials,Military/Government/Technical
SHIP,Seanergy Maritime Holdings Corp. Common Stock,Consumer Discretionary,Marine Transportation
SHLS,Shoals Technologies Group Inc. Class A Common Stock,Technology,Semiconductors
SHMD,SCHMID Group N.V. Class A Ordinary Shares,Technology,Industrial Machinery/Components
SHMDW,SCHMID Group N.V. Warrants,Technology,Industrial Machinery/Components
SHO,Sunstone Hotel Investors Inc. Sunstone Hotel Investors Inc. Common Shares,Consumer Discretionary,Hotels/Resorts
SHOE,Shoe Station Group Inc. Common Stock,Consumer Discretionary,Clothing/Shoe/Accessory Stores
SHOO,Steven Madden Ltd. Common Stock,Consumer Discretionary,Shoe Manufacturing
SHOP,Shopify Inc. Class A Subordinate Voting Shares,Technology,Computer Software: Prepackaged Software
SHOT,RMG ML Sports Holdings Class A Ordinary Shares,,
SHOTR,RMG ML Sports Holdings Rights,,
SHOTU,RMG ML Sports Holdings Unit,,
SHPH,Shuttle Pharmaceuticals Holdings Inc. Common Stock,Health Care,Biotechnology: Pharmaceutical Preparations
SHW,Sherwin-Williams Company (The) Common Stock,Consumer Discretionary,RETAIL: Building Materials
SI,Shoulder Innovations Inc. Common Stock,Health Care,Medical/Dental Instruments
SIBN,SI-BONE Inc. Common Stock,Health Care,Medical/Dental Instruments
SID,Companhia Siderurgica Nacional S.A. Common Stock,Industrials,Steel/Iron Ore
SIDU,Sidus Space Inc. Class A Common Stock,Telecommunications,Telecommunications Equipment
SIEB,Siebert Financial Corp. Common Stock,Finance,Investment Bankers/Brokers/Service
SIF,SIFCO Industries Inc. Common Stock,Industrials,Aerospace
SIFY,Sify Technologies Limited American Depositary Shares,Technology,Computer Software: Programming Data Processing
SIG,Signet Jewelers Limited Common Shares,Consumer Discretionary,Consumer Specialties
SIGA,SIGA Technologies Inc. Common Stock,Health Care,Biotechnology: Pharmaceutical Preparations
SIGI,Selective Insurance Group Inc. Common Stock,Finance,Property-Casualty Insurers
SIGIP,Selective Insurance Group Inc. Depositary Shares each representing a 1/1000th interest in a share of 4.60% Non-Cumulative Preferred Stock Series B,Finance,Property-Casualty Insurers
SII,Sprott Inc. Common Shares,Finance,Finance: Consumer Services
SILC,Silicom Ltd Ordinary Shares,Telecommunications,Computer Communications Equipment
SILO,Silo Pharma Inc. Common Stock,Health Care,Biotechnology: Pharmaceutical Preparations
SIM,Grupo Simec S.A.B. de C.V. American Depositary Shares,Industrials,Steel/Iron Ore
SIMA,SIM Acquisition Corp. I Class A Ordinary Shares,Miscellaneous,Industrial Machinery/Components
SIMAW,SIM Acquisition Corp. I Warrant,Finance,Blank Checks
SIMO,Silicon Motion Technology Corporation American Depositary Shares,Technology,Semiconductors
SIND,Sinda Ltd. Common Stock,Basic Materials,Precious Metals
SINT,SiNtx Technologies Inc. Common Stock,Health Care,Medical/Dental Instruments
SION,Sionna Therapeutics Inc. Common Stock,Health Care,Biotechnology: Pharmaceutical Preparations
SIRI,SiriusXM Holdings Inc. Common Stock,Consumer Discretionary,Broadcasting
SITC,SITE Centers Corp. Common Stock,Real Estate,Real Estate Investment Trusts
SITE,SiteOne Landscape Supply Inc. Common Stock,Consumer Discretionary,Professional and commerical equipment
SITM,SiTime Corporation Common Stock,Technology,Semiconductors
SJ,Scienjoy Holding Corporation Class A Ordinary Shares,Technology,EDP Services
SJM,The J.M. Smucker Company Common Stock,Consumer Staples,Packaged Foods
SJT,San Juan Basin Royalty Trust Common Stock,Energy,Oil & Gas Production
SKE,Skeena Resources Limited Common Shares,Basic Materials,Precious Metals
SKHY,SK hynix Inc. American Depositary Shares,Technology,Semiconductors
SKIL,Skillsoft Corp. Class A Common Stock,Technology,Computer Software: Prepackaged Software
SKIN,SkinHealth Systems Inc. Class A Common Stock,Health Care,Medical/Dental Instruments
SKK,SKK Holdings Limited Class A Ordinary Shares,Industrials,Water Sewer Pipeline Comm & Power Line Construction
SKM,SK Telecom Co. Ltd. Common Stock,Telecommunications,Telecommunications Equipment
SKT,Tanger Inc. Common Stock,Real Estate,Real Estate Investment Trusts
SKWD,Skyward Specialty Insurance Group Inc. Common Stock,Finance,Property-Casualty Insurers
SKY,Champion Homes Inc. Common Stock,Consumer Discretionary,Homebuilding
SKYA,SkyAI Inc. Common Stock,Health Care,Medical/Dental Instruments
SKYAW,SkyAI Inc. Warrant,Technology,EDP Services
SKYE,Skye Bioscience Inc. Common Stock,Health Care,Biotechnology: Pharmaceutical Preparations
SKYH,Sky Harbour Group Corporation Class A Common Stock,Finance,Real Estate
SKYQ,Sky Quarry Inc. Common Stock,Industrials,Environmental Services
SKYW,SkyWest Inc. Common Stock,Consumer Discretionary,Air Freight/Delivery Services
SKYX,SKYX Platforms Corp. Common Stock,Consumer Discretionary,Building Products
SLAB,Silicon Laboratories Inc. Common Stock,Technology,Semiconductors
SLB,SLB Limited Common Shares,Energy,Oilfield Services/Equipment
SLBT,SL Science Holding Limited Ordinary Shares,Health Care,Biotechnology: Biological Products (No Diagnostic Substances)
SLDB,Solid Biosciences Inc. Common Stock,Health Care,Biotechnology: Biological Products (No Diagnostic Substances)
SLDE,Slide Insurance Holdings Inc. Common Stock,Finance,Property-Casualty Insurers
SLDP,Solid Power Inc. Class A Common Stock,Miscellaneous,Industrial Machinery/Components
SLDPW,Solid Power Inc. Warrant,Miscellaneous,Industrial Machinery/Components
SLE,Super League Enterprise Inc. Common Stock,Technology,EDP Services
SLF,Sun Life Financial Inc. Common Stock,Finance,Life Insurance
SLG,SL Green Realty Corp Common Stock,Real Estate,Real Estate Investment Trusts
SLGB,Smart Logistics Global Limited Class A Ordinary Shares,Industrials,Integrated Freight & Logistics
SLGL,Sol-Gel Technologies Ltd. Ordinary Shares,Health Care,Biotechnology: Pharmaceutical Preparations
SLGN,Silgan Holdings Inc. Common Stock,Industrials,Containers/Packaging
SLI,Standard Lithium Ltd. Common Shares,Industrials,Major Chemicals
SLM,SLM Corporation Common Stock,Finance,Finance: Consumer Services
SLMBP,SLM Corporation Floating Rate Non-Cumulative Preferred Stock Series B,Finance,Finance: Consumer Services
SLMT,Brera Holdings PLC Class B Ordinary Shares,Consumer Discretionary,Services-Misc. Amusement & Recreation
SLN,Silence Therapeutics Plc American Depository Share,Health Care,Biotechnology: Pharmaceutical Preparations
SLND,Southland Holdings Inc. Common Stock,Industrials,Military/Government/Technical
SLNG,Stabilis Solutions Inc. Common Stock,Utilities,Oil/Gas Transmission
SLNH,Soluna Holdings Inc. Common Stock,Technology,EDP Services
SLNHP,Soluna Holdings Inc 9.0% Series A Cumulative Perpetual Preferred Stock,Technology,EDP Services
SLP,Simulations Plus Inc. Common Stock,Technology,EDP Services
SLQT,SelectQuote Inc. Common Stock,Finance,Specialty Insurers
SLRC,SLR Investment Corp. Common Stock,Finance,Finance/Investors Services
SLS,SELLAS Life Sciences Group Inc. Common Stock,Health Care,Biotechnology: Pharmaceutical Preparations
SLSN,Solesence Inc. Common Stock,Consumer Discretionary,Package Goods/Cosmetics
SLSR,Solaris Resources Inc. Common Shares,,
SLVM,Sylvamo Corporation Common Stock,Basic Materials,Paper
SLXN,Silexion Therapeutics Corp Ordinary Shares,Health Care,Biotechnology: Biological Products (No Diagnostic Substances)
SLXNW,Silexion Therapeutics Corp Warrant,Health Care,Biotechnology: Biological Products (No Diagnostic Substances)
SM,SM Energy Company Common Stock,Energy,Oil & Gas Production
SMA,SmartStop Self Storage REIT Inc. Common Stock,Real Estate,Real Estate Investment Trusts
SMBC,Southern Missouri Bancorp Inc. Common Stock,Finance,Banks
SMBK,SmartFinancial Inc. Common Stock,Finance,Major Banks
SMC,Summit Midstream Corporation Common Stock,Utilities,Natural Gas Distribution
SMCI,Super Micro Computer Inc. Common Stock,Technology,Computer Manufacturing
SMCIP,Super Micro Computer Inc. Depositary Shares representing a 1/20th Interest in a Share of 7% Series A Mandatory Convertible Preferred Stock,Technology,Computer Manufacturing
SMFG,Sumitomo Mitsui Financial Group Inc Unsponsored American Depositary Shares (Japan),Finance,Commercial Banks
SMG,Scotts Miracle-Gro Company (The) Common Stock,Industrials,Agricultural Chemicals
SMHI,SEACOR Marine Holdings Inc. Common Stock,Consumer Discretionary,Marine Transportation
SMID,Smith-Midland Corporation Common Stock,Industrials,Building Materials
SMJF,SMJ International Holdings Inc. Class A Ordinary Shares,Consumer Discretionary,RETAIL: Building Materials
SMMT,Summit Therapeutics Inc. Common Stock,Health Care,Biotechnology: Pharmaceutical Preparations
SMP,Standard Motor Products Inc. Common Stock,Consumer Discretionary,Auto Parts:O.E.M.
SMPL,The Simply Good Foods Company Common Stock,Consumer Staples,Packaged Foods
SMR,NuScale Power Corporation Class A Common Stock,Industrials,Metal Fabrications
SMRT,SmartRent Inc. Class A Common Stock,Technology,EDP Services
SMSI,Smith Micro Software Inc. Common Stock,Technology,Computer Software: Prepackaged Software
SMTC,Semtech Corporation Common Stock,Technology,Semiconductors
SMTI,Sanara MedTech Inc. Common Stock,Health Care,Industrial Specialties
SMTK,SmartKem Inc. Common Stock,Technology,Semiconductors
SMWB,Similarweb Ltd. Ordinary Shares,Technology,Computer Software: Programming Data Processing
SMX,SMX (Security Matters) Public Limited Company Ordinary Shares,Technology,Industrial Machinery/Components
SMXT,Solarmax Technology Inc. Common Stock,Consumer Discretionary,Engineering & Construction
SMXWW,SMX (Security Matters) Public Limited Company Warrant,Technology,Industrial Machinery/Components
SN,SharkNinja Inc. Ordinary Shares,Consumer Discretionary,Consumer Electronics/Appliances
SNA,Snap-On Incorporated Common Stock,Consumer Discretionary,Industrial Machinery/Components
SNAL,Snail Inc. Class A Common Stock,Technology,Computer Software: Prepackaged Software
SNAP,Snap Inc. Class A Common Stock,Technology,Computer Software: Programming Data Processing
SND,Smart Sand Inc. Common Stock,Industrials,Mining & Quarrying of Nonmetallic Minerals (No Fuels)
SNDA,Sonida Senior Living Inc. Common Stock,Health Care,Hospital/Nursing Management
SNDK,Sandisk Corporation Common Stock,Technology,Electronic Components
SNDL,SNDL Inc. Common Shares,Health Care,Medicinal Chemicals and Botanical Products
SNDR,Schneider National Inc. Common Stock,Industrials,Trucking Freight/Courier Services
SNDX,Syndax Pharmaceuticals Inc. Common Stock,Health Care,Biotechnology: Pharmaceutical Preparations
SNES,SenesTech Inc. Common Stock,Industrials,Agricultural Chemicals
SNEX,StoneX Group Inc. Common Stock,Finance,Investment Bankers/Brokers/Service
SNFCA,Security National Financial Corporation Class A Common Stock,Finance,Finance: Consumer Services
SNGX,Soligenix Inc. Common Stock,Health Care,Biotechnology: Pharmaceutical Preparations
SNN,Smith & Nephew SNATS Inc. Common Stock,Health Care,Industrial Specialties
SNOA,Sonoma Pharmaceuticals Inc. Common Stock,Health Care,Medical/Dental Instruments
SNOW,Snowflake Inc. Common Stock,Technology,Computer Software: Prepackaged Software
SNPS,Synopsys Inc. Common Stock,Technology,Computer Software: Prepackaged Software
SNSC,SunScout Holding Limited Class A Ordinary Shares,Technology,Semiconductors
SNT,Senstar Technologies Corporation Common Shares,Telecommunications,Telecommunications Equipment
SNTG,Sentage Holdings Inc. Class A Ordinary Shares,Finance,Finance: Consumer Services
SNTI,Senti Biosciences Holdings Inc. Common Stock,Health Care,Biotechnology: Biological Products (No Diagnostic Substances)
SNWV,SANUWAVE Health Inc. Common Stock,Health Care,Medical/Dental Instruments
SNX,TD SYNNEX Corporation Common Stock,Technology,Retail: Computer Software & Peripheral Equipment
SNY,Sanofi ADS,Health Care,Biotechnology: Pharmaceutical Preparations
SNYR,Synergy CHC Corp. Common Stock,Health Care,Other Pharmaceuticals
SO,Southern Company (The) Common Stock,Utilities,Electric Utilities: Central
SOAR,Volato Group Inc. Class A Common Stock,Consumer Discretionary,Transportation Services
SOBO,South Bow Corporation Common Shares,Energy,Natural Gas Distribution
SOC,Sable Offshore Corp. Common Stock,Energy,Oil & Gas Production
SOCA,Solarius Capital Acquisition Corp. Class A Ordinary Share,,
SOCAU,Solarius Capital Acquisition Corp. Units,Finance,Blank Checks
SOCAW,Solarius Capital Acquisition Corp. Warrant,,
SOFI,SoFi Technologies Inc. Common Stock,Finance,Finance: Consumer Services
SOGP,Sound Group Inc. American Depositary Shares,Technology,Computer Software: Programming Data Processing
SOHU,Sohu.com Limited American Depositary Shares,Technology,EDP Services
SOJC,Southern Company (The) Series 2017B 5.25% Junior Subordinated Notes due December 1 2077,Utilities,Electric Utilities: Central
SOJD,Southern Company (The) Series 2020A 4.95% Junior Subordinated Notes due January 30 2080,Utilities,Electric Utilities: Central
SOJE,Southern Company (The) Series 2020C 4.20% Junior Subordinated Notes due October 15 2060,Utilities,Electric Utilities: Central
SOJF,Southern Company (The) Series 2025A 6.50% Junior Subordinated Notes due March 15 2085,Utilities,Electric Utilities: Central
SOLS,Solstice Advanced Materials Inc. Common Stock,Industrials,Major Chemicals
SOLV,Solventum Corporation Common Stock,Health Care,Medical/Dental Instruments
SOMN,Southern Company (The) 2025 Series A Corporate Units,Utilities,Electric Utilities: Central
SON,Sonoco Products Company Common Stock,Consumer Discretionary,Containers/Packaging
SONM,DNA X Inc. Common Stock,Utilities,Telecommunications Equipment
SONO,Sonos Inc. Common Stock,Consumer Staples,Consumer Electronics/Appliances
SONY,Sony Group Corporation American Depositary Shares,Consumer Staples,Consumer Electronics/Appliances
SOPH,SOPHiA GENETICS SA Ordinary Shares,Technology,EDP Services
SOR,Source Capital Inc. Cmn Shs of BI,Finance,Investment Managers
SORA,AsiaStrategy Ordinary Shares,Industrials,Other Specialty Stores
SORN,Soren Acquisition Corp. Class A Ordinary Shares,Finance,Blank Checks
SORNW,Soren Acquisition Corp. Warrant,Finance,Blank Checks
SOS,SOS Limited Class A Ordinary Shares,Finance,Investment Bankers/Brokers/Service
SOTK,Sono-Tek Corporation Common Stock,Technology,Industrial Machinery/Components
SOUL,Soulpower Acquisition Corporation Class A Ordinary Shares,Consumer Discretionary,Publishing
SOUN,SoundHound AI Inc Class A Common Stock,Technology,Computer Software: Prepackaged Software
SOUNW,SoundHound AI Inc. Warrant,Technology,Computer Software: Prepackaged Software
SOWG,Sow Good Inc. Common Stock,Consumer Staples,Packaged Foods
SPAI,Safe Pro Group Inc. Common Stock,Health Care,Industrial Specialties
SPB,Spectrum Brands Holdings Inc. Common Stock,Miscellaneous,Industrial Machinery/Components
SPCB,SuperCom Ltd. Ordinary Shares (Israel),Technology,Semiconductors
SPCE,Virgin Galactic Holdings Inc. Common Stock,Consumer Discretionary,Transportation Services
SPCX,Space Exploration Technologies Corp. Class A Common Stock,Technology,Computer Software: Programming Data Processing
SPE,Special Opportunities Fund Inc Common Stock,Finance,Finance/Investors Services
SPEG,Silver Pegasus Acquisition Corp Class A Ordinary Shares,,
SPEGR,Silver Pegasus Acquisition Corp Rights.,,
SPEGU,Silver Pegasus Acquisition Corp Unit,,
SPFI,South Plains Financial Inc. Common Stock,Finance,Major Banks
SPG,Simon Property Group Inc. Common Stock,Real Estate,Real Estate Investment Trusts
SPGI,S&P Global Inc. Common Stock,Finance,Finance: Consumer Services
SPH,Suburban Propane Partners L.P. Common Stock,Consumer Discretionary,Other Specialty Stores
SPHL,Springview Holdings Ltd Class A Ordinary Shares,Consumer Discretionary,Homebuilding
SPHR,Sphere Entertainment Co. Class A Common Stock,Consumer Discretionary,Services-Misc. Amusement & Recreation
SPIR,Spire Global Inc. Class A Common Stock,Consumer Discretionary,Telecommunications Equipment
SPKL,Spark I Acquisition Corp. Class A Ordinary Share,,
SPKLW,Spark I Acquisition Corp. Warrant,,
SPMA,Sound Point Meridian Capital Inc. 8.00% Series A Preferred Shares Due 2029,,
SPMC,Sound Point Meridian Capital Inc. Common Stock,,
SPME,Sound Point Meridian Capital Inc. 7.875% Series B Preferred Shares due 2030,,
SPNT,SiriusPoint Ltd. Common Shares,Finance,Property-Casualty Insurers
SPOK,Spok Holdings Inc. Common Stock,Telecommunications,Telecommunications Equipment
SPOT,Spotify Technology S.A. Ordinary Shares,Consumer Discretionary,Broadcasting
SPPL,SIMPPLE LTD. Ordinary Shares,Consumer Discretionary,Diversified Commercial Services
SPRB,Spruce Biosciences Inc. Common Stock,Health Care,Biotechnology: Pharmaceutical Preparations
SPRC,SciSparc Ltd. Ordinary Shares,Health Care,Biotechnology: Pharmaceutical Preparations
SPRO,Spero Therapeutics Inc. Common Stock,Health Care,Biotechnology: Pharmaceutical Preparations
SPRU,Spruce Power Holding Corporation Class A Common Stock,Utilities,Electric Utilities: Central
SPRY,ARS Pharmaceuticals Inc. Common Stock,Health Care,Biotechnology: Pharmaceutical Preparations
SPSC,SPS Commerce Inc. Common Stock,Technology,Computer Software: Prepackaged Software
SPT,Sprout Social Inc Class A Common Stock,Technology,Computer Software: Prepackaged Software
SPTX,Seaport Therapeutics Inc. Common Stock,Health Care,Biotechnology: Pharmaceutical Preparations
SPWH,Sportsman's Warehouse Holdings Inc. Common Stock,Consumer Discretionary,Other Specialty Stores
SPWR,SunPower Inc. Common Stock,Technology,Semiconductors
SPWRW,SunPower Inc. Warrants,Technology,Semiconductors
SPXC,SPX Technologies Inc. Common Stock,Industrials,Industrial Machinery/Components
SPXX,Nuveen S&P 500 Dynamic Overwrite Fund,Finance,Trusts Except Educational Religious and Charitable
SQFT,Presidio Property Trust Inc. Class A Common Stock,Real Estate,Real Estate Investment Trusts
SQFTP,Presidio Property Trust Inc. 9.375% Series D Cumulative Redeemable Perpetual Preferred Stock $0.01 par value per share,Real Estate,Real Estate Investment Trusts
SQFTW,Presidio Property Trust Inc. Series A Common Stock Purchase Warrants,Real Estate,Real Estate Investment Trusts
SQM,Sociedad Quimica y Minera S.A. Common Stock,Industrials,Mining & Quarrying of Nonmetallic Minerals (No Fuels)
SQNS,Sequans Communications S.A. American Depositary Shares (each representing one hundred (100) Ordinary Shares),Technology,Semiconductors
SR,Spire Inc. Common Stock,Utilities,Oil/Gas Transmission
SRAD,Sportradar Group AG Class A Ordinary Shares,Technology,Computer Software: Programming Data Processing
SRBK,SR Bancorp Inc. Common stock,Finance,Banks
SRCE,1st Source Corporation Common Stock,Finance,Major Banks
SRE,DBA Sempra Common Stock,Utilities,Natural Gas Distribution
SREA,DBA Sempra 5.750% Junior Subordinated Notes due 2079,Utilities,Natural Gas Distribution
SRFM,Surf Air Mobility Inc. Common Stock,Consumer Discretionary,Transportation Services
SRG,Seritage Growth Properties Class A Common Stock,Finance,Real Estate
SRI,Stoneridge Inc. Common Stock,Consumer Discretionary,Auto Parts:O.E.M.
SRJN,Spire Inc. 6.375% Junior Subordinated Notes due 2086,Utilities,Oil/Gas Transmission
SRL,Scully Royalty Ltd.,Industrials,Precious Metals
SRPT,Sarepta Therapeutics Inc. Common Stock (DE),Health Care,Biotechnology: Pharmaceutical Preparations
SRRK,Scholar Rock Holding Corporation Common Stock,Health Care,Biotechnology: Biological Products (No Diagnostic Substances)
SRTA,Strata Critical Medical Inc. Class A Common Stock,Health Care,Medical/Nursing Services
SRTS,Sensus Healthcare Inc. Common Stock,Health Care,Medical/Dental Instruments
SRV,NXG Cushing Midstream Energy Fund Common Shares of Beneficial Interest,Finance,Finance Companies
SRXH,SRX Global Inc. Common Stock,Consumer Staples,Beverages (Production/Distribution)
SRZN,Surrozen Inc. Common Stock,Health Care,Biotechnology: Biological Products (No Diagnostic Substances)
SSAC,SPACSphere Acquisition Corp. Class A Ordinary Shares,Finance,Blank Checks
SSACR,SPACSphere Acquisition Corp. Rights,Finance,Blank Checks
SSACW,SPACSphere Acquisition Corp. Warrant,Finance,Blank Checks
SSB,SouthState Bank Corporation Common Stock,Finance,Major Banks
SSBI,Summit State Bank Common Stock,Finance,Major Banks
SSD,Simpson Manufacturing Company Inc. Common Stock,Consumer Discretionary,Industrial Machinery/Components
SSEA,Starry Sea Acquisition Corp	Ordinary Shares,Finance,Blank Checks
SSII,SS Innovations International Inc. Common Stock,Health Care,Medical/Dental Instruments
SSL,Sasol Ltd. American Depositary Shares,Energy,Oil & Gas Production
SSM,Sono Group N.V. Ordinary Shares,Technology,Semiconductors
SSMR,Sunshine Silver Mining & Refining Company Common Stock,Basic Materials,Precious Metals
SSNC,SS&C Technologies Holdings Inc. Common Stock,Technology,Computer Software: Prepackaged Software
SSP,E.W. Scripps Company (The) Class A Common Stock,Industrials,Broadcasting
SSRM,SSR Mining Inc. Common Stock,Industrials,Precious Metals
SST,System1 Inc. Class A Common Stock,Technology,Computer Software: Programming Data Processing
SSTI,SoundThinking Inc. Common Stock,Technology,Computer Software: Prepackaged Software
SSTK,Shutterstock Inc. Common Stock,Technology,EDP Services
SSYS,Stratasys Ltd. Ordinary Shares (Israel),Technology,Computer peripheral equipment
ST,Sensata Technologies Holding plc Ordinary Shares,Industrials,Industrial Machinery/Components
STAA,STAAR Surgical Company Common Stock,Health Care,Ophthalmic Goods
STAG,Stag Industrial Inc. Common Stock,Real Estate,Real Estate Investment Trusts
STAK,STAK Inc. Class A Ordinary Shares,Consumer Discretionary,Oil and Gas Field Machinery
STBA,S&T Bancorp Inc. Common Stock,Finance,Major Banks
STC,Stewart Information Services Corporation Common Stock,Finance,Specialty Insurers
STDN,Standard Nuclear Inc. Class A Common Stock,Basic Materials,Major Chemicals
STE,STERIS plc (Ireland) Ordinary Shares,Health Care,Industrial Specialties
STEM,Stem Inc. Class A Common Stock,Technology,EDP Services
STEP,StepStone Group Inc. Class A Common Stock,Finance,Investment Managers
STEW,SRH Total Return Fund Inc. Common Stock,Finance,Investment Managers
STEX,Streamex Corp. Common Stock,Health Care,Biotechnology: Electromedical & Electrotherapeutic Apparatus
STFS,Star Fashion Culture Holdings Limited Class A Ordinary Shares,Consumer Discretionary,Advertising
STG,Sunlands Technology Group American Depositary Shares representing Class A ordinary shares,Real Estate,Other Consumer Services
STGW,Stagwell Inc. Class A Common Stock,Consumer Discretionary,Advertising
STHO,Star Holdings Shares of Beneficial Interest,Real Estate,Real Estate
STI,Solidion Technology Inc. Common Stock,Miscellaneous,Industrial Machinery/Components
STIM,Neuronetics Inc. Common Stock,Health Care,Medical/Dental Instruments
STK,Columbia Seligman Premium Technology Growth Fund Inc,Finance,Investment Managers
STKE,Sol Strategies Inc. Common Shares,,
STKH,Steakholder Foods Ltd. American Depositary Shares,Consumer Staples,Packaged Foods
STKS,The ONE Group Hospitality Inc. Common Stock,Consumer Discretionary,Restaurants
STLA,Stellantis N.V. Common Shares,Industrials,Auto Manufacturing
STLD,Steel Dynamics Inc.,Industrials,Steel/Iron Ore
STLN,Starling Oncology Inc. Common Stock,Health Care,Medical/Nursing Services
STLNW,Starling Oncology Inc. Warrant,Health Care,Medical/Nursing Services
STM,STMicroelectronics N.V. Common Stock,Technology,Semiconductors
STN,Stantec Inc Common Stock,Consumer Discretionary,Military/Government/Technical
STNE,StoneCo Ltd. Class A Common Shares,Technology,EDP Services
STNG,Scorpio Tankers Inc. Common Shares,Consumer Discretionary,Marine Transportation
STOK,Stoke Therapeutics Inc. Common Stock,Health Care,Biotechnology: Pharmaceutical Preparations
STRA,Strategic Education Inc. Common Stock,Real Estate,Other Consumer Services
STRC,Strategy Inc Variable Rate Series A Perpetual Stretch Preferred Stock,Technology,Computer Software: Prepackaged Software
STRD,Strategy Inc 10.00% Series A Perpetual Stride Preferred Stock,Technology,Computer Software: Prepackaged Software
STRF,Strategy Inc 10.00% Series A Perpetual Strife Preferred Stock,Technology,Computer Software: Prepackaged Software
STRK,Strategy Inc 8.00% Series A Perpetual Strike Preferred Stock,Technology,Computer Software: Prepackaged Software
STRL,Sterling Infrastructure Inc. Common Stock,Industrials,Military/Government/Technical
STRO,Sutro Biopharma Inc. Common Stock,Health Care,Biotechnology: Biological Products (No Diagnostic Substances)
STRR,Star Equity Holdings Inc. Common Stock,Consumer Discretionary,Professional Services
STRRP,Star Equity Holdings Inc. 10% Series A Cumulative Perpetual Preferred Stock,Consumer Discretionary,Professional Services
STRT,STRATTEC SECURITY CORPORATION Common Stock,Consumer Discretionary,Auto Parts:O.E.M.
STRW,Strawberry Fields REIT Inc. Common Stock,Real Estate,Real Estate Investment Trusts
STRZ,Starz Entertainment Corp. Common Shares,Consumer Discretionary,Movies/Entertainment
STT,State Street Corporation Common Stock,Finance,Major Banks
STTK,Shattuck Labs Inc. Common Stock,Health Care,Biotechnology: Pharmaceutical Preparations
STUB,StubHub Holdings Inc. Class A Common Stock,Consumer Discretionary,Services-Misc. Amusement & Recreation
STVN,Stevanato Group S.p.A. Ordinary Shares,Health Care,Medical/Dental Instruments
STWD,STARWOOD PROPERTY TRUST INC. Starwood Property Trust Inc.,Real Estate,Real Estate Investment Trusts
STX,Seagate Technology Holdings PLC Ordinary Shares (Ireland),Technology,Electronic Components
STXS,Stereotaxis Inc. Common Stock,Health Care,Biotechnology: Electromedical & Electrotherapeutic Apparatus
STZ,Constellation Brands Inc. Common Stock,Consumer Staples,Beverages (Production/Distribution)
SU,Suncor Energy  Inc. Common Stock,Energy,Integrated oil Companies
SUGP,SU Group Holdings Limited Class A Ordinary Shares,Consumer Discretionary,Diversified Commercial Services
SUI,Sun Communities Inc. Common Stock,Real Estate,Real Estate Investment Trusts
SUIG,Sui Group Holdings Limited Common Stock,Finance,Finance: Consumer Services
SUJA,Suja Life Inc. Class A Common Stock,Consumer Staples,Beverages (Production/Distribution)
SUMA,SUMA Acquisition Corporation Class A Ordinary Shares,,
SUMAU,SUMA Acquisition Corporation Units,Finance,Blank Checks
SUN,Sunoco LP Common Units representing limited partner interests,Energy,Integrated oil Companies
SUNB,Sunbelt Rentals Holdings Inc. Common Stock,Consumer Discretionary,Diversified Commercial Services
SUNC,SunocoCorp LLC Common Units representing limited liability company interests,Energy,Integrated oil Companies
SUNE,SUNation Energy Inc. Common Stock,Consumer Discretionary,Engineering & Construction
SUNS,Sunrise Realty Trust Inc. Common Stock,Real Estate,Real Estate Investment Trusts
SUPN,Supernus Pharmaceuticals Inc. Common Stock,Health Care,Biotechnology: Pharmaceutical Preparations
SUPV,Grupo Supervielle S.A. American Depositary Shares each Representing five Class B shares,Finance,Commercial Banks
SUPX,SuperX AI Technology Limited Ordinary Shares,,
SURG,SurgePays Inc. Common Stock,Consumer Discretionary,Advertising
SUZ,Suzano S.A. American Depositary Shares (each representing One Ordinary Share),Basic Materials,Paper
SVAQ,Silicon Valley Acquisition Corp. Class A Ordinary Shares,Finance,Blank Checks
SVAQW,Silicon Valley Acquisition Corp. Warrants,Finance,Blank Checks
SVC,Service Properties Trust Common Shares of Beneficial Interest,Real Estate,Real Estate Investment Trusts
SVCC,Stellar V Capital Corp. Class A Ordinary Shares,,
SVCCU,Stellar V Capital Corp. Unit,Finance,Blank Checks
SVCO,Silvaco Group Inc. Common Stock,Technology,Computer Software: Prepackaged Software
SVIV,Spring Valley Acquisition Corp. IV Class A Ordinary Shares,Finance,Blank Checks
SVIVW,Spring Valley Acquisition Corp. IV Warrants,Finance,Blank Checks
SVM,Silvercorp Metals Inc. Common Shares,Basic Materials,Precious Metals
SVRA,Savara Inc. Common Stock,Health Care,Biotechnology: Pharmaceutical Preparations
SVRE,SaverOne 2014 Ltd. American Depositary Shares,Technology,EDP Services
SVREW,SaverOne 2014 Ltd. Warrant,Technology,EDP Services
SVRN,SVRN Inc. Common Stock,Consumer Discretionary,Marine Transportation
SVV,Savers Value Village Inc. Common Stock,Consumer Discretionary,Other Specialty Stores
SW,Smurfit WestRock plc Ordinary Shares,Consumer Discretionary,Containers/Packaging
SWAG,Stran & Company Inc. Common Stock,Consumer Discretionary,Advertising
SWAGW,Stran & Company Inc. Warrant,Consumer Discretionary,Advertising
SWBI,Smith & Wesson Brands Inc. Common Stock,Industrials,Ordnance And Accessories
SWIM,Latham Group Inc. Common Stock,Industrials,Plastic Products
SWK,Stanley Black & Decker Inc. Common Stock,Consumer Discretionary,Industrial Machinery/Components
SWKHL,SWK Holdings Corporation 9.00% Senior Notes due 2027,,
SWKS,Skyworks Solutions Inc. Common Stock,Technology,Semiconductors
SWMR,Swarmer Inc Common Stock,Technology,Computer Software: Prepackaged Software
SWRD,Stewards Inc Common Stock,Finance,Finance Companies
SWVL,Swvl Holdings Corp Class A Common Shares,Consumer Discretionary,Business Services
SWVLW,Swvl Holdings Corp Warrant,Consumer Discretionary,Business Services
SWX,Southwest Gas Holdings Inc. Common Stock (DE),Utilities,Oil & Gas Production
SWZ,Total Return Securities Fund Common Stock,Finance,Finance Companies
SXC,SunCoke Energy Inc. Common Stock,Industrials,Steel/Iron Ore
SXI,Standex International Corporation Common Stock,Industrials,Industrial Machinery/Components
SXT,Sensient Technologies Corporation Common Stock,Industrials,Major Chemicals
SXTC,China SXT Pharmaceuticals Inc. Class A Ordinary Shares,Health Care,Biotechnology: Pharmaceutical Preparations
SXTP,60 Degrees Pharmaceuticals Inc. Common Stock,Health Care,Biotechnology: Pharmaceutical Preparations
SXTPW,60 Degrees Pharmaceuticals Inc. Warrant,Health Care,Biotechnology: Pharmaceutical Preparations
SY,So-Young International Inc. American Depository Shares,Technology,EDP Services
SYBT,Stock Yards Bancorp Inc. Common Stock,Finance,Major Banks
SYF,Synchrony Financial Common Stock,Finance,Finance: Consumer Services
SYK,Stryker Corporation Common Stock,Health Care,Medical/Dental Instruments
SYM,Symbotic Inc. Class A Common Stock,Industrials,Industrial Machinery/Components
SYNA,Synaptics Incorporated Common Stock $0.001 Par Value,Technology,Semiconductors
SYNX,Silynxcom Ltd. Ordinary Shares,Consumer Staples,Consumer Electronics/Appliances
SYPR,Sypris Solutions Inc. Common Stock,Industrials,Industrial Machinery/Components
SYRE,Spyre Therapeutics Inc. Common Stock,Health Care,Biotechnology: Pharmaceutical Preparations
SYY,Sysco Corporation Common Stock,Consumer Discretionary,Food Distributors
SZZL,Sizzle Acquisition Corp. II Class A ordinary shares,Finance,Blank Checks
T,AT&T Inc.,Telecommunications,Telecommunications Equipment
TAC,TransAlta Corporation Ordinary Shares,Utilities,Electric Utilities: Central
TACH,Titan Acquisition Corp. Class A Ordinary Shares,Finance,Blank Checks
TACHW,Titan Acquisition Corp. Warrants,Finance,Blank Checks
TACO,Berto Acquisition Corp. Ordinary Shares,Finance,Blank Checks
TACOU,Berto Acquisition Corp. Unit,Finance,Blank Checks
TACOW,Berto Acquisition Corp. Warrant,Finance,Blank Checks
TACT,TransAct Technologies Incorporated Common Stock,Technology,Computer peripheral equipment
TAK,Takeda Pharmaceutical Company Limited American Depositary Shares (each representing 1/2 of a share of Common Stock),Health Care,Biotechnology: Pharmaceutical Preparations
TAL,TAL Education Group American Depositary Shares,Real Estate,Other Consumer Services
TALO,Talos Energy Inc. Common Stock,Energy,Oil & Gas Production
TANH,Tantech Holdings Ltd. Class A Common Shares,Industrials,Major Chemicals
TAOP,Taoping Inc. Ordinary Shares,Technology,Computer Software: Prepackaged Software
TAOX,Tao Synergies Inc. Common Stock,Finance,Finance: Consumer Services
TAP,Molson Coors Beverage Company Class B Common Stock,Consumer Staples,Beverages (Production/Distribution)
TARA,Protara Therapeutics Inc.  Common Stock,Health Care,Biotechnology: Biological Products (No Diagnostic Substances)
TARS,Tarsus Pharmaceuticals Inc. Common Stock,Health Care,Biotechnology: Biological Products (No Diagnostic Substances)
TASK,TaskUs Inc. Class A Common Stock,Technology,EDP Services
TATT,TAT Technologies Ltd. Ordinary Shares,Industrials,Aerospace
TAVI,Tavia Acquisition Corp. Ordinary Shares,Finance,Blank Checks
TAYD,Taylor Devices Inc. Common Stock,Industrials,Industrial Machinery/Components
TBB,AT&T Inc. 5.350% Global Notes due 2066,Telecommunications,Telecommunications Equipment
TBBB,BBB Foods Inc. Class A Common Shares,Consumer Staples,Food Chains
TBBK,The Bancorp Inc Common Stock,Finance,Major Banks
TBCH,Turtle Beach Corporation Common Stock,Telecommunications,Telecommunications Equipment
TBCVU,Thunder Bridge Capital Partners V Ltd. Units,Finance,Blank Checks
TBI,TrueBlue Inc. Common Stock,Consumer Discretionary,Professional Services
TBLA,Taboola.com Ltd. Ordinary Shares,Technology,Computer Software: Programming Data Processing
TBLD,Thornburg Income Builder Opportunities Trust Common Stock,Finance,Investment Managers
TBN,Tamboran Resources Corporation Common stock,Energy,Oil & Gas Production
TBPH,Theravance Biopharma Inc. Ordinary Shares,Health Care,Biotechnology: Pharmaceutical Preparations
TC,Token Cat Limited American Depositary Shares,Consumer Discretionary,Business Services
TCBI,Texas Capital Bancshares Inc. Common Stock,Finance,Major Banks
TCBIO,Texas Capital Bancshares Inc. Depositary Shares 5.75% Fixed Rate Non-Cumulative Perpetual Preferred Stock Series B,Finance,Major Banks
TCBK,TriCo Bancshares Common Stock,Finance,Major Banks
TCBS,Texas Community Bancshares Inc. Common Stock,Finance,Banks
TCBX,Third Coast Bancshares Inc. Common Stock,Finance,Banks
TCGX,TCGX Acquisition Corp. Class A Ordinary Shares,,
TCI,Transcontinental Realty Investors Inc. Common Stock,Real Estate,Real Estate Investment Trusts
TCMD,Tactile Systems Technology Inc. Common Stock,Health Care,Medical/Dental Instruments
TCOM,Trip.com Group Limited American Depositary Shares,Consumer Discretionary,Business Services
TCPA,TransCanada PipeLines Limited 6.250% Junior Subordinated Notes due 2085,Utilities,Natural Gas Distribution
TCPC,BlackRock TCP Capital Corp. Common Stock,Finance,Finance/Investors Services
TCRT,Alaunos Therapeutics Inc. Common Stock,Health Care,Biotechnology: Pharmaceutical Preparations
TCRX,TScan Therapeutics Inc. Common Stock,Health Care,Biotechnology: Biological Products (No Diagnostic Substances)
TCX,Tucows Inc. Class A Common Stock,Technology,EDP Services
TD,Toronto Dominion Bank (The) Common Stock,Finance,Commercial Banks
TDAC,Translational Development Acquisition Corp. Ordinary Shares,,
TDACU,Translational Development Acquisition Corp. Units,,
TDACW,Translational Development Acquisition Corp. Warrants,,
TDAY,USA TODAY Co. Inc. Common Stock,Consumer Discretionary,Newspapers/Magazines
TDC,Teradata Corporation Common Stock,Technology,Computer Software: Prepackaged Software
TDF,Templeton Dragon Fund Inc. Common Stock,Finance,Finance/Investors Services
TDG,Transdigm Group Incorporated Common Stock,Industrials,Military/Government/Technical
TDIC,Dreamland Limited Class A Ordinary Shares,Consumer Discretionary,Other Consumer Services
TDOC,Teladoc Health Inc. Common Stock,Health Care,Medical/Nursing Services
TDS,Telephone and Data Systems Inc. Common Shares,Telecommunications,Telecommunications Equipment
TDTH,Trident Digital Tech Holdings Ltd Class B Ordinary Shares,Consumer Discretionary,Business Services
TDUP,ThredUp Inc. Class A Common Stock,Consumer Discretionary,Catalog/Specialty Distribution
TDW,Tidewater Inc. Common Stock,Consumer Discretionary,Marine Transportation
TDWD,Tailwind 2.0 Acquisition Corp. Class A Ordinary Shares,Finance,Blank Checks
TDY,Teledyne Technologies Incorporated Common Stock,Industrials,Industrial Machinery/Components
TE,T1 Energy Inc. Common Stock,Technology,Semiconductors
TEAD,Teads Holding Co. Common Stock,Technology,Computer Software: Programming Data Processing
TEAM,Atlassian Corporation Class A Common Stock,Technology,Computer Software: Prepackaged Software
TECH,Bio-Techne Corp Common Stock,Health Care,Biotechnology: Biological Products (No Diagnostic Substances)
TECK,Teck Resources Ltd Ordinary Shares,Industrials,Mining & Quarrying of Nonmetallic Minerals (No Fuels)
TECX,Tectonic Therapeutic Inc. Common Stock,Health Care,Biotechnology: Biological Products (No Diagnostic Substances)
TEI,Templeton Emerging Markets Income Fund Inc. Common Stock,Finance,Finance Companies
TEL,TE Connectivity plc Ordinary Shares,Technology,Electronic Components
TELA,TELA Bio Inc. Common Stock,Health Care,Medical/Dental Instruments
TELO,Telomir Pharmaceuticals Inc. Common Stock,Health Care,Biotechnology: Pharmaceutical Preparations
TEM,Tempus AI Inc. Class A Common Stock,Technology,Computer Software: Programming Data Processing
TEN,Tsakos Energy Navigation Ltd Common Shares,Consumer Discretionary,Marine Transportation
TEN.F,Tsakos Energy Navigation Ltd Series F Fixed-to-Floating Rate Cumulative Redeemable Perpetual Preferred Shares par value $1.00,,
TENB,Tenable Holdings Inc. Common Stock,Technology,Computer Software: Prepackaged Software
TENX,Tenax Therapeutics Inc. Common Stock,Health Care,Biotechnology: Pharmaceutical Preparations
TEO,Telecom Argentina SA,Telecommunications,Telecommunications Equipment
TER,Teradyne Inc. Common Stock,Industrials,Electrical Products
TEVA,Teva Pharmaceutical Industries Limited Ordinary Shares,Health Care,Biotechnology: Pharmaceutical Preparations
TEX,Terex Corporation Common Stock,Industrials,Construction/Ag Equipment/Trucks
TFC,Truist Financial Corporation Common Stock,Finance,Major Banks
TFII,TFI International Inc. Common Shares,Industrials,Trucking Freight/Courier Services
TFIN,Triumph Financial Inc. Common Stock,Finance,Major Banks
TFPM,Triple Flag Precious Metals Corp. Common Shares,Industrials,Precious Metals
TFSL,TFS Financial Corporation Common Stock,Finance,Savings Institutions
TFX,Teleflex Incorporated Common Stock,Health Care,Medical/Dental Instruments
TG,Tredegar Corporation Common Stock,Industrials,Metal Fabrications
TGB,Trekor Metals Limited Common Shares,Basic Materials,Precious Metals
TGE,The Generation Essentials Group Class A Ordinary Shares,Consumer Discretionary,Newspapers/Magazines
TGEN,Tecogen Inc. Common Stock,Industrials,Industrial Machinery/Components
TGHL,The GrowHub Limited Class A Ordinary Shares,Technology,EDP Services
TGL,Treasure Global Inc. Common Stock,Consumer Discretionary,Business Services
TGLS,Tecnoglass Holdings Inc. Common Stock,Consumer Discretionary,Electronic Components
TGS,Transportadora de Gas del Sur SA TGS Common Stock,Utilities,Natural Gas Distribution
TGT,Target Corporation Common Stock,Consumer Discretionary,Department/Specialty Retail Stores
TGTX,TG Therapeutics Inc. Common Stock,Health Care,Biotechnology: Pharmaceutical Preparations
TH,Target Hospitality Corp. Common Stock,Consumer Discretionary,Hotels/Resorts
THC,Tenet Healthcare Corporation Common Stock,Health Care,Hospital/Nursing Management
THCH,TH International Limited Ordinary shares,Consumer Discretionary,Restaurants
THEO,BOA Acquisition Corp. II Class A Ordinary Shares,Finance,Blank Checks
THEOU,BOA Acquisition Corp. II Units,Finance,Blank Checks
THFF,First Financial Corporation Common Stock,Finance,Major Banks
THG,Hanover Insurance Group Inc,Finance,Property-Casualty Insurers
THH,TryHard Holdings Limited Ordinary Shares,Consumer Discretionary,Services-Misc. Amusement & Recreation
THM,International Tower Hill Mines Ltd. Ordinary Shares (Canada),Basic Materials,Metal Mining
THO,Thor Industries Inc. Common Stock,Industrials,Homebuilding
THQ,abrdn Healthcare Opportunities Fund Shares of Beneficial Interest,Finance,Finance Companies
THRM,Gentherm Inc Common Stock,Consumer Discretionary,Auto Parts:O.E.M.
THRY,Thryv Holdings Inc. Common Stock,Consumer Discretionary,Advertising
THW,abrdn World Healthcare Fund Shares of Beneficial Interest,Finance,Finance Companies
TIC,TIC Solutions Inc. Common Stock,Consumer Discretionary,Business Services
TIGO,Millicom International Cellular S.A. Common Stock,Telecommunications,Telecommunications Equipment
TIGR,UP Fintech Holding Ltd American Depositary Share representing fifteen Class A Ordinary Shares,Finance,Investment Bankers/Brokers/Service
TII,Titan Mining Corporation Common Shares,,
TIL,Instil Bio Inc. Common Stock,Health Care,Biotechnology: Biological Products (No Diagnostic Substances)
TILE,Interface Inc. Common Stock,Consumer Discretionary,Home Furnishings
TIMB,TIM S.A. American Depositary Shares (Each representing 5 Common Shares),Telecommunications,Telecommunications Equipment
TIPT,Tiptree Inc. Common Stock,Finance,Property-Casualty Insurers
TISI,Team Inc. Common Stock,Consumer Discretionary,Other Consumer Services
TITN,Titan Machinery Inc. Common Stock,Consumer Discretionary,Other Specialty Stores
TJGC,TJGC Group Limited Class A Ordinary Shares,Consumer Discretionary,Advertising
TJX,TJX Companies Inc. (The) Common Stock,Consumer Discretionary,Clothing/Shoe/Accessory Stores
TK,Teekay Corporation Ltd. Common Stock,Consumer Discretionary,Marine Transportation
TKC,Turkcell Iletisim Hizmetleri AS Common Stock,Telecommunications,Telecommunications Equipment
TKLF,Tokyo Lifestyle Co. Ltd. American Depositary Shares,Consumer Discretionary,Other Specialty Stores
TKNO,Alpha Teknova Inc. Common Stock,Health Care,Biotechnology: In Vitro & In Vivo Diagnostic Substances
TKO,TKO Group Holdings Inc. Class A Common Stock,Consumer Discretionary,Services-Misc. Amusement & Recreation
TKR,Timken Company (The) Common Stock,Industrials,Metal Fabrications
TLAC,Three Lions Acquisition Corp. Ordinary Shares,,
TLACU,Three Lions Acquisition Corp. Units,,
TLACW,Three Lions Acquisition Corp. Warrants,,
TLF,Tandy Leather Factory Inc. Common Stock,Consumer Discretionary,Apparel
TLIH,Ten-League International Holdings Limited Ordinary Shares,Consumer Discretionary,Industrial Specialties
TLK,PT Telekomunikasi Indonesia Tbk,Telecommunications,Telecommunications Equipment
TLN,Talen Energy Corporation Common Stock,Utilities,Electric Utilities: Central
TLNC,Talon Capital Corp. Class A Ordinary Shares,Finance,Blank Checks
TLNCU,Talon Capital Corp. Units,Finance,Blank Checks
TLPH,Talphera Inc. Common Stock,Health Care,Biotechnology: Pharmaceutical Preparations
TLRY,Tilray Brands Inc. Common Stock,Health Care,Medicinal Chemicals and Botanical Products
TLS,Telos Corporation Common Stock,Technology,EDP Services
TLSA,Tiziana Life Sciences Ltd. Common Shares,Health Care,Biotechnology: Pharmaceutical Preparations
TLSI,TriSalus Life Sciences Inc. Common Stock,Health Care,Medical Specialities
TLSIW,TriSalus Life Sciences Inc. Warrant,Health Care,Medical Specialities
TLX,Telix Pharmaceuticals Limited American Depositary Shares,Health Care,Biotechnology: Pharmaceutical Preparations
TLYS,Tilly's Inc. Common Stock,Consumer Discretionary,Clothing/Shoe/Accessory Stores
TM,Toyota Motor Corporation Common Stock,Industrials,Auto Manufacturing
TMC,TMC the metals company Inc. Common Stock,Basic Materials,Metal Mining
TMCI,Treace Medical Concepts Inc. Common Stock,Health Care,Medical/Dental Instruments
TMCR,The Metals Royalty Company Inc. Common Stock,Basic Materials,Precious Metals
TMDE,TMD Energy Limited Ordinary Shares,Energy,Oil Refining/Marketing
TMDX,TransMedics Group Inc. Common Stock,Health Care,Biotechnology: Electromedical & Electrotherapeutic Apparatus
TME,Tencent Music Entertainment Group American Depositary Shares each representing two Class A Ordinary Shares,Consumer Discretionary,Broadcasting
TMO,Thermo Fisher Scientific Inc Common Stock,Industrials,Industrial Machinery/Components
TMP,Tompkins Financial Corporation Common Stock,Finance,Major Banks
TMQ,Trilogy Metals Inc. Common Stock,Basic Materials,Precious Metals
TMS,Teamshares Inc. Common Stock,,
TMSWW,Teamshares Inc. Warrants,,
TMTS,Spartacus Acquisition Corp. II Class A Ordinary Shares,,
TMUS,T-Mobile US Inc. Common Stock,Telecommunications,Telecommunications Equipment
TMUSI,T-Mobile US Inc. 5.500% Senior Notes due June 2070,Telecommunications,Telecommunications Equipment
TMUSL,T-Mobile US Inc. 6.250% Senior Notes due 2069,Telecommunications,Telecommunications Equipment
TMUSZ,T-Mobile US Inc. 5.500% Senior Notes due March 2070,Telecommunications,Telecommunications Equipment
TNC,Tennant Company Common Stock,Industrials,Industrial Machinery/Components
TNDM,Tandem Diabetes Care Inc. Common Stock,Health Care,Medical/Dental Instruments
TNET,TriNet Group Inc. Common Stock,Consumer Discretionary,Business Services
TNGX,Tango Therapeutics Inc.,Health Care,Biotechnology: Pharmaceutical Preparations
TNK,Teekay Tankers Ltd.,Consumer Discretionary,Marine Transportation
TNL,Travel   Leisure Co. Common  Stock,Consumer Discretionary,Hotels/Resorts
TNMG,TNL Mediagene Ordinary Shares,Consumer Discretionary,Advertising
TNON,Tenon Medical Inc. Common Stock,Health Care,Medical/Dental Instruments
TNONW,Tenon Medical Inc. Warrant,Health Care,Medical/Dental Instruments
TNXP,Tonix Pharmaceuticals Holding Corp. Common Stock,Health Care,Biotechnology: Pharmaceutical Preparations
TNYA,Tenaya Therapeutics Inc. Common Stock,Health Care,Biotechnology: Biological Products (No Diagnostic Substances)
TOL,Toll Brothers Inc. Common Stock,Consumer Discretionary,Homebuilding
TOMZ,TOMI Environmental Solutions Inc. Common Stock,Industrials,Major Chemicals
TONT,Graf Global Corp. Class A ordinary shares,,
TONX,TON Strategy Company Common Stock,Finance,Finance: Consumer Services
TOON,Kartoon Studios Inc. Common Stock,Consumer Discretionary,Movies/Entertainment
TOP,TOP Financial Group Limited Class A Ordinary Shares,Finance,Investment Bankers/Brokers/Service
TOPP,Toppoint Holdings Inc. Common Stock,Industrials,Trucking Freight/Courier Services
TOPS,TOP Ships Inc. Common Stock,Consumer Discretionary,Marine Transportation
TORO,Toro Corp. Common Stock,Consumer Discretionary,Marine Transportation
TOST,Toast Inc. Class A Common Stock,Technology,EDP Services
TOUR,Tuniu Corporation American Depositary Shares,Consumer Discretionary,Transportation Services
TOVX,Theriva Biologics Inc. Common Stock,Health Care,Biotechnology: Pharmaceutical Preparations
TOWN,TowneBank Common Stock,Finance,Major Banks
TOYO,TOYO Co. Ltd Ordinary Shares,Consumer Discretionary,Miscellaneous manufacturing industries
TP,Ticketplus Ltd. Ordinary Shares,Consumer Discretionary,Services-Misc. Amusement & Recreation
TPB,Turning Point Brands Inc. Common Stock,Consumer Discretionary,Tobacco
TPC,Tutor Perini Corporation Common Stock,Consumer Discretionary,General Bldg Contractors - Nonresidential Bldgs
TPCS,TechPrecision Corporation Common stock,Industrials,Metal Fabrications
TPET,Trio Petroleum Corp. Common Stock,Energy,Oil & Gas Production
TPG,TPG Inc. Class A Common Stock,Finance,Investment Managers
TPGXL,TPG Operating Group II L.P. 6.950% Fixed-Rate Junior Subordinated Notes due 2064,,
TPL,Texas Pacific Land Corporation Common Stock,Energy,Oil & Gas Production
TPR,Tapestry Inc. Common Stock,Consumer Discretionary,Apparel
TPST,Tempest Therapeutics Inc. Common Stock,Health Care,Biotechnology: Pharmaceutical Preparations
TPTS,Terra Property Trust Inc. 7.00% Senior Secured Notes due 2029,Real Estate,Real Estate Investment Trusts
TPVG,TriplePoint Venture Growth BDC Corp. Common Stock,Consumer Discretionary,Other Consumer Services
TR,Tootsie Roll Industries Inc. Common Stock,Consumer Staples,Specialty Foods
TRAD,APEX Tech Acquisition Inc. Ordinary Shares,Finance,Investment Bankers/Brokers/Service
TRAK,ReposiTrak Inc. Common Stock,Technology,EDP Services
TRAW,Traws Pharma Inc. Common Stock,Health Care,Biotechnology: Pharmaceutical Preparations
TRAX,First Tracks Biotherapeutics Inc. Ordinary Shares,Health Care,Biotechnology: Pharmaceutical Preparations
TRBG,TurboGen Ltd. Ordinary Shares,Utilities,Power Generation
TRC,Tejon Ranch Co Common Stock,Finance,Real Estate
TRDA,Entrada Therapeutics Inc. Common Stock,Health Care,Biotechnology: Pharmaceutical Preparations
TREE,LendingTree Inc. Common Stock,Finance,Finance: Consumer Services
TREO,Tactical Resources Corp. Common Shares,Basic Materials,Metal Mining
TREX,Trex Company Inc. Common Stock,Basic Materials,Forest Products
TRGP,Targa Resources Inc. Common Stock,Utilities,Natural Gas Distribution
TRGS,TRG Latin America Acquisitions Corp. Class A Ordinary Shares,Finance,Blank Checks
TRGSR,TRG Latin America Acquisitions Corp. Rights,Finance,Blank Checks
TRGSU,TRG Latin America Acquisitions Corp. Units,,
TRI,Thomson Reuters Corporation Common Shares,Consumer Discretionary,Publishing
TRIB,Trinity Biotech plc American Depositary Shares,Health Care,Biotechnology: In Vitro & In Vivo Diagnostic Substances
TRIN,Trinity Capital Inc. Common Stock,Finance,Finance: Consumer Services
TRIP,TripAdvisor Inc. Common Stock,Technology,Computer Software: Programming Data Processing
TRLV,Trulieve Cannabis Corp. Subordinate Voting Shares,Health Care,Medicinal Chemicals and Botanical Products
TRMB,Trimble Inc. Common Stock,Industrials,Industrial Machinery/Components
TRMD,TORM plc Class A Common Stock,Consumer Discretionary,Marine Transportation
TRMK,Trustmark Corporation Common Stock,Finance,Major Banks
TRN,Trinity Industries Inc. Common Stock,Industrials,Railroads
TRNI,Trinity Capital Inc. 7.875% Notes Due 2029,Finance,Finance: Consumer Services
TRNO,Terreno Realty Corporation Common Stock,Finance,Real Estate
TRNR,Interactive Strength Inc. Common Stock,Technology,Consumer Electronics/Appliances
TRNS,Transcat Inc. Common Stock,Industrials,Electrical Products
TRNZ,Trinity Capital Inc. 7.875% Notes due 2029,Finance,Finance: Consumer Services
TRON,Tron Inc. Common Stock,Finance,Finance: Consumer Services
TROO,TROOPS Inc. Ordinary Shares,Finance,Diversified Financial Services
TROW,T. Rowe Price Group Inc. Common Stock,Finance,Investment Managers
TROX,Tronox Holdings plc Ordinary Shares (UK),Basic Materials,Major Chemicals
TRP,TC Energy Corporation Common Stock,Utilities,Natural Gas Distribution
TRS,TriMas Corporation Common Stock,Industrials,Industrial Specialties
TRSG,Tungray Technologies Inc Class A Ordinary Shares,Industrials,Industrial Machinery/Components
TRST,TrustCo Bank Corp NY Common Stock,Finance,Major Banks
TRT,Trio-Tech International Common Stock,Technology,Industrial Machinery/Components
TRTX,TPG RE Finance Trust Inc. Common Stock,Real Estate,Real Estate Investment Trusts
TRU,TransUnion Common Stock,Finance,Finance: Consumer Services
TRUG,TruGolf Holdings Inc. Class A Common Stock,Consumer Discretionary,Recreational Games/Products/Toys
TRUP,Trupanion Inc. Common Stock,Health Care,Medical Specialities
TRV,The Travelers Companies Inc. Common Stock,Finance,Property-Casualty Insurers
TRVG,trivago N.V. American Depositary Shares,Technology,EDP Services
TRVI,Trevi Therapeutics Inc. Common Stock,Health Care,Biotechnology: Pharmaceutical Preparations
TRX,TRX Gold Corporation Common Stock,Basic Materials,Precious Metals
TS,Tenaris S.A. American Depositary Shares,Industrials,Steel/Iron Ore
TSAT,Telesat Corporation Class A Common Shares and Class B Variable Voting Shares,Industrials,Metal Fabrications
TSBK,Timberland Bancorp Inc. Common Stock,Finance,Banks
TSCO,Tractor Supply Company Common Stock,Consumer Discretionary,RETAIL: Building Materials
TSEM,Tower Semiconductor Ltd. Ordinary Shares,Technology,Semiconductors
TSHA,Taysha Gene Therapies Inc. Common Stock,Health Care,Biotechnology: Biological Products (No Diagnostic Substances)
TSI,TCW Strategic Income Fund Inc. Common Stock,Finance,Investment Managers
TSLA,Tesla Inc. Common Stock,Industrials,Auto Manufacturing
TSLX,Sixth Street Specialty Lending Inc. Common Stock,Finance,Investment Managers
TSM,Taiwan Semiconductor Manufacturing Company Ltd.,Technology,Semiconductors
TSN,Tyson Foods Inc. Common Stock,Consumer Staples,Meat/Poultry/Fish
TSQ,Townsquare Media Inc. Class A Common Stock,Consumer Discretionary,Broadcasting
TSSI,TSS Inc. Common Stock,Consumer Discretionary,Professional Services
TT,Trane Technologies plc,Industrials,Auto Parts:O.E.M.
TTAM,Titan America SA Common Shares,Industrials,Mining & Quarrying of Nonmetallic Minerals (No Fuels)
TTAN,ServiceTitan Inc. Class A Common Stock,Technology,Computer Software: Prepackaged Software
TTC,Toro Company (The) Common Stock,Consumer Discretionary,Tools/Hardware
TTD,The Trade Desk Inc. Class A Common Stock,Technology,Computer Software: Programming Data Processing
TTE,TotalEnergies SE Ordinary Shares,Energy,Oil & Gas Production
TTEC,TTEC Holdings Inc. Common Stock,Consumer Discretionary,Professional Services
TTEK,Tetra Tech Inc. Common Stock,Consumer Discretionary,Military/Government/Technical
TTGT,TechTarget Inc. Common Stock,Telecommunications,Telecommunications Equipment
TTI,Tetra Technologies Inc. Common Stock,Energy,Oil & Gas Production
TTMI,TTM Technologies Inc. Common Stock,Technology,Electrical Products
TTRX,Turn Therapeutics Inc. Common Stock,Health Care,Biotechnology: Pharmaceutical Preparations
TTWO,Take-Two Interactive Software Inc. Common Stock,Technology,Computer Software: Prepackaged Software
TU,Telus Corporation Ordinary Shares,Telecommunications,Telecommunications Equipment
TULP,Bloomia Holdings Inc. Common Stock,Consumer Staples,Farming/Seeds/Milling
TURB,Turbo Energy S.A. American Depositary Shares,Miscellaneous,Industrial Machinery/Components
TUSK,Mammoth Energy Services Inc. Common Stock,Energy,Oilfield Services/Equipment
TUYA,Tuya Inc. American Depositary Shares each representing one Class A Ordinary Share,Technology,Computer Software: Prepackaged Software
TV,Grupo Televisa S.A.B. Common Stock,Industrials,Broadcasting
TVA,Texas Ventures Acquisition III Corp Class A Ordinary Share,,
TVACW,Texas Ventures Acquisition III Corp Warrants,,
TVAI,Thayer Ventures Acquisition Corporation II Class A Ordinary Shares,,
TVAIU,Thayer Ventures Acquisition Corporation II Unit,Finance,Blank Checks
TVC,Tennessee Valley Authority Common Stock,Utilities,Electric Utilities: Central
TVE,Tennessee Valley Authority,Utilities,Electric Utilities: Central
TVGN,Tevogen Inc. Common Stock,Health Care,Biotechnology: Biological Products (No Diagnostic Substances)
TVGNW,Tevogen Inc. Warrant,Health Care,Biotechnology: Biological Products (No Diagnostic Substances)
TVIV,Texas Ventures Acquisition IV Corp Class A Ordinary Shares,,
TVIVU,Texas Ventures Acquisition IV Corp Units,,
TVRD,Tvardi Therapeutics Inc. Common Stock,Health Care,Biotechnology: Pharmaceutical Preparations
TVTX,Travere Therapeutics Inc. Common Stock,Health Care,Biotechnology: Pharmaceutical Preparations
TW,Tradeweb Markets Inc. Class A Common Stock,Finance,Investment Bankers/Brokers/Service
TWAV,TaoWeave Inc. Common Stock,Technology,Computer Software: Programming Data Processing
TWFG,TWFG Inc. Class A Common Stock,Finance,Specialty Insurers
TWG,Top Wealth Group Holding Limited Class A Ordinary Shares,Consumer Staples,Packaged Foods
TWI,Titan International Inc. (DE) Common Stock,Industrials,Steel/Iron Ore
TWIN,Twin Disc Incorporated Common Stock,Industrials,Industrial Machinery/Components
TWLO,Twilio Inc. Class A Common Stock,Technology,Computer Software: Prepackaged Software
TWLV,Twelve Seas Investment Company III Class A Ordinary Shares,Finance,Blank Checks
TWLVR,Twelve Seas Investment Company III Rights,Finance,Blank Checks
TWN,Taiwan Fund Inc. (The) Common Stock,Finance,Trusts Except Educational Religious and Charitable
TWOD,Two Harbors Investments Corp 9.375% Senior Notes due 2030,Real Estate,Real Estate Investment Trusts
TWST,Twist Bioscience Corporation Common Stock,Health Care,Biotechnology: Biological Products (No Diagnostic Substances)
TX,Ternium S.A. Ternium S.A. American Depositary Shares (each representing ten shares USD1.00 par value),Industrials,Steel/Iron Ore
TXG,10x Genomics Inc. Class A Common Stock,Industrials,Biotechnology: Laboratory Analytical Instruments
TXMD,TherapeuticsMD Inc. Common Stock,Health Care,Biotechnology: Pharmaceutical Preparations
TXN,Texas Instruments Incorporated Common Stock,Technology,Semiconductors
TXNM,TXNM Energy Inc. Common Stock,Utilities,Electric Utilities: Central
TXO,TXO Partners L.P. Common Units Representing Limited Partner Interests,Energy,Oil & Gas Production
TXRH,Texas Roadhouse Inc. Common Stock,Consumer Discretionary,Restaurants
TXT,Textron Inc. Common Stock,Industrials,Aerospace
TY,Tri Continental Corporation Common Stock,Finance,Finance Companies
TYG,Tortoise Energy Infrastructure Corporation Common Stock,Finance,Investment Managers
TYGO,Tigo Energy Inc. Common Stock,Technology,Semiconductors
TYL,Tyler Technologies Inc. Common Stock,Technology,Computer Software: Prepackaged Software
TYRA,Tyra Biosciences Inc. Common Stock,Health Care,Biotechnology: Pharmaceutical Preparations
TZOO,Travelzoo Common Stock,Consumer Discretionary,Advertising
U,Unity Software Inc. Common Stock,Technology,Computer Software: Prepackaged Software
UA,Under Armour Inc. Class C Common Stock,Consumer Discretionary,Apparel
UAA,Under Armour Inc. Class A Common Stock,Consumer Discretionary,Apparel
UAC,United Acquisition Corp. I Class A Ordinary Shares,Finance,Blank Checks
UAL,United Airlines Holdings Inc. Common Stock,Consumer Discretionary,Air Freight/Delivery Services
UAMY,United States Antimony Corporation Common Stock,Industrials,Metal Fabrications
UAN,CVR Partners LP Common Units representing Limited Partner Interests,Industrials,Agricultural Chemicals
UAVS,AgEagle Aerial Systems Inc. Common Stock,Industrials,Aerospace
UBCP,United Bancorp Inc. Common Stock,Finance,Major Banks
UBER,Uber Technologies Inc. Common Stock,Consumer Discretionary,Business Services
UBS,UBS Group AG Registered Ordinary Shares,Finance,Major Banks
UBSI,United Bankshares Inc. Common Stock,Finance,Major Banks
UCAR,U Power Limited Class A Ordinary Shares,Miscellaneous,Industrial Machinery/Components
UCB,United Community Banks Inc. Common Stock,Finance,Major Banks
UCL,uCloudlink Group Inc. American Depositary Shares,Consumer Discretionary,Telecommunications Equipment
UCTT,Ultra Clean Holdings Inc. Common Stock,Technology,Semiconductors
UDR,UDR Inc. Common Stock,Real Estate,Real Estate Investment Trusts
UE,Urban Edge Properties Common Shares of Beneficial Interest,Finance,Real Estate
UEC,Uranium Energy Corp. Common Stock,Basic Materials,Other Metals and Minerals
UEIC,Universal Electronics Inc. Common Stock,Consumer Staples,Consumer Electronics/Appliances
UFCS,United Fire Group Inc. Common Stock,Finance,Property-Casualty Insurers
UFG,Uni-Fuels Holdings Limited Class A Ordinary Shares,Energy,Oil Refining/Marketing
UFI,Unifi Inc. New Common Stock,Consumer Discretionary,Textiles
UFPI,UFP Industries Inc. Common Stock,Basic Materials,Forest Products
UFPT,UFP Technologies Inc. Common Stock,Health Care,Medical/Dental Instruments
UG,United-Guardian Inc. Common Stock,Consumer Discretionary,Package Goods/Cosmetics
UGI,UGI Corporation Common Stock,Utilities,Natural Gas Distribution
UGP,Ultrapar Participacoes S.A. (New) American Depositary Shares (Each representing one Common Share),Utilities,Oil/Gas Transmission
UHAL,U-Haul Holding Company Common Stock,Consumer Discretionary,Rental/Leasing Companies
UHS,Universal Health Services Inc. Common Stock,Health Care,Hospital/Nursing Management
UHT,Universal Health Realty Income Trust Common Stock,Real Estate,Real Estate Investment Trusts
UI,Ubiquiti Inc. Common Stock,Technology,Radio And Television Broadcasting And Communications Equipment
UIS,Unisys Corporation New Common Stock,Technology,EDP Services
UK,Ucommune International Ltd Class A Ordinary Shares,Consumer Discretionary,Business Services
UL,Unilever PLC American Depositary Shares (each representing One Ordinary Share),Consumer Discretionary,Package Goods/Cosmetics
ULBI,Ultralife Corporation Common Stock,Miscellaneous,Industrial Machinery/Components
ULCC,Frontier Group Holdings Inc. Common Stock,Consumer Discretionary,Air Freight/Delivery Services
ULH,Universal Logistics Holdings Inc. Common Stock,Industrials,Trucking Freight/Courier Services
ULS,UL Solutions Inc. Class A Common Stock,Health Care,Precision Instruments
ULTA,Ulta Beauty Inc. Common Stock,Consumer Discretionary,Other Specialty Stores
UMAC,Unusual Machines Inc. Common Stock,Technology,Radio And Television Broadcasting And Communications Equipment
UMBF,UMB Financial Corporation Common Stock,Finance,Major Banks
UMBFO,UMB Financial Corporation Depositary Shares Each Representing a 1/400th Interest in a Share of 7.750% Fixed-Rate Reset Non-Cumulative Perpetual Preferred Stock Series B,Finance,Major Banks
UMC,United Microelectronics Corporation (NEW) Common Stock,Technology,Semiconductors
UMH,UMH Properties Inc. Common Stock,Real Estate,Real Estate Investment Trusts
UNB,Union Bankshares Inc. Common Stock,Finance,Major Banks
UNCY,Unicycive Therapeutics Inc. Common Stock,Health Care,Biotechnology: Pharmaceutical Preparations
UNF,Unifirst Corporation Common Stock,Consumer Discretionary,Other Consumer Services
UNFI,United Natural Foods Inc. Common Stock,Consumer Discretionary,Food Distributors
UNH,UnitedHealth Group Incorporated Common Stock (DE),Health Care,Medical Specialities
UNIT,Uniti Group Inc. Common Stock,Real Estate,Real Estate Investment Trusts
UNM,Unum Group Common Stock,Finance,Accident &Health Insurance
UNMA,Unum Group 6.250% Junior Subordinated Notes due 2058,Finance,Accident &Health Insurance
UNP,Union Pacific Corporation Common Stock,Industrials,Railroads
UNTY,Unity Bancorp Inc. Common Stock,Finance,Major Banks
UONE,Urban One Inc. Class A Common Stock,Consumer Discretionary,Broadcasting
UONEK,Urban One Inc. Class D Common Stock,Consumer Discretionary,Broadcasting
UP,Wheels Up Experience Inc. Class A Common Stock,Consumer Discretionary,Transportation Services
UPB,Upstream Bio Inc. Common Stock,Health Care,Biotechnology: Pharmaceutical Preparations
UPBD,Upbound Group Inc. Common Stock,Consumer Discretionary,Diversified Commercial Services
UPC,Universe Pharmaceuticals Inc. Class A Ordinary Shares,Health Care,Biotechnology: Pharmaceutical Preparations
UPLD,Upland Software Inc. Common Stock,Technology,Computer Software: Prepackaged Software
UPS,United Parcel Service Inc. Common Stock,Industrials,Trucking Freight/Courier Services
UPST,Upstart Holdings Inc. Common stock,Finance,Finance: Consumer Services
UPWK,Upwork Inc. Common Stock,Technology,EDP Services
UPXI,Upexi Inc. Common Stock,Finance,Finance: Consumer Services
URBN,Urban Outfitters Inc. Common Stock,Consumer Discretionary,Clothing/Shoe/Accessory Stores
URG,Ur Energy Inc Common Shares (Canada),Basic Materials,Precious Metals
URGN,UroGen Pharma Ltd. Ordinary Shares,Health Care,Biotechnology: Pharmaceutical Preparations
URI,United Rentals Inc. Common Stock,Consumer Discretionary,Diversified Commercial Services
UROY,Uranium Royalty Corp. Common Stock,Finance,Investment Bankers/Brokers/Service
USA,Liberty All-Star Equity Fund Common Stock,Finance,Finance Companies
USAC,USA Compression Partners LP Common Units Representing Limited Partner Interests,Utilities,Natural Gas Distribution
USAR,USA Rare Earth Inc. Class A Common Stock,Basic Materials,Metal Mining
USAS,Americas Gold and Silver Corporation Common Shares no par value,Basic Materials,Metal Mining
USAU,U.S. Gold Corp. Common Stock,Basic Materials,Metal Mining
USB,U.S. Bancorp Common Stock,Finance,Major Banks
USBC,USBC Inc. Common Stock,Finance,Finance: Consumer Services
USCB,USCB Financial Holdings Inc. Class A Common Stock,Finance,Major Banks
USDE,StablecoinX Inc. Class A Common Stock,Finance,Finance: Consumer Services
USDEW,StablecoinX Inc. Warrants,Finance,Finance: Consumer Services
USEA,United Maritime Corporation Common Stock,Consumer Discretionary,Marine Transportation
USFD,US Foods Holding Corp. Common Stock,Consumer Discretionary,Food Distributors
USGO,U.S. GoldMining Inc. Common stock,Basic Materials,Precious Metals
USIO,Usio Inc. Common Stock,Finance,Investment Bankers/Brokers/Service
USLM,United States Lime & Minerals Inc. Common Stock,Industrials,Mining & Quarrying of Nonmetallic Minerals (No Fuels)
USNA,USANA Health Sciences Inc. Common Stock,Health Care,Medicinal Chemicals and Botanical Products
USPH,U.S. Physical Therapy Inc. Common Stock,Health Care,Medical/Nursing Services
UTF,Cohen & Steers Infrastructure Fund Inc Common Stock,Finance,Finance Companies
UTG,Reaves Utility Income Fund Common Shares of Beneficial Interest,Finance,Investment Managers
UTHR,United Therapeutics Corporation Common Stock,Health Care,Biotechnology: Pharmaceutical Preparations
UTI,Universal Technical Institute Inc Common Stock,Real Estate,Other Consumer Services
UTL,UNITIL Corporation Common Stock,Utilities,Power Generation
UTMD,Utah Medical Products Inc. Common Stock,Health Care,Medical/Dental Instruments
UTSI,UTStarcom Holdings Corp. Ordinary Shares,Telecommunications,Telecommunications Equipment
UTZ,Utz Brands Inc Class A Common Stock,Consumer Staples,Packaged Foods
UUU,Universal Safety Products Inc. Common Stock,Technology,Electronic Components
UUUU,Energy Fuels Inc Ordinary Shares (Canada),Industrials,Mining & Quarrying of Nonmetallic Minerals (No Fuels)
UVE,UNIVERSAL INSURANCE HOLDINGS INC Common Stock,Finance,Property-Casualty Insurers
UVSP,Univest Financial Corporation Common Stock,Finance,Major Banks
UVV,Universal Corporation Common Stock,Industrials,Farming/Seeds/Milling
UWMC,UWM Holdings Corporation Class A Common Stock,Finance,Finance: Consumer Services
UXIN,Uxin Limited ADS,Consumer Discretionary,Business Services
UYSC,UY Scuti Acquisition Corp. Ordinary Shares,Finance,Blank Checks
UYSCR,UY Scuti Acquisition Corp. Rights,Finance,Blank Checks
UZD,Array Digital Infrastructure Inc. 6.250% Senior Notes due 2069,Telecommunications,Telecommunications Equipment
UZE,Array Digital Infrastructure Inc. 5.500% Senior Notes due 2070,Telecommunications,Telecommunications Equipment
UZF,Array Digital Infrastructure Inc. 5.500% Senior Notes due 2070,Telecommunications,Telecommunications Equipment
UZX,Linkage Global Inc. Class A Ordinary Shares,Consumer Discretionary,Catalog/Specialty Distribution
V,Visa Inc.,Consumer Discretionary,Business Services
VABK,Virginia National Bankshares Corporation Common Stock,Finance,Major Banks
VAC,Marriott Vacations Worldwide Corporation Common Stock,Finance,Real Estate
VACI,Viking Acquisition Corp. I Class A Ordinary Shares,Telecommunications,Telecommunications Equipment
VAI,Valor Energy Incorporated Common Stock,Consumer Discretionary,Rental/Leasing Companies
VAL,Valaris Limited Common Shares,Energy,Oil & Gas Production
VALE,VALE S.A.  American Depositary Shares Each Representing one common share,Basic Materials,Metal Mining
VALN,Valneva SE American Depositary Shares,Health Care,Biotechnology: Biological Products (No Diagnostic Substances)
VALU,Value Line Inc. Common Stock,Finance,Investment Managers
VANI,Vivani Medical Inc. Common Stock (DE),Health Care,Biotechnology: Electromedical & Electrotherapeutic Apparatus
VATE,INNOVATE Corp. Common Stock,Industrials,Metal Fabrications
VBF,Invesco Bond Fund Common Stock,Finance,Trusts Except Educational Religious and Charitable
VBIO,Valion Bio Inc. Common Stock,Health Care,Biotechnology: Electromedical & Electrotherapeutic Apparatus
VBNK,VersaBank Common Shares,Finance,Commercial Banks
VC,Visteon Corporation Common Stock,Consumer Discretionary,Auto Parts:O.E.M.
VCEL,Vericel Corporation Common Stock,Health Care,Biotechnology: Biological Products (No Diagnostic Substances)
VCIG,VCI Global Limited Ordinary Share,Consumer Discretionary,Diversified Commercial Services
VCRE,Vicore Pharma Holding AB American Depositary Shares,Health Care,Biotechnology: Pharmaceutical Preparations
VCTR,Victory Capital Holdings Inc. Class A Common Stock,Finance,Investment Managers
VCV,Invesco California Value Municipal Income Trust Common Stock,Finance,Trusts Except Educational Religious and Charitable
VCX,Fundrise Innovation Fund LLC Common Shares of Limited Liability Company Interests,,
VCYT,Veracyte Inc. Common Stock,Health Care,Medical Specialities
VECA,Vernal Capital Acquisition Corp. Ordinary Shares,Finance,Blank Checks
VECO,Veeco Instruments Inc. Common Stock,Technology,Industrial Machinery/Components
VEEA,Veea Inc. Common Stock,Technology,EDP Services
VEEAW,Veea Inc. Warrant,Technology,EDP Services
VEEE,Twin Vee PowerCats Co. Common Stock,Industrials,Marine Transportation
VEEV,Veeva Systems Inc. Class A Common Stock,Technology,Computer Software: Prepackaged Software
VEL,Velocity Financial Inc. Common Stock,Finance,Finance: Consumer Services
VELO,Velo3D Inc. Common stock,Technology,Industrial Machinery/Components
VENU,Venu Holding Corporation Common Stock,Consumer Discretionary,Services-Misc. Amusement & Recreation
VEON,VEON Ltd. ADS,Telecommunications,Telecommunications Equipment
VERA,Vera Therapeutics Inc. Class A Common Stock,Health Care,Biotechnology: Pharmaceutical Preparations
VERI,Veritone Inc. Common Stock,Technology,EDP Services
VERU,Veru Inc. Common Stock,Health Care,Biotechnology: Pharmaceutical Preparations
VERX,Vertex Inc. Class A Common Stock,Technology,Computer Software: Prepackaged Software
VET,Vermilion Energy Inc. Common (Canada),Energy,Oil & Gas Production
VFC,V.F. Corporation Common Stock,Industrials,Garments and Clothing
VFF,Village Farms International Inc. Common Shares,Consumer Staples,Farming/Seeds/Milling
VFS,VinFast Auto Ltd. Ordinary Shares,Industrials,Auto Manufacturing
VFSWW,VinFast Auto Ltd. Warrant,Industrials,Auto Manufacturing
VG,Venture Global Inc. Class A common stock,Utilities,Oil/Gas Transmission
VGAS,Verde Clean Fuels Inc. Class A Common Stock,Industrials,Major Chemicals
VGASW,Verde Clean Fuels Inc. Warrant,Industrials,Major Chemicals
VGI,Virtus Global Multi-Sector Income Fund Common Shares of Beneficial Interest,Finance,Investment Managers
VGM,Invesco Trust for Investment Grade Municipals Common Stock (DE),Finance,Trusts Except Educational Religious and Charitable
VGNT,Versigent PLC Ordinary Shares,Consumer Discretionary,Auto Parts:O.E.M.
VGZ,Vista Gold Corp Common Stock,Basic Materials,Precious Metals
VHC,VirnetX Holding Corp Common Stock,Miscellaneous,Multi-Sector Companies
VHCP,Vine Hill Capital Investment Corp. II Class A Ordinary Shares,,
VHI,Valhi Inc. Common Stock,Basic Materials,Major Chemicals
VHUB,VenHub Global Inc. Common Stock,Technology,Industrial Machinery/Components
VIA,Via Transportation Inc. Class A Common Stock,Technology,Computer Software: Prepackaged Software
VIAV,Viavi Solutions Inc. Common Stock,Technology,Semiconductors
VICI,VICI Properties Inc. Common Stock,Real Estate,Real Estate Investment Trusts
VICR,Vicor Corporation Common Stock,Technology,Industrial Machinery/Components
VIDA,VIDA Global Inc. Class A Common Stock,Technology,Computer Software: Prepackaged Software
VII,Viking Acquisition Corp. II Class A Ordinary Shares,,
VIK,Viking Holdings Ltd Ordinary Shares,Consumer Discretionary,Marine Transportation
VINP,Vinci Compass Investments Ltd. Class A Common Shares,Finance,Investment Managers
VIOT,Viomi Technology Co. Ltd American Depositary Shares,Consumer Discretionary,Consumer Electronics/Appliances
VIP,Vulcan Infrastructure and Power Inc. Class A Common Stock,Finance,Finance: Consumer Services
VIPS,Vipshop Holdings Limited American Depositary Shares each representing two ordinary shares,Consumer Discretionary,Catalog/Specialty Distribution
VIR,Vir Biotechnology Inc. Common Stock,Health Care,Biotechnology: Biological Products (No Diagnostic Substances)
VIRC,Virco Manufacturing Corporation Common Stock,Consumer Discretionary,Industrial Specialties
VIRT,Virtu Financial Inc. Class A Common Stock,Finance,Investment Bankers/Brokers/Service
VISN,Vistance Networks Inc. Common Stock,Technology,Radio And Television Broadcasting And Communications Equipment
VIST,Vista Energy S.A.B. de C.V. American Depositary Shares each representing one series A share with no par value,Energy,Oil & Gas Production
VITL,Vital Farms Inc. Common Stock,Consumer Staples,Packaged Foods
VIV,Telefonica Brasil S.A. American Depositary Shares (Each representing One Common Share),Telecommunications,Telecommunications Equipment
VIVK,Vivakor Inc. Common Stock,Utilities,Environmental Services
VIVO,VivoPower PLC Class A Ordinary Shares,Utilities,Power Generation
VIVS,VivoSim Labs Inc. Common Stock,Health Care,Biotechnology: Biological Products (No Diagnostic Substances)
VKI,Invesco Advantage Municipal Income Trust II Common Shares of Beneficial Interest (DE),Finance,Finance Companies
VKQ,Invesco Municipal Trust Common Stock,Finance,Trusts Except Educational Religious and Charitable
VKTX,Viking Therapeutics Inc. Common Stock,Health Care,Biotechnology: Pharmaceutical Preparations
VLGEA,Village Super Market Inc. Class A Common Stock,Consumer Staples,Food Chains
VLN,Valens Semiconductor Ltd. Ordinary Shares,Technology,Semiconductors
VLO,Valero Energy Corporation Common Stock,Energy,Integrated oil Companies
VLOS,Velos Acquisition I Corp. Class A Ordinary shares,,
VLOSU,Velos Acquisition I Corp. Units,Finance,Blank Checks
VLRS,Controladora Vuela Compania de Aviacion S.A.B. de C.V. American Depositary Shares each representing ten (10) Ordinary Participation Certificates,Consumer Discretionary,Air Freight/Delivery Services
VLT,Invesco High Income Trust II,Finance,Trusts Except Educational Religious and Charitable
VLTO,Veralto Corp Common Stock,Industrials,Electrical Products
VLY,Valley National Bancorp Common Stock,Finance,Major Banks
VLYPN,Valley National Bancorp 8.250% Fixed-Rate Reset Non-Cumulative Perpetual Preferred Stock Series C,Finance,Major Banks
VLYPO,Valley National Bancorp 5.50% Fixed-to-Floating Rate Non-Cumulative Perpetual Preferred Stock Series B,Finance,Major Banks
VLYPP,Valley National Bancorp 6.25% Fixed-to-Floating Rate Non-Cumulative Perpetual Preferred Stock Series A,Finance,Major Banks
VMAR,Vision Marine Technologies Inc. Common Shares,Industrials,Marine Transportation
VMC,Vulcan Materials Company (Holding Company) Common Stock,Industrials,Mining & Quarrying of Nonmetallic Minerals (No Fuels)
VMD,Viemed Healthcare Inc. Common Shares,Health Care,Misc Health and Biotechnology Services
VMET,Versamet Royalties Corporation Common Stock,Industrials,Precious Metals
VMI,Valmont Industries Inc. Common Stock,Industrials,Metal Fabrications
VMO,Invesco Municipal Opportunity Trust Common Stock,Finance,Trusts Except Educational Religious and Charitable
VMRK,Vivmark Residential Common Shares of Beneficial Interest,Real Estate,Real Estate Investment Trusts
VNCE,Vince Holding Corp. Common Stock,Consumer Discretionary,Clothing/Shoe/Accessory Stores
VNDA,Vanda Pharmaceuticals Inc. Common Stock,Health Care,Biotechnology: Pharmaceutical Preparations
VNET,VNET Group Inc. American Depositary Shares,Technology,Computer Software: Programming Data Processing
VNME,Vendome Acquisition Corporation I Class A Ordinary Shares,Finance,Blank Checks
VNMEW,Vendome Acquisition Corporation I Warrant,Finance,Blank Checks
VNO,Vornado Realty Trust Common Stock,Real Estate,Real Estate Investment Trusts
VNOM,Viper Energy Inc. Class A Common Stock,Energy,Oil & Gas Production
VNRX,VolitionRX Limited Common Stock,Health Care,Biotechnology: In Vitro & In Vivo Diagnostic Substances
VNT,Vontier Corporation Common Stock,Industrials,Industrial Machinery/Components
VNTG,Vantage Corp Class A Ordinary Shares,Industrials,Integrated Freight & Logistics
VOC,VOC Energy Trust Units of Beneficial Interest,Energy,Oil & Gas Production
VOD,Vodafone Group Plc American Depositary Shares,Telecommunications,Telecommunications Equipment
VOGX,Vogenx Inc Common Stock,Health Care,Biotechnology: Pharmaceutical Preparations
VOR,Vor Biopharma Inc. Common Stock,Health Care,Biotechnology: Biological Products (No Diagnostic Substances)
VOXR,Vox Royalty Corp. Common Stock,Basic Materials,Precious Metals
VOYA,Voya Financial Inc. Common Stock,Finance,Life Insurance
VOYG,Voyager Technologies Inc. Class A Common Stock,Industrials,Military/Government/Technical
VPG,Vishay Precision Group Inc. Common Stock,Technology,Electrical Products
VPV,Invesco Pennsylvania Value Municipal Income Trust Common Stock (DE),Finance,Trusts Except Educational Religious and Charitable
VRA,Vera Bradley Inc. Common Stock,Consumer Discretionary,Apparel
VRAX,Virax Biolabs Group Limited Ordinary Shares,Health Care,Biotechnology: In Vitro & In Vivo Diagnostic Substances
VRCA,Verrica Pharmaceuticals Inc. Common Stock,Health Care,Biotechnology: Pharmaceutical Preparations
VRDN,Viridian Therapeutics Inc. Common Stock,Health Care,Biotechnology: Pharmaceutical Preparations
VREX,Varex Imaging Corporation Common Stock,Technology,Industrial Machinery/Components
VRM,Vroom Inc. Common Stock,Consumer Discretionary,Retail-Auto Dealers and Gas Stations
VRME,VerifyMe Inc. Common Stock,Technology,EDP Services
VRNS,Varonis Systems Inc. Common Stock,Technology,Computer Software: Prepackaged Software
VRRM,Verra Mobility Corporation Class A Common Stock,Consumer Discretionary,Transportation Services
VRSK,Verisk Analytics Inc. Common Stock,Technology,EDP Services
VRSN,VeriSign Inc. Common Stock,Technology,EDP Services
VRT,Vertiv Holdings LLC Class A Common Stock,Technology,Industrial Machinery/Components
VRTS,Virtus Investment Partners Inc. Common Stock,Finance,Investment Managers
VRTX,Vertex Pharmaceuticals Incorporated Common Stock,Health Care,Biotechnology: Pharmaceutical Preparations
VRXA,Veraxa Biotech AG Ordinary Shares,Health Care,Biotechnology: Pharmaceutical Preparations
VRXAW,Veraxa Biotech AG Warrants,Health Care,Biotechnology: Pharmaceutical Preparations
VS,Versus Systems Inc. Common Stock,Technology,EDP Services
VSA,VisionSys AI Inc. American Depositary Shares,Real Estate,Other Consumer Services
VSAT,ViaSat Inc. Common Stock,Consumer Discretionary,Telecommunications Equipment
VSEC,VSE Corporation Common Stock,Consumer Discretionary,Military/Government/Technical
VSECU,VSE Corporation Tangible Equity Units,,
VSH,Vishay Intertechnology Inc. Common Stock,Technology,Electrical Products
VSME,VS Media Holdings Limited Class A Ordinary Shares,Consumer Discretionary,Advertising
VSNT,Versant Media Group Inc. Class A Common Stock,Industrials,Broadcasting
VST,Vistra Corp. Common Stock,Utilities,Electric Utilities: Central
VSTM,Verastem Inc. Common Stock,Health Care,Biotechnology: Pharmaceutical Preparations
VSTS,Vestis Corporation Common Stock,Consumer Discretionary,Consumer Specialties
VSXY,Victorias Secret & Co. Common Stock,Consumer Discretionary,Clothing/Shoe/Accessory Stores
VTAK,Catheter Precision Inc. Common Stock,Health Care,Medical/Dental Instruments
VTEX,VTEX Class A Common Shares,Technology,Computer Software: Prepackaged Software
VTGN,Vistagen Therapeutics Inc. Common Stock,Health Care,Biotechnology: Pharmaceutical Preparations
VTIX,Virtuix Holdings Inc. Class A Common Stock,Technology,Computer peripheral equipment
VTMX,Corporacion Inmobiliaria Vesta S.A.B de C.V. American Depositary Shares each representing ten (10) Common Shares,Finance,Real Estate
VTN,Invesco Trust for Investment Grade New York Municipals Common Stock,Finance,Finance Companies
VTOL,Bristow Group Inc. Common Stock,Consumer Discretionary,Transportation Services
VTR,Ventas Inc. Common Stock,Real Estate,Real Estate Investment Trusts
VTRS,Viatris Inc. Common Stock,Health Care,Biotechnology: Pharmaceutical Preparations
VTS,Vitesse Energy Inc. Common Stock,Energy,Oil & Gas Production
VTSI,VirTra Inc. Common Stock,Consumer Discretionary,Miscellaneous manufacturing industries
VTVT,vTv Therapeutics Inc. Class A Common Stock,Health Care,Biotechnology: Pharmaceutical Preparations
VUZI,Vuzix Corporation Common Stock,Technology,Radio And Television Broadcasting And Communications Equipment
VVOS,Vivos Therapeutics Inc. Common Stock,Health Care,Medical/Dental Instruments
VVR,Invesco Senior Income Trust Common Stock (DE),Finance,Trusts Except Educational Religious and Charitable
VVV,Valvoline Inc. Common Stock,Industrials,Major Chemicals
VVX,V2X Inc. Common Stock,Consumer Discretionary,Diversified Commercial Services
VWAV,VisionWave Holdings Inc. Common Stock,Technology,Computer Software: Prepackaged Software
VWAVW,VisionWave Holdings Inc. Warrant,Technology,Computer Software: Prepackaged Software
VYGR,Voyager Therapeutics Inc. Common Stock,Health Care,Biotechnology: Biological Products (No Diagnostic Substances)
VYX,NCR Voyix Corporation Common Stock,Miscellaneous,Office Equipment/Supplies/Services
VZ,Verizon Communications Inc. Common Stock,Telecommunications,Telecommunications Equipment
VZLA,Vizsla Silver Corp. Common Shares,Basic Materials,Precious Metals
W,Wayfair Inc. Class A Common Stock,Consumer Discretionary,Catalog/Specialty Distribution
WAB,Westinghouse Air Brake Technologies Corporation Common Stock,Industrials,Railroads
WABC,Westamerica Bancorporation Common Stock,Finance,Major Banks
WAFD,WaFd Inc. Common Stock,Finance,Major Banks
WAFDP,WaFd Inc. Depositary Shares,Finance,Major Banks
WAFU,Wah Fu Education Group Limited Ordinary Shares,Real Estate,Other Consumer Services
WAL,Western Alliance Bancorporation Common Stock (DE),Finance,Major Banks
WALD,Waldencast plc Class A Ordinary Share,Consumer Discretionary,Package Goods/Cosmetics
WALDW,Waldencast plc Warrant,Consumer Discretionary,Package Goods/Cosmetics
WASH,Washington Trust Bancorp Inc. Common Stock,Finance,Major Banks
WAT,Waters Corporation Common Stock,Industrials,Biotechnology: Laboratory Analytical Instruments
WATR,Air Water Ventures Limited Ordinary Shares,Consumer Staples,Beverages (Production/Distribution)
WATT,Energous Corporation Common Stock,Technology,Radio And Television Broadcasting And Communications Equipment
WAVE,Eco Wave Power Global AB (publ) American Depositary Shares,Utilities,Electric Utilities: Central
WAY,Waystar Holding Corp. Common Stock,Technology,EDP Services
WB,Weibo Corporation American Depositary Share,Technology,Computer Software: Programming Data Processing
WBD,Warner Bros. Discovery Inc. Series A Common Stock,Telecommunications,Cable & Other Pay Television Services
WBI,WaterBridge Infrastructure LLC Class A Shares Representing Limited Liability Company Interests,Energy,Oilfield Services/Equipment
WBTN,WEBTOON Entertainment Inc. Common stock,Consumer Discretionary,Publishing
WBUY,WEBUY GLOBAL LTD. Class A Ordinary Shares,Consumer Discretionary,Other Specialty Stores
WBX,Wallbox N.V. Class A Ordinary Shares,Consumer Discretionary,Industrial Specialties
WCC,WESCO International Inc. Common Stock,Consumer Discretionary,Telecommunications Equipment
WCCB,West Coast Community Bancorp Common Stock,Finance,Major Banks
WCN,Waste Connections Inc. Common Shares,Utilities,Environmental Services
WCT,Wellchange Holdings Company Limited Class A Ordinary shares,Technology,Computer Software: Prepackaged Software
WD,Walker & Dunlop Inc Common Stock,Finance,Finance: Consumer Services
WDAY,Workday Inc. Class A Common Stock,Technology,EDP Services
WDC,Western Digital Corporation Common Stock,Technology,Electronic Components
WDFC,WD-40 Company Common Stock,Industrials,Major Chemicals
WDH,Waterdrop Inc. American Depositary Shares (each representing the right to receive 10 Class A Ordinary Shares),Finance,Specialty Insurers
WDI,Western Asset Diversified Income Fund Common Shares of Beneficial Interest,Finance,Trusts Except Educational Religious and Charitable
WDS,Woodside Energy Group Limited American Depositary Shares each representing one Ordinary Share,Energy,Oil & Gas Production
WEA,Western Asset Bond Fund Share of Beneficial Interest,Finance,Trusts Except Educational Religious and Charitable
WEAV,Weave Communications Inc. Common Stock,Technology,Computer Software: Prepackaged Software
WEC,WEC Energy Group Inc. Common Stock,Utilities,Power Generation
WELL,Welltower Inc. Common Stock,Real Estate,Real Estate Investment Trusts
WEN,Wendy's Company (The) Common Stock,Consumer Discretionary,Restaurants
WENC,West Enclave Merger Corp. Ordinary Shares,Finance,Blank Checks
WENN,Wen Acquisition Corp Class A Ordinary Shares,,
WENNW,Wen Acquisition Corp Warrant,Finance,Blank Checks
WERN,Werner Enterprises Inc. Common Stock,Industrials,Trucking Freight/Courier Services
WES,Western Midstream Partners LP Common Units Representing Limited Partner Interests,Utilities,Natural Gas Distribution
WEST,Westrock Coffee Company Common Stock,Consumer Staples,Beverages (Production/Distribution)
WETH,Wetouch Technology Inc. Common Stock,Technology,Computer peripheral equipment
WETO,Wetour Robotics Limited Ordinary Shares,Industrials,Other Transportation
WEX,WEX Inc. common stock,Consumer Discretionary,Business Services
WEYS,Weyco Group Inc. Common Stock,Consumer Staples,Apparel
WF,Woori Financial Group Inc. American Depositary Shares (each representing three (3) shares of Common Stock),Finance,Commercial Banks
WFC,Wells Fargo & Company Common Stock,Finance,Major Banks
WFCF,Where Food Comes From Inc. Common Stock,Technology,Computer Software: Prepackaged Software
WFF,WF Holding Limited Ordinary Shares,Consumer Discretionary,Miscellaneous manufacturing industries
WFG,West Fraser Timber Co. Ltd Common stock,Basic Materials,Forest Products
WFRD,Weatherford International plc Ordinary Shares,Consumer Discretionary,Oil and Gas Field Machinery
WGO,Winnebago Industries Inc. Common Stock,Industrials,Homebuilding
WGS,GeneDx Holdings Corp. Class A Common Stock,Health Care,Medical/Nursing Services
WH,Wyndham Hotels & Resorts Inc. Common Stock,Consumer Discretionary,Hotels/Resorts
WHD,Cactus Inc. Class A Common Stock,Consumer Discretionary,Oil and Gas Field Machinery
WHF,WhiteHorse Finance Inc. Common Stock,Finance,Finance Companies
WHFCL,WhiteHorse Finance Inc. 7.875% Notes due 2028,,
WHG,Westwood Holdings Group Inc Common Stock,Finance,Investment Managers
WHK,WhiteHawk Minerals Corp Class A Common Stock,Energy,Oil & Gas Production
WHLR,Wheeler Real Estate Investment Trust Inc. Common Stock,Real Estate,Real Estate Investment Trusts
WHLRD,Wheeler Real Estate Investment Trust Inc. Series D Cumulative Preferred Stock,Real Estate,Real Estate Investment Trusts
WHLRL,Wheeler Real Estate Investment Trust Inc. 7.00% Senior Subordinated Convertible Notes Due 2031,Real Estate,Real Estate Investment Trusts
WHLRP,Wheeler Real Estate Investment Trust Inc. Class B Preferred Stock,Real Estate,Real Estate Investment Trusts
WHR,Whirlpool Corporation Common Stock,Consumer Discretionary,Consumer Electronics/Appliances
WHWK,Whitehawk Therapeutics Inc. Common Stock,Health Care,Biotechnology: Pharmaceutical Preparations
WIA,Western Asset Inflation-Linked Income Fund,Finance,Trusts Except Educational Religious and Charitable
WIMI,WiMi Hologram Cloud Inc. Class B Ordinary Shares,Technology,Computer Software: Prepackaged Software
WINA,Winmark Corporation Common Stock,Consumer Discretionary,Other Specialty Stores
WING,Wingstop Inc. Common Stock,Consumer Discretionary,Restaurants
WIT,Wipro Limited Common Stock,Technology,EDP Services
WIW,Western Asset Inflation-Linked Opportunities & Income Fund,Finance,Finance Companies
WIX,Wix.com Ltd. Ordinary Shares,Technology,Computer Software: Programming Data Processing
WK,Workiva Inc. Class A Common Stock,Technology,Computer Software: Prepackaged Software
WKC,World Kinect Corporation Common Stock,Energy,Oil Refining/Marketing
WKEY,WISeKey International Holding Ltd American Depositary Shares,Technology,EDP Services
WKHS,Workhorse Group Inc. Common Stock,Industrials,Auto Manufacturing
WKSP,Worksport Ltd. Common Stock,Consumer Discretionary,Auto Parts:O.E.M.
WLCO,Wilco 63 Corporation Class A Ordinary Shares,Finance,Blank Checks
WLDN,Willdan Group Inc. Common Stock,Consumer Discretionary,Military/Government/Technical
WLDS,Wearable Devices Ltd. Ordinary Share,Telecommunications,Computer Communications Equipment
WLDSW,Wearable Devices Ltd. Warrant,Telecommunications,Computer Communications Equipment
WLFC,Willis Lease Finance Corporation Common Stock,Consumer Discretionary,Industrial Specialties
WLII,Willow Lane Acquisition Corp. II Class A Ordinary Shares,Finance,Blank Checks
WLK,Westlake Corporation Common Stock,Industrials,Major Chemicals
WLKP,Westlake Chemical Partners LP Common Units representing limited partner interests,Industrials,Major Chemicals
WLTH,Wealthfront Corporation Common Stock,Finance,Finance: Consumer Services
WLY,John Wiley & Sons Inc. Common Stock,Consumer Discretionary,Books
WLYB,John Wiley & Sons Inc. Common Stock,Consumer Discretionary,Books
WM,Waste Management Inc. Common Stock,Utilities,Environmental Services
WMB,Williams Companies Inc. (The) Common Stock,Utilities,Natural Gas Distribution
WMG,Warner Music Group Corp. Class A Common Stock,Consumer Discretionary,Services-Misc. Amusement & Recreation
WMK,Weis Markets Inc. Common Stock,Consumer Staples,Food Chains
WMS,Advanced Drainage Systems Inc. Common Stock,Consumer Discretionary,Containers/Packaging
WMT,Walmart Inc. Common Stock,Consumer Discretionary,Department/Specialty Retail Stores
WNC,Wabash National Corporation Common Stock,Industrials,Construction/Ag Equipment/Trucks
WNEB,Western New England Bancorp Inc. Common Stock,Finance,Savings Institutions
WNW,Meiwu Technology Company Limited Ordinary Shares,Consumer Discretionary,Package Goods/Cosmetics
WOK,WORK Medical Technology Group LTD Class A Ordinary Shares,Health Care,Medical/Dental Instruments
WOLF,Wolfspeed Inc. Common Stock New,Technology,Semiconductors
WOOF,Petco Health and Wellness Company Inc. Class A Common Stock,Consumer Discretionary,Other Specialty Stores
WOR,Worthington Enterprises Inc. Common Shares,Industrials,Steel/Iron Ore
WPAC,White Pearl Acquisition Corp. Class A Ordinary Shares,Finance,Blank Checks
WPC,W. P. Carey Inc. REIT,Real Estate,Real Estate Investment Trusts
WPM,Wheaton Precious Metals Corp Common Shares (Canada),Basic Materials,Precious Metals
WPP,WPP plc American Depositary Shares,Consumer Discretionary,Advertising
WPRT,Westport Fuel Systems Inc Common Shares,Industrials,Industrial Machinery/Components
WRAP,Wrap Technologies Inc. Common Stock,Industrials,Ordnance And Accessories
WRB,W.R. Berkley Corporation Common Stock,Finance,Property-Casualty Insurers
WRBY,Warby Parker Inc. Class A Common Stock,Health Care,Ophthalmic Goods
WRD,WeRide Inc. American Depositary Shares,Technology,EDP Services
WRLD,World Acceptance Corporation Common Stock,Finance,Finance: Consumer Services
WRN,Western Copper and Gold Corporation Common Stock,Basic Materials,Metal Mining
WS,Worthington Steel Inc. Common Shares,Industrials,Steel/Iron Ore
WSBC,WesBanco Inc. Common Stock,Finance,Major Banks
WSBCO,WesBanco Inc. Depositary Shares each representing 1/40th interest in a share of 7.375% Fixed-Rate Reset Non-Cumulative Perpetual Preferred Stock Series B,Finance,Major Banks
WSBF,Waterstone Financial Inc. Common Stock (MD),Finance,Savings Institutions
WSBK,Winchester Bancorp Inc. Common Stock,Finance,Banks
WSC,WillScot Holdings Corporation Class A Common Stock,Industrials,Misc Corporate Leasing Services
WSE,Wise Group plc Class A Ordinary Shares,Industrials,Diversified Commercial Services
WSFS,WSFS Financial Corporation Common Stock,Finance,Major Banks
WSHP,WeShop Holdings Limited Class A Ordinary Shares,Consumer Discretionary,Other Specialty Stores
WSM,Williams-Sonoma Inc. Common Stock (DE),Consumer Discretionary,Home Furnishings
WSO,Watsco Inc. Common Stock,Consumer Discretionary,Industrial Machinery/Components
WSO-B,Watsco Inc.,,
WST,West Pharmaceutical Services Inc. Common Stock,Health Care,Medical/Dental Instruments
WSTN,Westin Acquisition Corp Class A Ordinary Share,Technology,EDP Services
WT,WisdomTree Inc. Common Stock,Finance,Investment Bankers/Brokers/Service
WTBA,West Bancorporation Common Stock,Finance,Major Banks
WTF,Waton Financial Limited Ordinary Shares,Finance,Investment Bankers/Brokers/Service
WTFC,Wintrust Financial Corporation Common Stock,Finance,Major Banks
WTFCN,Wintrust Financial Corporation Depositary Shares Each Representing a 1/1000th Interest in a Share of 7.875% Fixed-Rate Reset Non-Cumulative Perpetual Preferred StocK,Finance,Major Banks
WTG,Wintergreen Acquisition Corp. Ordinary Shares,Finance,Blank Checks
WTGUR,Wintergreen Acquisition Corp. Rights,Finance,Blank Checks
WTGUU,Wintergreen Acquisition Corp. Unit,,
WTI,W&T Offshore Inc. Common Stock,Energy,Oil & Gas Production
WTM,White Mountains Insurance Group Ltd. Common Stock,Finance,Property-Casualty Insurers
WTRG,Essential Utilities Inc. Common Stock,Utilities,Water Supply
WTS,Watts Water Technologies Inc. Class A Common Stock,Industrials,Metal Fabrications
WTTR,Select Water Solutions Inc. Class A common stock,Energy,Oilfield Services/Equipment
WTW,Willis Towers Watson Public Limited Company Ordinary Shares,Finance,Specialty Insurers
WU,Western Union Company (The) Common Stock,Consumer Discretionary,Business Services
WULF,TeraWulf Inc. Common Stock,Finance,Finance: Consumer Services
WVE,Wave Life Sciences Inc. Common Stock,Health Care,Biotechnology: Pharmaceutical Preparations
WVVI,Willamette Valley Vineyards Inc. Common Stock,Consumer Staples,Beverages (Production/Distribution)
WVVIP,Willamette Valley Vineyards Inc. Series A Redeemable Preferred Stock,Consumer Staples,Beverages (Production/Distribution)
WW,WW International Inc.  Common Stock,Consumer Discretionary,Other Consumer Services
WWD,Woodward Inc. Common Stock,Energy,Industrial Machinery/Components
WWR,Westwater Resources Inc. Common Stock,Basic Materials,Metal Mining
WWW,Wolverine World Wide Inc. Common Stock,Consumer Discretionary,Shoe Manufacturing
WXM,WF International Limited Ordinary Shares,Consumer Discretionary,Engineering & Construction
WY,Weyerhaeuser Company Common Stock,Real Estate,Real Estate Investment Trusts
WYFI,WhiteFiber Inc. Ordinary Shares,Finance,Finance: Consumer Services
WYHG,Wing Yip Food Holdings Group Limited American Depositary Shares,Consumer Staples,Specialty Foods
WYNN,Wynn Resorts Limited Common stock,Consumer Discretionary,Hotels/Resorts
WYY,WidePoint Corporation Common Stock,Technology,EDP Services
XAIR,Beyond Air Inc. Common Stock,Health Care,Medical/Dental Instruments
XBIO,Xenetic Biosciences Inc. Common Stock,Health Care,Biotechnology: Pharmaceutical Preparations
XBIT,XBiotech Inc. Common Stock,Health Care,Biotechnology: Pharmaceutical Preparations
XBP,XBP Global Holdings Inc. Common Stock,Technology,EDP Services
XBPEW,XBP Europe Holdings Inc. Warrant,Technology,EDP Services
XCBE,X3 Acquisition Corp. Ltd. Class A Ordinary Shares,,
XCH,XCHG Limited American Depositary Share,Miscellaneous,Industrial Machinery/Components
XCUR,Exicure Inc. Common Stock,Health Care,Biotechnology: Pharmaceutical Preparations
XE,X-Energy Inc. Class A Common Stock,Industrials,Metal Fabrications
XEL,Xcel Energy Inc. Common Stock,Utilities,Power Generation
XELB,Xcel Brands Inc. Common Stock,Miscellaneous,Multi-Sector Companies
XELLL,Xcel Energy Inc. 6.25% Junior Subordinated Notes Series due 2085,Utilities,Power Generation
XENE,Xenon Pharmaceuticals Inc. Common Shares,Health Care,Biotechnology: Pharmaceutical Preparations
XERS,Xeris Biopharma Holdings Inc. Common Stock,Health Care,Biotechnology: Pharmaceutical Preparations
XFLH,XFLH Capital Corporation Ordinary Shares,Finance,Blank Checks
XFLT,XAI Floating Rate & Alternative Income Trust Common Shares of Beneficial Interest,Finance,Investment Managers
XFOR,X4 Pharmaceuticals Inc. Common Stock,Health Care,Biotechnology: Biological Products (No Diagnostic Substances)
XGN,Exagen Inc. Common Stock,Health Care,Medical Specialities
XHG,XChange TEC.INC American Depositary Shares,Finance,Specialty Insurers
XHLD,TEN Holdings Inc. Common Stock,Consumer Discretionary,Business Services
XHR,Xenia Hotels & Resorts Inc. Common Stock,Consumer Discretionary,Hotels/Resorts
XIFR,XPLR Infrastructure LP Common Units representing limited partner interests,Utilities,Electric Utilities: Central
XIIIU,Churchill Capital Corp XIII Units,,
XLAB,Exascale Labs Holdings Inc. Class A Common Stock,Technology,Computer Software: Prepackaged Software
XLABW,Exascale Labs Holdings Inc. Warrant,Technology,Computer Software: Prepackaged Software
XLO,Xilio Therapeutics Inc. Common Stock,Health Care,Biotechnology: Pharmaceutical Preparations
XMAX,XMAX Inc. Common Stock,Consumer Discretionary,Home Furnishings
XMTR,Xometry Inc. Class A Common Stock,Consumer Discretionary,Business Services
XNCR,Xencor Inc. Common Stock,Health Care,Biotechnology: Pharmaceutical Preparations
XNDU,Xanadu Quantum Technologies Limited Class B Subordinate Voting Shares,Technology,Computer Manufacturing
XNET,Xunlei Limited American Depositary Shares,Technology,Computer Software: Prepackaged Software
XOM,ExxonMobil Holdings Corporation Common Stock,Energy,Integrated oil Companies
XOS,Xos Inc. Common Stock,Consumer Discretionary,Auto Parts:O.E.M.
XP,XP Inc. Class A Common Stock,Finance,Investment Bankers/Brokers/Service
XPEL,XPEL Inc. Common Stock,Industrials,Industrial Specialties
XPER,Xperi Inc. Common Stock,Technology,Computer Software: Prepackaged Software
XPEV,XPeng Inc. American depositary shares each representing two Class A ordinary shares,Industrials,Auto Manufacturing
XPL,Solitario Resources Corp. Common Stock,Basic Materials,Precious Metals
XPO,XPO Inc. Common Stock,Consumer Discretionary,Transportation Services
XPOF,Xponential Fitness Inc. Class A Common Stock,Consumer Discretionary,Services-Misc. Amusement & Recreation
XPON,Expion Energy Inc. Common Stock,Miscellaneous,Industrial Machinery/Components
XPRO,Expro Ltd Ordinary Shares,Energy,Oilfield Services/Equipment
XRAY,DENTSPLY SIRONA Inc. Common Stock,Health Care,Medical/Dental Instruments
XRN,Chiron Real Estate Inc. Common Stock,Real Estate,Real Estate Investment Trusts
XRPN,Armada Acquisition Corp. II Class A Ordinary Shares,Finance,Blank Checks
XRPNU,Armada Acquisition Corp. II Units,Finance,Blank Checks
XRPNW,Armada Acquisition Corp. II Warrant,Finance,Blank Checks
XRTX,XORTX Therapeutics Inc. Common Shares,Health Care,Biotechnology: Pharmaceutical Preparations
XRX,Xerox Holdings Corporation Common Stock,Technology,Computer peripheral equipment
XRXDW,Xerox Holdings Corporation Warrants,Technology,Computer peripheral equipment
XSLL,Xsolla SPAC 1 Class A Ordinary Shares,Finance,Blank Checks
XSLLU,Xsolla SPAC 1 Units,Finance,Blank Checks
XSLLW,Xsolla SPAC 1 Warrants,Finance,Blank Checks
XTER,Karman Line Acquisition Corp. Class A Ordinary Shares,Finance,Blank Checks
XTERU,Karman Line Acquisition Corp. Units,,
XTERW,Karman Line Acquisition Corp. Warrants,Finance,Blank Checks
XTIA,XTI Aerospace Inc. Common Stock,Technology,EDP Services
XTLB,XTL Biopharmaceuticals Ltd. American Depositary Shares,Health Care,Biotechnology: Pharmaceutical Preparations
XTND,Xtend AI Robotics Inc. Common Stock,Industrials,Military/Government/Technical
XTNT,Xtant Medical Holdings Inc. Common Stock,Health Care,Medical/Dental Instruments
XWEL,XWELL Inc. Common Stock,Consumer Discretionary,Other Consumer Services
XXI,Twenty One Capital Inc. Class A Common Stock,Finance,Finance: Consumer Services
XXII,22nd Century Group Inc. Common Stock,Health Care,Medicinal Chemicals and Botanical Products
XYF,X Financial American Depositary Shares each representing six Class A Ordinary Shares,Finance,Finance: Consumer Services
XYL,Xylem Inc. Common Stock New,Industrials,Fluid Controls
XYZ,Block Inc. Class A Common Stock,Technology,Computer Software: Prepackaged Software
XZO,Exzeo Group Inc. Common Stock,Technology,Computer Software: Prepackaged Software
YAAS,Youxin Technology Ltd Class A Ordinary shares,Technology,Computer Software: Prepackaged Software
YALA,Yalla Group Limited American Depositary Shares each representing one Class A Ordinary Share,Technology,Computer Software: Programming Data Processing
YARW,Yarrow Bioscience Inc. Common Stock,Health Care,Biotechnology: Pharmaceutical Preparations
YB,Yuanbao Inc. American Depositary Shares,Finance,Specialty Insurers
YCBD,cbdMD Inc. Common Stock,Consumer Discretionary,Package Goods/Cosmetics
YCY,AA Mission Acquisition Corp. II Class A Ordinary Shares,,
YDDL,One and One Green Technologies. Inc Class A Ordinary Shares,Consumer Discretionary,Industrial Specialties
YDES,YD Bio Limited Ordinary Shares,Health Care,Medical Specialities
YDESW,YD Bio Limited Warrants,Health Care,Medical Specialities
YDKG,Yueda Digital Holding Class A Ordinary Share,Consumer Discretionary,Advertising
YELP,Yelp Inc. Common Stock,Consumer Discretionary,Other Consumer Services
YETI,YETI Holdings Inc. Common Stock,Consumer Discretionary,Recreational Games/Products/Toys
YEXT,Yext Inc. Common Stock,Technology,EDP Services
YFOR,YYForce Inc. Class A Ordinary Shares,Consumer Discretionary,Professional Services
YHC,LQR House Inc. Common Stock,Consumer Staples,Beverages (Production/Distribution)
YHGJ,Yunhong Green CTI Ltd. Common Stock,Industrials,Specialty Chemicals
YHNA,YHN Acquisition I Limited Ordinary Shares,,
YHNAR,YHN Acquisition I Limited Right,,
YHNAU,YHN Acquisition I Limited Unit,,
YI,111 Inc. American Depositary Shares,Consumer Staples,Retail-Drug Stores and Proprietary Stores
YIBO,Planet Image International Limited Class A Ordinary Shares,Technology,Computer peripheral equipment
YICC,Yorkville International Capital Corp. Class A Ordinary Shares,Finance,Blank Checks
YICCU,Yorkville International Capital Corp. Units,Finance,Blank Checks
YICCW,Yorkville International Capital Corp. Warrants,Finance,Blank Checks
YJ,Yunji Inc. American Depository Shares,Consumer Discretionary,Other Specialty Stores
YMAT,J-Star Holding Co. Ltd. Class A Ordinary Shares,Consumer Discretionary,Recreational Games/Products/Toys
YMM,Full Truck Alliance Co. Ltd. American Depositary Shares (each representing 20 Class A Ordinary Shares),Technology,Computer Software: Prepackaged Software
YMT,Yimutian Inc. American Depositary Shares,Technology,EDP Services
YORW,York Water Company (The) Common Stock,Utilities,Water Supply
YOU,Clear Secure Inc. Class A Common Stock,Technology,Computer Software: Prepackaged Software
YOUL,Youlife Group Inc. American Depositary Shares,Real Estate,Other Consumer Services
YPF,YPF Sociedad Anonima American Depositary Shares,Energy,Integrated oil Companies
YQ,17 Education & Technology Group Inc. American Depositary Shares,Real Estate,Other Consumer Services
YRD,Yiren Digital Ltd. American Depositary Shares each representing two ordinary shares,Finance,Finance: Consumer Services
YSG,Yatsen Holding Limited American Depositary Shares each representing twenty (20) Class A Ordinary Shares,Consumer Discretionary,Package Goods/Cosmetics
YSS,York Space Systems Inc. Common Stock,Industrials,Military/Government/Technical
YSWY,Yesway Inc. Class A Common Stock,Consumer Staples,Food Chains
YSXT,YSX Tech. Co. Ltd Class A Ordinary Shares,Consumer Discretionary,Automotive Aftermarket
YTRA,Yatra Online Inc. Ordinary Shares,Consumer Discretionary,Transportation Services
YUM,Yum! Brands Inc.,Consumer Discretionary,Restaurants
YUMC,Yum China Holdings Inc. Common Stock,Consumer Discretionary,Restaurants
YXT,YXT.COM GROUP HOLDING LIMITED American Depository Shares,Technology,Computer Software: Prepackaged Software
YYAI,AiRWA Inc. Common Stock,Technology,Computer Software: Programming Data Processing
Z,Zillow Group Inc. Class C Capital Stock,Consumer Discretionary,Business Services
ZBAO,Zhibao Technology Inc. Class A Ordinary Shares,Finance,Specialty Insurers
ZBH,Zimmer Biomet Holdings Inc. Common Stock,Health Care,Industrial Specialties
ZBIO,Zenas BioPharma Inc. Common Stock,Health Care,Biotechnology: Pharmaceutical Preparations
ZBRA,Zebra Technologies Corporation Class A Common Stock,Industrials,Industrial Machinery/Components
ZCMD,Zhongchao Inc. Class A Ordinary Shares,Real Estate,Other Consumer Services
ZD,Ziff Davis Inc. Common Stock,Telecommunications,Telecommunications Equipment
ZDAI,DirectBooking Technology Co. Ltd. Class A Ordinary Shares,Consumer Discretionary,General Bldg Contractors - Nonresidential Bldgs
ZDGE,Zedge Inc. Class B Common Stock,Technology,Computer Software: Prepackaged Software
ZENA,ZenaTech Inc. Common Stock,Technology,Computer Software: Prepackaged Software
ZEO,Zeo Energy Corporation Class A Common Stock,Miscellaneous,Industrial Machinery/Components
ZEOWW,Zeo Energy Corporation Warrants,Miscellaneous,Industrial Machinery/Components
ZEPP,Zepp Health Corporation American depositary shares each representing sixteen Class A ordinary shares,Technology,Computer Manufacturing
ZETA,Zeta Global Holdings Corp. Class A Common Stock,Technology,Computer Software: Prepackaged Software
ZG,Zillow Group Inc. Class A Common Stock,Consumer Discretionary,Business Services
ZGN,Ermenegildo Zegna N.V. Ordinary Shares,Consumer Discretionary,Apparel
ZH,Zhihu Inc. American Depositary Shares each representing three (3) Class A Ordinary Shares,Consumer Discretionary,Business Services
ZIM,ZIM Integrated Shipping Services Ltd. Ordinary Shares,Consumer Discretionary,Marine Transportation
ZION,Zions Bancorporation N.A. Common Stock,Finance,Major Banks
ZIONP,Zions Bancorporation N.A. Depositary Shares (Each representing 1/40th Interest in a Share of Series A Floating-Rate Non-Cumulative Perpetual Preferred Stock),Finance,Major Banks
ZIP,ZipRecruiter Inc. Class A Common Stock,Technology,Computer Software: Programming Data Processing
ZJK,ZJK Industrial Co. Ltd. Class A Ordinary Shares,Industrials,Metal Fabrications
ZJYL,JIN MEDICAL INTERNATIONAL LTD. Class A Ordinary Shares,Health Care,Industrial Specialties
ZKH,ZKH Group Limited American Depositary Shares each representing thirty-five (35) Class A Ordinary Shares,Consumer Discretionary,RETAIL: Building Materials
ZKIN,ZK International Group Co. Ltd Ordinary Share,Industrials,Metal Fabrications
ZKP,Lafayette Digital Acquisition Corp. I Class A Ordinary Shares,Finance,Blank Checks
ZKPU,Lafayette Digital Acquisition Corp. I Unit,Finance,Blank Checks
ZKPW,Lafayette Digital Acquisition Corp. I Warrant,Finance,Blank Checks
ZLAB,Zai Lab Limited American Depositary Shares,Health Care,Biotechnology: Pharmaceutical Preparations
ZM,Zoom Communications Inc. Class A Common Stock,Technology,Computer Software: Programming Data Processing
ZNB,Zeta Network Group Class A Ordinary Shares,Real Estate,Other Consumer Services
ZNTL,Zentalis Pharmaceuticals Inc. Common Stock,Health Care,Biotechnology: Pharmaceutical Preparations
ZONE,Zone Frontier Inc. Class B Common Stock,Consumer Discretionary,Specialty Chemicals
ZOOZ,ZOOZ Strategy Ltd. Ordinary Shares,Technology,Industrial Machinery/Components
ZS,Zscaler Inc. Common Stock,Technology,EDP Services
ZSQR,Z Squared Inc. Common Stock,Finance,Finance: Consumer Services
ZSTK,ZeroStack Corp. Common Stock,Health Care,Other Pharmaceuticals
ZTG,Zenta Group Company Limited Class A Ordinary Shares,Consumer Discretionary,Professional Services
ZTO,ZTO Express (Cayman) Inc. American Depositary Shares each representing one Class A ordinary share.,Industrials,Trucking Freight/Courier Services
ZTR,Virtus Total Return Fund Inc.,Finance,Investment Managers
ZTS,Zoetis Inc. Class A Common Stock,Health Care,Biotechnology: Pharmaceutical Preparations
ZUMZ,Zumiez Inc. Common Stock,Consumer Discretionary,Clothing/Shoe/Accessory Stores
ZURA,Zura Bio Limited Class A Ordinary Shares,Health Care,Biotechnology: Biological Products (No Diagnostic Substances)
ZVIA,Zevia PBC Class A Common Stock,Consumer Staples,Beverages (Production/Distribution)
ZVRA,Zevra Therapeutics Inc. Common Stock,Health Care,Biotechnology: Pharmaceutical Preparations
ZWS,Zurn Elkay Water Solutions Corporation Common Stock,Industrials,Industrial Machinery/Components
ZYBT,Zhengye Biotechnology Holding Limited Class A Ordinary Shares,Health Care,Biotechnology: Pharmaceutical Preparations
ZYME,Zymeworks Inc. Common Stock,Health Care,Biotechnology: Pharmaceutical Preparations
